{"type":"FeatureCollection","features":[{"type":"Feature","properties":{"addr":"8 DODGE ST","units":4,"stories":2.5,"mbta":false,"lot_sf":16857,"req_lot_sf":16000,"frontage_ft":188.0,"req_frontage_ft":65,"req_front_ft":20,"req_side_ft":10,"req_rear_ft":20,"over_unit_cap":false,"corner":false,"t_area":"meets","t_frontage":"meets","front_ft":62.3,"side_ft":2.5,"rear_ft":25.3,"t_front":"meets","t_side":"short","t_rear":"meets","n_short":1,"measured":true},"geometry":{"type":"Polygon","coordinates":[[[-70.893444,42.573188],[-70.892991,42.573098],[-70.893171,42.572641],[-70.893188,42.572589],[-70.893271,42.572599],[-70.89329,42.572653],[-70.893342,42.572805],[-70.893404,42.572979],[-70.893477,42.57306],[-70.893595,42.573187],[-70.893629,42.573224],[-70.893444,42.573188]]]}},{"type":"Feature","properties":{"addr":"7 ELLINGWOOD CT","units":3,"stories":2.5,"mbta":true,"lot_sf":5572,"req_lot_sf":8000,"frontage_ft":null,"req_frontage_ft":65,"req_front_ft":20,"req_side_ft":10,"req_rear_ft":20,"over_unit_cap":false,"corner":false,"t_area":"short","t_frontage":null,"front_ft":null,"side_ft":null,"rear_ft":null,"t_front":null,"t_side":null,"t_rear":null,"n_short":1,"measured":false},"geometry":{"type":"Polygon","coordinates":[[[-70.886828,42.541793],[-70.886812,42.541646],[-70.886801,42.541516],[-70.886811,42.541517],[-70.886986,42.541522],[-70.886997,42.541842],[-70.886832,42.541845],[-70.886828,42.541793]]]}},{"type":"Feature","properties":{"addr":"12 SUMMIT AVE","units":23,"stories":2.0,"mbta":true,"lot_sf":23488,"req_lot_sf":8000,"frontage_ft":126.9,"req_frontage_ft":65,"req_front_ft":20,"req_side_ft":10,"req_rear_ft":20,"over_unit_cap":true,"corner":false,"t_area":"meets","t_frontage":"meets","front_ft":13.5,"side_ft":37.9,"rear_ft":18.1,"t_front":"short","t_side":"meets","t_rear":"close","n_short":1,"measured":true},"geometry":{"type":"Polygon","coordinates":[[[-70.886658,42.542185],[-70.886599,42.542184],[-70.886595,42.542157],[-70.886545,42.54216],[-70.886543,42.542152],[-70.88634,42.542158],[-70.886336,42.542061],[-70.886326,42.541823],[-70.886324,42.541797],[-70.886828,42.541793],[-70.886832,42.541845],[-70.886997,42.541842],[-70.886996,42.541844],[-70.886952,42.54209],[-70.886914,42.542091],[-70.886869,42.542226],[-70.886659,42.542242],[-70.886658,42.542185]]]}},{"type":"Feature","properties":{"addr":"14 SUMMIT AVE","units":4,"stories":2.0,"mbta":true,"lot_sf":11772,"req_lot_sf":8000,"frontage_ft":95.5,"req_frontage_ft":65,"req_front_ft":20,"req_side_ft":10,"req_rear_ft":20,"over_unit_cap":false,"corner":false,"t_area":"meets","t_frontage":"meets","front_ft":20.7,"side_ft":2.3,"rear_ft":18.1,"t_front":"meets","t_side":"short","t_rear":"close","n_short":1,"measured":true},"geometry":{"type":"Polygon","coordinates":[[[-70.88634,42.542158],[-70.886543,42.542152],[-70.886545,42.54216],[-70.886595,42.542157],[-70.886599,42.542184],[-70.886658,42.542185],[-70.886659,42.542242],[-70.886869,42.542226],[-70.886846,42.542293],[-70.886792,42.542436],[-70.886352,42.542434],[-70.88634,42.542158]]]}},{"type":"Feature","properties":{"addr":"18 SUMMIT AVE","units":4,"stories":3.0,"mbta":true,"lot_sf":9392,"req_lot_sf":8000,"frontage_ft":81.4,"req_frontage_ft":65,"req_front_ft":20,"req_side_ft":10,"req_rear_ft":20,"over_unit_cap":false,"corner":false,"t_area":"meets","t_frontage":"meets","front_ft":40.1,"side_ft":7.6,"rear_ft":22.1,"t_front":"meets","t_side":"close","t_rear":"meets","n_short":0,"measured":true},"geometry":{"type":"Polygon","coordinates":[[[-70.886352,42.54267],[-70.886352,42.542434],[-70.886792,42.542436],[-70.886698,42.542684],[-70.886352,42.54267]]]}},{"type":"Feature","properties":{"addr":"20 SUMMIT AVE","units":1,"stories":2.0,"mbta":true,"lot_sf":8247,"req_lot_sf":8000,"frontage_ft":101.9,"req_frontage_ft":65,"req_front_ft":20,"req_side_ft":10,"req_rear_ft":20,"over_unit_cap":false,"corner":false,"t_area":"meets","t_frontage":"meets","front_ft":3.9,"side_ft":36.4,"rear_ft":28.4,"t_front":"short","t_side":"meets","t_rear":"meets","n_short":1,"measured":true},"geometry":{"type":"Polygon","coordinates":[[[-70.886362,42.542963],[-70.886352,42.54267],[-70.886698,42.542684],[-70.886592,42.542969],[-70.886362,42.542963]]]}},{"type":"Feature","properties":{"addr":"3 SUMMIT AVE","units":1,"stories":1.0,"mbta":true,"lot_sf":14119,"req_lot_sf":8000,"frontage_ft":95.0,"req_frontage_ft":65,"req_front_ft":20,"req_side_ft":10,"req_rear_ft":20,"over_unit_cap":false,"corner":false,"t_area":"meets","t_frontage":"meets","front_ft":67.5,"side_ft":18.2,"rear_ft":21.2,"t_front":"meets","t_side":"meets","t_rear":"meets","n_short":0,"measured":true},"geometry":{"type":"Polygon","coordinates":[[[-70.886314,42.541523],[-70.886693,42.541495],[-70.886786,42.541488],[-70.886812,42.541487],[-70.886811,42.541517],[-70.886801,42.541516],[-70.886812,42.541646],[-70.886828,42.541793],[-70.886324,42.541797],[-70.886319,42.541665],[-70.886314,42.541523]]]}},{"type":"Feature","properties":{"addr":"20 SCHOOL ST","units":1,"stories":1.75,"mbta":true,"lot_sf":7829,"req_lot_sf":8000,"frontage_ft":64.9,"req_frontage_ft":65,"req_front_ft":20,"req_side_ft":10,"req_rear_ft":20,"over_unit_cap":false,"corner":false,"t_area":"close","t_frontage":"close","front_ft":27.2,"side_ft":12.9,"rear_ft":25.4,"t_front":"meets","t_side":"meets","t_rear":"meets","n_short":0,"measured":true},"geometry":{"type":"Polygon","coordinates":[[[-70.886196,42.543352],[-70.886226,42.543096],[-70.886553,42.54308],[-70.886443,42.543374],[-70.886402,42.543375],[-70.886196,42.543352]]]}},{"type":"Feature","properties":{"addr":"9 TOZER RD","units":228,"stories":2.0,"mbta":false,"lot_sf":580865,"req_lot_sf":912000,"frontage_ft":926.9,"req_frontage_ft":65,"req_front_ft":20,"req_side_ft":10,"req_rear_ft":20,"over_unit_cap":false,"corner":true,"t_area":"short","t_frontage":"meets","front_ft":156.6,"side_ft":24.7,"rear_ft":105.7,"t_front":"meets","t_side":"meets","t_rear":"meets","n_short":1,"measured":true},"geometry":{"type":"MultiPolygon","coordinates":[[[[-70.885635,42.577736],[-70.885646,42.577732],[-70.885656,42.577728],[-70.885667,42.577724],[-70.885678,42.57772],[-70.885688,42.577717],[-70.885699,42.577713],[-70.88571,42.57771],[-70.885721,42.577707],[-70.885733,42.577704],[-70.885744,42.577701],[-70.885755,42.577698],[-70.885766,42.577696],[-70.885778,42.577693],[-70.885789,42.577691],[-70.885801,42.577689],[-70.885812,42.577687],[-70.885824,42.577685],[-70.885836,42.577683],[-70.885847,42.577682],[-70.885859,42.57768],[-70.885894,42.577737],[-70.886427,42.577565],[-70.886394,42.577506],[-70.886401,42.577503],[-70.886408,42.5775],[-70.886415,42.577497],[-70.886422,42.577494],[-70.886428,42.57749],[-70.886435,42.577487],[-70.886442,42.577483],[-70.886448,42.57748],[-70.886454,42.577476],[-70.886461,42.577472],[-70.886467,42.577468],[-70.886473,42.577464],[-70.886479,42.57746],[-70.886485,42.577456],[-70.886491,42.577452],[-70.886496,42.577448],[-70.886502,42.577444],[-70.886508,42.577439],[-70.886513,42.577435],[-70.886518,42.57743],[-70.886523,42.577426],[-70.886529,42.577421],[-70.886534,42.577416],[-70.886538,42.577411],[-70.886543,42.577407],[-70.886548,42.577402],[-70.886552,42.577397],[-70.886557,42.577392],[-70.886561,42.577387],[-70.886565,42.577381],[-70.886569,42.577376],[-70.886573,42.577371],[-70.886577,42.577366],[-70.886581,42.57736],[-70.886584,42.577355],[-70.886588,42.57735],[-70.886591,42.577344],[-70.886594,42.577339],[-70.886597,42.577333],[-70.8866,42.577327],[-70.886603,42.577322],[-70.886605,42.577316],[-70.886608,42.57731],[-70.88661,42.577305],[-70.886612,42.577299],[-70.886614,42.577293],[-70.886616,42.577287],[-70.886618,42.577282],[-70.88662,42.577276],[-70.886621,42.57727],[-70.886623,42.577264],[-70.886624,42.577258],[-70.886625,42.577252],[-70.886626,42.577246],[-70.886627,42.57724],[-70.886628,42.577234],[-70.886628,42.577228],[-70.886629,42.577222],[-70.886629,42.577216],[-70.886629,42.57721],[-70.886629,42.577204],[-70.886629,42.577198],[-70.886629,42.577192],[-70.886628,42.577182],[-70.886715,42.577176],[-70.886715,42.577169],[-70.886714,42.577162],[-70.886713,42.577155],[-70.886712,42.577148],[-70.88671,42.577141],[-70.886709,42.577134],[-70.886707,42.577127],[-70.886705,42.57712],[-70.886703,42.577113],[-70.886701,42.577106],[-70.886699,42.5771],[-70.886696,42.577093],[-70.886694,42.577086],[-70.886691,42.577079],[-70.886688,42.577073],[-70.886685,42.577066],[-70.886682,42.577059],[-70.886678,42.577053],[-70.886675,42.577046],[-70.886671,42.57704],[-70.886667,42.577033],[-70.886663,42.577027],[-70.886659,42.577021],[-70.886654,42.577014],[-70.88665,42.577008],[-70.886645,42.577002],[-70.886641,42.576996],[-70.886636,42.57699],[-70.886631,42.576984],[-70.886625,42.576978],[-70.88662,42.576972],[-70.886615,42.576966],[-70.886609,42.57696],[-70.886603,42.576955],[-70.886597,42.576949],[-70.886591,42.576944],[-70.886585,42.576938],[-70.886579,42.576933],[-70.886573,42.576928],[-70.886566,42.576923],[-70.886559,42.576918],[-70.886553,42.576913],[-70.886546,42.576908],[-70.886539,42.576903],[-70.886532,42.576898],[-70.886525,42.576894],[-70.886511,42.576885],[-70.886451,42.576935],[-70.886447,42.576933],[-70.886445,42.576931],[-70.886442,42.57693],[-70.88644,42.576928],[-70.886437,42.576926],[-70.886435,42.576924],[-70.886432,42.576922],[-70.88643,42.57692],[-70.886428,42.576918],[-70.886426,42.576917],[-70.886424,42.576915],[-70.886421,42.576913],[-70.886419,42.576911],[-70.886417,42.576908],[-70.886415,42.576906],[-70.886414,42.576904],[-70.886412,42.576902],[-70.88641,42.5769],[-70.886408,42.576898],[-70.886406,42.576896],[-70.886405,42.576893],[-70.886403,42.576891],[-70.886402,42.576889],[-70.8864,42.576887],[-70.886399,42.576884],[-70.886397,42.576882],[-70.886396,42.57688],[-70.886395,42.576877],[-70.886394,42.576875],[-70.886392,42.576872],[-70.886391,42.57687],[-70.88639,42.576868],[-70.886389,42.576865],[-70.886388,42.576863],[-70.886387,42.57686],[-70.886387,42.576858],[-70.886386,42.576855],[-70.886385,42.576853],[-70.886385,42.57685],[-70.886384,42.576848],[-70.886383,42.576845],[-70.886383,42.576843],[-70.886383,42.57684],[-70.886382,42.576838],[-70.886382,42.576835],[-70.886382,42.576833],[-70.886382,42.57683],[-70.886382,42.576828],[-70.886381,42.576825],[-70.886381,42.576822],[-70.886382,42.57682],[-70.886382,42.576817],[-70.886382,42.576815],[-70.886382,42.576812],[-70.886382,42.57681],[-70.886383,42.576807],[-70.886383,42.576805],[-70.886384,42.576802],[-70.886384,42.5768],[-70.886385,42.576797],[-70.886386,42.576795],[-70.886386,42.576792],[-70.886387,42.57679],[-70.886388,42.576787],[-70.886389,42.576785],[-70.88639,42.576782],[-70.886391,42.57678],[-70.886392,42.576778],[-70.886393,42.576775],[-70.886394,42.576773],[-70.88649,42.576604],[-70.886599,42.576606],[-70.886746,42.576347],[-70.886622,42.576343],[-70.886622,42.57634],[-70.886623,42.576336],[-70.886623,42.576332],[-70.886624,42.576329],[-70.886624,42.576325],[-70.886624,42.576321],[-70.886624,42.576317],[-70.886624,42.576314],[-70.886624,42.57631],[-70.886624,42.576306],[-70.886623,42.576303],[-70.886623,42.576299],[-70.886622,42.576295],[-70.886622,42.576292],[-70.886621,42.576288],[-70.88662,42.576284],[-70.88662,42.576281],[-70.886619,42.576277],[-70.886618,42.576273],[-70.886617,42.57627],[-70.886615,42.576266],[-70.886614,42.576262],[-70.886613,42.576259],[-70.886611,42.576255],[-70.88661,42.576252],[-70.886608,42.576248],[-70.886607,42.576245],[-70.886605,42.576241],[-70.886603,42.576238],[-70.886601,42.576234],[-70.886599,42.576231],[-70.886597,42.576228],[-70.886595,42.576224],[-70.886593,42.576221],[-70.88659,42.576218],[-70.886588,42.576214],[-70.886586,42.576211],[-70.886583,42.576208],[-70.88658,42.576205],[-70.886578,42.576202],[-70.886575,42.576199],[-70.886572,42.576196],[-70.886569,42.576192],[-70.886566,42.57619],[-70.886563,42.576187],[-70.88656,42.576184],[-70.886557,42.576181],[-70.886554,42.576178],[-70.88655,42.576175],[-70.886547,42.576172],[-70.886543,42.57617],[-70.88654,42.576167],[-70.886536,42.576165],[-70.886533,42.576162],[-70.886529,42.576159],[-70.886525,42.576157],[-70.886521,42.576155],[-70.886518,42.576152],[-70.886514,42.57615],[-70.88651,42.576148],[-70.886506,42.576145],[-70.886502,42.576143],[-70.886497,42.576141],[-70.886493,42.576139],[-70.886489,42.576137],[-70.886485,42.576135],[-70.88648,42.576133],[-70.886476,42.576131],[-70.886472,42.57613],[-70.886467,42.576128],[-70.886463,42.576126],[-70.886458,42.576125],[-70.886454,42.576123],[-70.886448,42.576121],[-70.886489,42.576046],[-70.886483,42.576044],[-70.886476,42.576043],[-70.88647,42.576041],[-70.886463,42.576039],[-70.886457,42.576038],[-70.88645,42.576036],[-70.886444,42.576035],[-70.886437,42.576034],[-70.88643,42.576033],[-70.886424,42.576032],[-70.886417,42.576031],[-70.88641,42.57603],[-70.886404,42.576029],[-70.886397,42.576028],[-70.88639,42.576027],[-70.886383,42.576027],[-70.886376,42.576026],[-70.88637,42.576026],[-70.886363,42.576026],[-70.886356,42.576025],[-70.886349,42.576025],[-70.886342,42.576025],[-70.886335,42.576025],[-70.886329,42.576025],[-70.886322,42.576026],[-70.886315,42.576026],[-70.886308,42.576026],[-70.886301,42.576027],[-70.886295,42.576027],[-70.886288,42.576028],[-70.886281,42.576029],[-70.886274,42.57603],[-70.886268,42.57603],[-70.886261,42.576031],[-70.886254,42.576033],[-70.886248,42.576034],[-70.886241,42.576035],[-70.886234,42.576036],[-70.886228,42.576038],[-70.886221,42.576039],[-70.886215,42.576041],[-70.886208,42.576043],[-70.886202,42.576044],[-70.886196,42.576046],[-70.886189,42.576048],[-70.886183,42.57605],[-70.886177,42.576052],[-70.886171,42.576054],[-70.886164,42.576057],[-70.886158,42.576059],[-70.886152,42.576061],[-70.886146,42.576064],[-70.88614,42.576066],[-70.886135,42.576069],[-70.886129,42.576072],[-70.886123,42.576075],[-70.886118,42.576077],[-70.886112,42.57608],[-70.886106,42.576083],[-70.886101,42.576087],[-70.886096,42.57609],[-70.88609,42.576093],[-70.886085,42.576096],[-70.88608,42.5761],[-70.886075,42.576103],[-70.88607,42.576106],[-70.886065,42.57611],[-70.88606,42.576114],[-70.886056,42.576117],[-70.886051,42.576121],[-70.886047,42.576125],[-70.886042,42.576129],[-70.886038,42.576132],[-70.886033,42.576136],[-70.886029,42.57614],[-70.886025,42.576144],[-70.886021,42.576149],[-70.886017,42.576153],[-70.886014,42.576157],[-70.88601,42.576161],[-70.886006,42.576166],[-70.886003,42.57617],[-70.886,42.576174],[-70.885996,42.57618],[-70.885814,42.57648],[-70.885811,42.576488],[-70.885809,42.576495],[-70.885807,42.576503],[-70.885805,42.576511],[-70.885803,42.576518],[-70.885801,42.576526],[-70.885799,42.576534],[-70.885798,42.576541],[-70.885797,42.576549],[-70.885796,42.576557],[-70.885795,42.576565],[-70.885795,42.576572],[-70.885794,42.57658],[-70.885794,42.576588],[-70.885794,42.576596],[-70.885794,42.576604],[-70.885795,42.576611],[-70.885795,42.576619],[-70.885796,42.576627],[-70.885797,42.576635],[-70.885798,42.576642],[-70.885799,42.57665],[-70.8858,42.576658],[-70.885802,42.576666],[-70.885804,42.576673],[-70.885806,42.576681],[-70.885808,42.576688],[-70.88581,42.576696],[-70.885813,42.576704],[-70.885816,42.576711],[-70.885818,42.576719],[-70.885821,42.576726],[-70.885825,42.576734],[-70.885828,42.576741],[-70.885832,42.576748],[-70.885835,42.576755],[-70.885839,42.576763],[-70.885843,42.57677],[-70.885848,42.576777],[-70.885852,42.576784],[-70.885857,42.576791],[-70.885861,42.576798],[-70.885866,42.576805],[-70.885871,42.576812],[-70.885877,42.576818],[-70.885882,42.576825],[-70.885888,42.576832],[-70.885893,42.576838],[-70.885899,42.576845],[-70.885905,42.576851],[-70.885911,42.576858],[-70.885918,42.576864],[-70.885924,42.57687],[-70.885931,42.576876],[-70.885937,42.576882],[-70.885944,42.576888],[-70.885951,42.576894],[-70.885959,42.576899],[-70.885966,42.576905],[-70.885973,42.57691],[-70.885981,42.576916],[-70.885988,42.576921],[-70.885996,42.576926],[-70.886011,42.576936],[-70.886069,42.576883],[-70.886347,42.577048],[-70.886353,42.577052],[-70.886357,42.577054],[-70.88636,42.577057],[-70.886364,42.577059],[-70.886367,42.577062],[-70.886371,42.577064],[-70.886374,42.577067],[-70.886377,42.57707],[-70.88638,42.577073],[-70.886383,42.577076],[-70.886386,42.577078],[-70.886389,42.577081],[-70.886392,42.577084],[-70.886395,42.577087],[-70.886398,42.57709],[-70.886401,42.577093],[-70.886403,42.577097],[-70.886406,42.5771],[-70.886408,42.577103],[-70.886411,42.577106],[-70.886413,42.577109],[-70.886415,42.577113],[-70.886417,42.577116],[-70.886419,42.577119],[-70.886421,42.577122],[-70.886423,42.577126],[-70.886425,42.577129],[-70.886427,42.577133],[-70.886429,42.577136],[-70.88643,42.57714],[-70.886432,42.577143],[-70.886433,42.577146],[-70.886435,42.57715],[-70.886436,42.577154],[-70.886437,42.577157],[-70.886438,42.577161],[-70.886439,42.577164],[-70.88644,42.577168],[-70.886441,42.577171],[-70.886442,42.577175],[-70.886442,42.577179],[-70.886443,42.577182],[-70.886444,42.577186],[-70.886444,42.57719],[-70.886444,42.577193],[-70.886445,42.577197],[-70.886445,42.5772],[-70.886445,42.577204],[-70.886445,42.577208],[-70.886445,42.577211],[-70.886445,42.577215],[-70.886444,42.577219],[-70.886444,42.577222],[-70.886444,42.577226],[-70.886443,42.57723],[-70.886442,42.577233],[-70.886442,42.577237],[-70.886441,42.57724],[-70.88644,42.577244],[-70.886439,42.577248],[-70.886438,42.577251],[-70.886437,42.577255],[-70.886436,42.577258],[-70.886435,42.577262],[-70.886433,42.577265],[-70.886432,42.577269],[-70.88643,42.577272],[-70.886429,42.577276],[-70.886427,42.577279],[-70.886425,42.577283],[-70.886423,42.577286],[-70.886421,42.577289],[-70.886419,42.577293],[-70.886417,42.577296],[-70.886415,42.577299],[-70.886413,42.577303],[-70.88641,42.577306],[-70.886408,42.577309],[-70.886406,42.577312],[-70.886403,42.577315],[-70.8864,42.577318],[-70.886398,42.577321],[-70.886395,42.577324],[-70.886392,42.577327],[-70.886389,42.57733],[-70.886386,42.577333],[-70.886383,42.577336],[-70.88638,42.577339],[-70.886377,42.577342],[-70.886374,42.577345],[-70.88637,42.577347],[-70.886367,42.57735],[-70.886363,42.577353],[-70.88636,42.577355],[-70.886356,42.577358],[-70.886353,42.57736],[-70.886349,42.577363],[-70.886345,42.577365],[-70.886342,42.577367],[-70.886338,42.57737],[-70.886334,42.577372],[-70.88633,42.577374],[-70.886326,42.577376],[-70.886322,42.577378],[-70.886318,42.57738],[-70.886314,42.577382],[-70.886309,42.577384],[-70.886305,42.577386],[-70.886301,42.577388],[-70.886297,42.57739],[-70.885688,42.57758],[-70.885633,42.577526],[-70.885618,42.577531],[-70.885603,42.577536],[-70.885588,42.577541],[-70.885574,42.577547],[-70.885559,42.577552],[-70.885545,42.577558],[-70.88553,42.577564],[-70.885516,42.57757],[-70.885502,42.577577],[-70.885488,42.577584],[-70.885474,42.57759],[-70.885461,42.577597],[-70.885448,42.577604],[-70.885434,42.577612],[-70.885421,42.577619],[-70.885408,42.577627],[-70.885396,42.577635],[-70.885383,42.577643],[-70.885371,42.577651],[-70.885359,42.577659],[-70.885347,42.577668],[-70.885335,42.577676],[-70.885324,42.577685],[-70.885312,42.577694],[-70.885301,42.577703],[-70.885283,42.577718],[-70.885353,42.57777],[-70.885347,42.577774],[-70.885344,42.577776],[-70.88534,42.577778],[-70.885337,42.57778],[-70.885333,42.577782],[-70.885329,42.577783],[-70.885326,42.577785],[-70.885322,42.577787],[-70.885318,42.577789],[-70.885314,42.57779],[-70.885311,42.577792],[-70.885307,42.577794],[-70.885303,42.577795],[-70.885299,42.577797],[-70.885295,42.577798],[-70.885291,42.577799],[-70.885287,42.577801],[-70.885283,42.577802],[-70.885278,42.577803],[-70.885274,42.577804],[-70.88527,42.577805],[-70.885266,42.577807],[-70.885262,42.577808],[-70.885257,42.577808],[-70.885253,42.577809],[-70.885249,42.57781],[-70.885245,42.577811],[-70.88524,42.577812],[-70.885236,42.577812],[-70.885232,42.577813],[-70.885227,42.577814],[-70.885223,42.577814],[-70.885218,42.577814],[-70.885214,42.577815],[-70.88521,42.577815],[-70.885205,42.577815],[-70.885201,42.577816],[-70.885196,42.577816],[-70.885192,42.577816],[-70.885187,42.577816],[-70.885183,42.577816],[-70.885179,42.577816],[-70.885174,42.577816],[-70.88517,42.577816],[-70.885165,42.577815],[-70.885161,42.577815],[-70.885156,42.577815],[-70.885152,42.577814],[-70.885148,42.577814],[-70.885143,42.577813],[-70.885139,42.577813],[-70.885135,42.577812],[-70.88513,42.577811],[-70.885126,42.57781],[-70.885122,42.57781],[-70.885117,42.577809],[-70.885113,42.577808],[-70.885109,42.577807],[-70.885105,42.577806],[-70.8851,42.577805],[-70.885096,42.577804],[-70.885092,42.577802],[-70.885088,42.577801],[-70.885084,42.5778],[-70.88508,42.577799],[-70.885076,42.577797],[-70.885072,42.577796],[-70.885068,42.577794],[-70.885064,42.577793],[-70.88506,42.577791],[-70.885056,42.577789],[-70.885053,42.577788],[-70.885049,42.577786],[-70.885045,42.577784],[-70.885041,42.577782],[-70.885038,42.57778],[-70.885034,42.577778],[-70.885031,42.577776],[-70.885027,42.577774],[-70.885024,42.577772],[-70.88502,42.57777],[-70.884975,42.577693],[-70.884996,42.577535],[-70.885104,42.576564],[-70.885209,42.575611],[-70.886631,42.575572],[-70.886955,42.575564],[-70.887449,42.575542],[-70.887286,42.576937],[-70.887284,42.576943],[-70.887282,42.576949],[-70.887281,42.576955],[-70.887279,42.576961],[-70.887278,42.576967],[-70.887277,42.576973],[-70.887275,42.576979],[-70.887274,42.576986],[-70.887274,42.576992],[-70.887273,42.576998],[-70.887273,42.577004],[-70.887272,42.57701],[-70.887272,42.577017],[-70.887272,42.577023],[-70.887272,42.577029],[-70.887272,42.577035],[-70.887272,42.577041],[-70.887273,42.577048],[-70.887274,42.577054],[-70.887274,42.57706],[-70.887275,42.577066],[-70.887276,42.577072],[-70.887278,42.577079],[-70.887279,42.577085],[-70.887281,42.577091],[-70.887282,42.577097],[-70.887284,42.577103],[-70.887286,42.577109],[-70.887288,42.577115],[-70.88729,42.577121],[-70.887293,42.577127],[-70.887295,42.577133],[-70.887298,42.577139],[-70.887301,42.577145],[-70.887304,42.577151],[-70.887307,42.577156],[-70.88731,42.577162],[-70.887313,42.577168],[-70.887317,42.577173],[-70.887321,42.577179],[-70.887324,42.577185],[-70.887328,42.57719],[-70.887332,42.577196],[-70.887336,42.577201],[-70.887341,42.577206],[-70.887345,42.577212],[-70.88735,42.577217],[-70.887356,42.577228],[-70.887359,42.577234],[-70.887362,42.57724],[-70.887365,42.577246],[-70.887368,42.577252],[-70.88737,42.577258],[-70.887373,42.577264],[-70.887375,42.57727],[-70.887377,42.577276],[-70.887379,42.577282],[-70.887381,42.577288],[-70.887383,42.577294],[-70.887384,42.577301],[-70.887386,42.577307],[-70.887387,42.577313],[-70.887388,42.577319],[-70.887389,42.577326],[-70.88739,42.577332],[-70.887391,42.577338],[-70.887391,42.577344],[-70.887391,42.577351],[-70.887392,42.577357],[-70.887392,42.577363],[-70.887392,42.57737],[-70.887392,42.577376],[-70.887391,42.577382],[-70.887391,42.577388],[-70.88739,42.577395],[-70.887389,42.577401],[-70.887388,42.577407],[-70.887387,42.577413],[-70.887386,42.57742],[-70.887384,42.577426],[-70.887167,42.577996],[-70.88716,42.57801],[-70.887154,42.578024],[-70.887147,42.578038],[-70.88714,42.578051],[-70.887133,42.578064],[-70.887125,42.578077],[-70.887117,42.578091],[-70.887109,42.578104],[-70.8871,42.578116],[-70.887091,42.578129],[-70.887082,42.578142],[-70.887072,42.578154],[-70.887063,42.578167],[-70.887052,42.578179],[-70.887042,42.578191],[-70.887031,42.578203],[-70.88702,42.578215],[-70.887009,42.578227],[-70.886998,42.578239],[-70.886986,42.57825],[-70.886974,42.578261],[-70.886961,42.578273],[-70.886949,42.578283],[-70.886936,42.578294],[-70.886923,42.578305],[-70.88691,42.578315],[-70.886896,42.578326],[-70.886882,42.578336],[-70.886868,42.578346],[-70.886854,42.578356],[-70.886839,42.578365],[-70.886824,42.578374],[-70.886809,42.578384],[-70.886794,42.578393],[-70.886779,42.578401],[-70.886763,42.57841],[-70.886747,42.578418],[-70.886731,42.578427],[-70.886715,42.578435],[-70.886699,42.578442],[-70.886682,42.57845],[-70.886666,42.578457],[-70.886649,42.578464],[-70.886632,42.578471],[-70.886614,42.578478],[-70.886597,42.578485],[-70.886579,42.578491],[-70.886562,42.578497],[-70.88599,42.578679],[-70.885977,42.578682],[-70.88597,42.578684],[-70.885964,42.578686],[-70.885957,42.578687],[-70.88595,42.578688],[-70.885943,42.57869],[-70.885936,42.578691],[-70.885929,42.578692],[-70.885923,42.578693],[-70.885916,42.578694],[-70.885909,42.578695],[-70.885902,42.578696],[-70.885895,42.578696],[-70.885888,42.578697],[-70.885881,42.578697],[-70.885874,42.578698],[-70.885867,42.578698],[-70.88586,42.578698],[-70.885853,42.578698],[-70.885845,42.578698],[-70.885838,42.578698],[-70.885831,42.578698],[-70.885824,42.578698],[-70.885817,42.578698],[-70.88581,42.578697],[-70.885803,42.578697],[-70.885796,42.578696],[-70.885789,42.578695],[-70.885782,42.578695],[-70.885775,42.578694],[-70.885768,42.578693],[-70.885761,42.578692],[-70.885755,42.578691],[-70.885748,42.578689],[-70.885741,42.578688],[-70.885734,42.578687],[-70.885727,42.578685],[-70.885721,42.578684],[-70.885714,42.578682],[-70.885707,42.57868],[-70.885701,42.578678],[-70.885694,42.578676],[-70.885688,42.578674],[-70.885681,42.578672],[-70.885675,42.57867],[-70.885668,42.578668],[-70.885662,42.578666],[-70.885656,42.578663],[-70.88565,42.578661],[-70.885643,42.578658],[-70.885637,42.578656],[-70.885631,42.578653],[-70.885625,42.57865],[-70.88562,42.578647],[-70.885614,42.578644],[-70.885608,42.578641],[-70.885602,42.578638],[-70.885597,42.578635],[-70.885591,42.578632],[-70.885586,42.578628],[-70.885581,42.578625],[-70.885575,42.578621],[-70.88557,42.578618],[-70.885565,42.578614],[-70.88556,42.578611],[-70.885555,42.578607],[-70.88555,42.578603],[-70.885545,42.578599],[-70.885541,42.578595],[-70.885536,42.578591],[-70.885532,42.578587],[-70.885527,42.578583],[-70.885523,42.578579],[-70.885519,42.578575],[-70.885515,42.578571],[-70.885511,42.578566],[-70.885507,42.578562],[-70.885503,42.578558],[-70.885499,42.578553],[-70.885496,42.578549],[-70.885492,42.578544],[-70.885489,42.57854],[-70.885486,42.578535],[-70.885302,42.578229],[-70.8853,42.578224],[-70.885298,42.57822],[-70.885296,42.578216],[-70.885294,42.578212],[-70.885292,42.578207],[-70.885291,42.578203],[-70.885289,42.578199],[-70.885288,42.578194],[-70.885286,42.57819],[-70.885285,42.578186],[-70.885284,42.578181],[-70.885283,42.578177],[-70.885282,42.578173],[-70.885281,42.578168],[-70.885281,42.578164],[-70.88528,42.578159],[-70.885279,42.578155],[-70.885279,42.57815],[-70.885279,42.578146],[-70.885279,42.578142],[-70.885279,42.578137],[-70.885279,42.578133],[-70.885279,42.578128],[-70.885279,42.578124],[-70.885279,42.578119],[-70.88528,42.578115],[-70.88528,42.57811],[-70.885281,42.578106],[-70.885282,42.578102],[-70.885283,42.578097],[-70.885284,42.578093],[-70.885285,42.578088],[-70.885286,42.578084],[-70.885287,42.57808],[-70.885289,42.578075],[-70.88529,42.578071],[-70.885292,42.578067],[-70.885293,42.578062],[-70.885295,42.578058],[-70.885297,42.578054],[-70.885299,42.57805],[-70.885301,42.578046],[-70.885303,42.578041],[-70.885306,42.578037],[-70.885308,42.578033],[-70.88531,42.578029],[-70.885315,42.578018],[-70.885319,42.57801],[-70.885323,42.578002],[-70.885327,42.577994],[-70.885332,42.577985],[-70.885336,42.577977],[-70.885341,42.577969],[-70.885346,42.577961],[-70.885351,42.577953],[-70.885357,42.577946],[-70.885362,42.577938],[-70.885368,42.57793],[-70.885374,42.577923],[-70.88538,42.577915],[-70.885386,42.577908],[-70.885393,42.5779],[-70.8854,42.577893],[-70.885406,42.577886],[-70.885413,42.577879],[-70.88542,42.577872],[-70.885428,42.577865],[-70.885435,42.577858],[-70.885443,42.577851],[-70.885451,42.577845],[-70.885458,42.577838],[-70.885467,42.577832],[-70.885475,42.577825],[-70.885483,42.577819],[-70.885492,42.577813],[-70.8855,42.577807],[-70.885509,42.577801],[-70.885518,42.577796],[-70.885527,42.57779],[-70.885536,42.577784],[-70.885546,42.577779],[-70.885555,42.577774],[-70.885565,42.577768],[-70.885575,42.577763],[-70.885584,42.577759],[-70.885594,42.577754],[-70.885604,42.577749],[-70.885615,42.577745],[-70.885625,42.57774],[-70.885635,42.577736]]],[[[-70.887332,42.578059],[-70.887377,42.577939],[-70.887382,42.578025],[-70.887403,42.578118],[-70.887439,42.578174],[-70.887075,42.578476],[-70.886882,42.578654],[-70.887071,42.578784],[-70.886581,42.578992],[-70.886569,42.578997],[-70.886592,42.57902],[-70.885908,42.579252],[-70.885876,42.579196],[-70.885872,42.579188],[-70.885869,42.579183],[-70.885867,42.579178],[-70.885865,42.579173],[-70.885863,42.579167],[-70.885861,42.579162],[-70.885859,42.579157],[-70.885857,42.579151],[-70.885856,42.579146],[-70.885854,42.579141],[-70.885853,42.579135],[-70.885852,42.57913],[-70.885851,42.579124],[-70.88585,42.579119],[-70.885849,42.579113],[-70.885848,42.579108],[-70.885848,42.579102],[-70.885847,42.579097],[-70.885847,42.579091],[-70.885847,42.579086],[-70.885847,42.57908],[-70.885847,42.579075],[-70.885847,42.579069],[-70.885847,42.579064],[-70.885848,42.579058],[-70.885849,42.579053],[-70.885849,42.579047],[-70.88585,42.579042],[-70.885851,42.579036],[-70.885852,42.579031],[-70.885854,42.579025],[-70.885855,42.57902],[-70.885857,42.579015],[-70.885858,42.579009],[-70.88586,42.579004],[-70.885862,42.578998],[-70.885864,42.578993],[-70.885866,42.578988],[-70.885868,42.578983],[-70.885871,42.578977],[-70.885873,42.578972],[-70.885876,42.578967],[-70.885879,42.578962],[-70.885882,42.578957],[-70.885885,42.578952],[-70.885888,42.578947],[-70.885891,42.578942],[-70.885894,42.578937],[-70.885898,42.578932],[-70.885901,42.578927],[-70.885905,42.578922],[-70.885909,42.578918],[-70.885913,42.578913],[-70.885917,42.578908],[-70.885921,42.578904],[-70.885925,42.578899],[-70.88593,42.578895],[-70.885934,42.57889],[-70.885939,42.578886],[-70.885943,42.578882],[-70.885948,42.578877],[-70.885953,42.578873],[-70.885958,42.578869],[-70.885963,42.578865],[-70.885968,42.578861],[-70.885974,42.578857],[-70.885979,42.578853],[-70.885984,42.57885],[-70.88599,42.578846],[-70.885995,42.578842],[-70.886001,42.578839],[-70.886007,42.578835],[-70.886013,42.578832],[-70.886019,42.578829],[-70.886025,42.578825],[-70.886031,42.578822],[-70.886037,42.578819],[-70.886043,42.578816],[-70.88605,42.578813],[-70.886056,42.57881],[-70.886062,42.578807],[-70.886069,42.578805],[-70.886648,42.578615],[-70.886669,42.578608],[-70.886689,42.578601],[-70.886708,42.578594],[-70.886728,42.578586],[-70.886747,42.578578],[-70.886767,42.57857],[-70.886786,42.578562],[-70.886805,42.578553],[-70.886823,42.578544],[-70.886842,42.578535],[-70.88686,42.578526],[-70.886878,42.578516],[-70.886896,42.578506],[-70.886913,42.578496],[-70.886931,42.578486],[-70.886948,42.578476],[-70.886965,42.578465],[-70.886981,42.578454],[-70.886997,42.578443],[-70.887013,42.578432],[-70.887029,42.57842],[-70.887045,42.578408],[-70.88706,42.578397],[-70.887075,42.578384],[-70.88709,42.578372],[-70.887104,42.57836],[-70.887118,42.578347],[-70.887132,42.578334],[-70.887145,42.578321],[-70.887158,42.578308],[-70.887171,42.578295],[-70.887184,42.578281],[-70.887196,42.578267],[-70.887208,42.578253],[-70.887219,42.578239],[-70.88723,42.578225],[-70.887241,42.578211],[-70.887252,42.578197],[-70.887262,42.578182],[-70.887272,42.578167],[-70.887281,42.578153],[-70.88729,42.578138],[-70.887299,42.578123],[-70.887308,42.578107],[-70.887316,42.578092],[-70.887323,42.578077],[-70.887332,42.578059]]],[[[-70.887564,42.577438],[-70.887567,42.577429],[-70.88777,42.577692],[-70.887623,42.577776],[-70.88747,42.577752],[-70.887449,42.577748],[-70.887557,42.577461],[-70.88756,42.577453],[-70.887562,42.577446],[-70.887564,42.577438]]]]}},{"type":"Feature","properties":{"addr":"22-24 COX CT","units":2,"stories":3.0,"mbta":true,"lot_sf":7160,"req_lot_sf":8000,"frontage_ft":94.5,"req_frontage_ft":65,"req_front_ft":20,"req_side_ft":10,"req_rear_ft":20,"over_unit_cap":false,"corner":true,"t_area":"short","t_frontage":"meets","front_ft":3.2,"side_ft":11.6,"rear_ft":0.9,"t_front":"short","t_side":"meets","t_rear":"short","n_short":3,"measured":true},"geometry":{"type":"Polygon","coordinates":[[[-70.886002,42.542966],[-70.886362,42.542963],[-70.886592,42.542969],[-70.886553,42.54308],[-70.886226,42.543096],[-70.886005,42.543107],[-70.886002,42.542966]]]}},{"type":"Feature","properties":{"addr":"19 SCHOOL ST","units":7,"stories":3.0,"mbta":true,"lot_sf":8771,"req_lot_sf":8000,"frontage_ft":106.2,"req_frontage_ft":65,"req_front_ft":20,"req_side_ft":10,"req_rear_ft":20,"over_unit_cap":false,"corner":true,"t_area":"meets","t_frontage":"meets","front_ft":9.7,"side_ft":2.5,"rear_ft":33.7,"t_front":"short","t_side":"short","t_rear":"meets","n_short":2,"measured":true},"geometry":{"type":"Polygon","coordinates":[[[-70.88601,42.543784],[-70.88602,42.543691],[-70.886043,42.543486],[-70.886373,42.543515],[-70.886274,42.543808],[-70.88601,42.543784]]]}},{"type":"Feature","properties":{"addr":"18 SCHOOL ST","units":2,"stories":2.0,"mbta":true,"lot_sf":4817,"req_lot_sf":8000,"frontage_ft":79.4,"req_frontage_ft":65,"req_front_ft":20,"req_side_ft":10,"req_rear_ft":20,"over_unit_cap":false,"corner":true,"t_area":"short","t_frontage":"meets","front_ft":3.6,"side_ft":0.3,"rear_ft":44.4,"t_front":"short","t_side":"short","t_rear":"meets","n_short":3,"measured":true},"geometry":{"type":"Polygon","coordinates":[[[-70.886009,42.543332],[-70.886005,42.543107],[-70.886226,42.543096],[-70.886196,42.543352],[-70.886009,42.543332]]]}},{"type":"Feature","properties":{"addr":"21 SUMMIT AVE","units":4,"stories":2.0,"mbta":true,"lot_sf":6581,"req_lot_sf":8000,"frontage_ft":157.1,"req_frontage_ft":65,"req_front_ft":20,"req_side_ft":10,"req_rear_ft":20,"over_unit_cap":false,"corner":true,"t_area":"short","t_frontage":"meets","front_ft":4.5,"side_ft":17.1,"rear_ft":37.9,"t_front":"short","t_side":"meets","t_rear":"meets","n_short":2,"measured":true},"geometry":{"type":"Polygon","coordinates":[[[-70.885972,42.542644],[-70.886249,42.542645],[-70.886249,42.542885],[-70.885982,42.542897],[-70.885972,42.542644]]]}},{"type":"Feature","properties":{"addr":"16 COX CT","units":3,"stories":3.0,"mbta":true,"lot_sf":5737,"req_lot_sf":8000,"frontage_ft":73.5,"req_frontage_ft":65,"req_front_ft":20,"req_side_ft":10,"req_rear_ft":20,"over_unit_cap":false,"corner":true,"t_area":"short","t_frontage":"meets","front_ft":29.3,"side_ft":23.0,"rear_ft":1.9,"t_front":"meets","t_side":"meets","t_rear":"short","n_short":2,"measured":true},"geometry":{"type":"Polygon","coordinates":[[[-70.885964,42.542434],[-70.886237,42.54243],[-70.886249,42.542645],[-70.885972,42.542644],[-70.885964,42.542434]]]}},{"type":"Feature","properties":{"addr":"12 COX CT","units":10,"stories":2.0,"mbta":true,"lot_sf":6517,"req_lot_sf":8000,"frontage_ft":84.7,"req_frontage_ft":65,"req_front_ft":20,"req_side_ft":10,"req_rear_ft":20,"over_unit_cap":true,"corner":true,"t_area":"short","t_frontage":"meets","front_ft":2.3,"side_ft":7.7,"rear_ft":2.8,"t_front":"short","t_side":"close","t_rear":"short","n_short":3,"measured":true},"geometry":{"type":"Polygon","coordinates":[[[-70.885956,42.542233],[-70.885954,42.542188],[-70.886223,42.542186],[-70.886237,42.54243],[-70.885964,42.542434],[-70.885956,42.542233]]]}},{"type":"Feature","properties":{"addr":"10 COX CT","units":5,"stories":2.0,"mbta":true,"lot_sf":11466,"req_lot_sf":8000,"frontage_ft":159.5,"req_frontage_ft":65,"req_front_ft":20,"req_side_ft":10,"req_rear_ft":20,"over_unit_cap":false,"corner":true,"t_area":"meets","t_frontage":"meets","front_ft":0.0,"side_ft":14.5,"rear_ft":35.6,"t_front":"short","t_side":"meets","t_rear":"meets","n_short":1,"measured":true},"geometry":{"type":"Polygon","coordinates":[[[-70.885939,42.541753],[-70.88602,42.54175],[-70.886205,42.541741],[-70.886208,42.541912],[-70.886223,42.542186],[-70.885954,42.542188],[-70.885939,42.541753]]]}},{"type":"Feature","properties":{"addr":"2 COX CT","units":1,"stories":null,"mbta":true,"lot_sf":2168,"req_lot_sf":8000,"frontage_ft":76.4,"req_frontage_ft":65,"req_front_ft":20,"req_side_ft":10,"req_rear_ft":20,"over_unit_cap":false,"corner":true,"t_area":"short","t_frontage":"meets","front_ft":null,"side_ft":null,"rear_ft":null,"t_front":null,"t_side":null,"t_rear":null,"n_short":1,"measured":false},"geometry":{"type":"Polygon","coordinates":[[[-70.885931,42.541602],[-70.886202,42.541588],[-70.886203,42.54165],[-70.8862,42.541658],[-70.886188,42.541666],[-70.886162,42.541673],[-70.886118,42.541675],[-70.886044,42.541678],[-70.885977,42.541683],[-70.885935,42.541685],[-70.885931,42.541602]]]}},{"type":"Feature","properties":{"addr":"15 SCHOOL ST","units":3,"stories":2.75,"mbta":true,"lot_sf":3807,"req_lot_sf":8000,"frontage_ft":72.5,"req_frontage_ft":65,"req_front_ft":20,"req_side_ft":10,"req_rear_ft":20,"over_unit_cap":false,"corner":true,"t_area":"short","t_frontage":"meets","front_ft":2.7,"side_ft":3.2,"rear_ft":19.7,"t_front":"short","t_side":"short","t_rear":"close","n_short":3,"measured":true},"geometry":{"type":"Polygon","coordinates":[[[-70.885705,42.543656],[-70.885703,42.543457],[-70.885889,42.543472],[-70.885903,42.543678],[-70.885705,42.543656]]]}},{"type":"Feature","properties":{"addr":"16 SCHOOL ST","units":3,"stories":1.0,"mbta":true,"lot_sf":5241,"req_lot_sf":8000,"frontage_ft":106.3,"req_frontage_ft":65,"req_front_ft":20,"req_side_ft":10,"req_rear_ft":20,"over_unit_cap":false,"corner":true,"t_area":"short","t_frontage":"meets","front_ft":4.6,"side_ft":0.3,"rear_ft":31.6,"t_front":"short","t_side":"short","t_rear":"meets","n_short":3,"measured":true},"geometry":{"type":"Polygon","coordinates":[[[-70.885704,42.543304],[-70.885698,42.543017],[-70.885881,42.54302],[-70.885886,42.543318],[-70.885704,42.543304]]]}},{"type":"Feature","properties":{"addr":"17 COX CT","units":1,"stories":2.0,"mbta":true,"lot_sf":5058,"req_lot_sf":8000,"frontage_ft":94.6,"req_frontage_ft":65,"req_front_ft":20,"req_side_ft":10,"req_rear_ft":20,"over_unit_cap":false,"corner":false,"t_area":"short","t_frontage":"meets","front_ft":0.0,"side_ft":13.8,"rear_ft":9.2,"t_front":"short","t_side":"meets","t_rear":"short","n_short":3,"measured":true},"geometry":{"type":"Polygon","coordinates":[[[-70.885858,42.542397],[-70.885867,42.54267],[-70.885677,42.542673],[-70.88567,42.542401],[-70.885858,42.542397]]]}},{"type":"Feature","properties":{"addr":"13 COX CT","units":8,"stories":4.0,"mbta":true,"lot_sf":5990,"req_lot_sf":8000,"frontage_ft":115.2,"req_frontage_ft":65,"req_front_ft":20,"req_side_ft":10,"req_rear_ft":20,"over_unit_cap":false,"corner":false,"t_area":"short","t_frontage":"meets","front_ft":5.0,"side_ft":2.6,"rear_ft":11.9,"t_front":"short","t_side":"short","t_rear":"short","n_short":4,"measured":true},"geometry":{"type":"Polygon","coordinates":[[[-70.885667,42.54207],[-70.885848,42.542067],[-70.885849,42.542097],[-70.885858,42.542397],[-70.88567,42.542401],[-70.885667,42.54207]]]}},{"type":"Feature","properties":{"addr":"7 COX CT","units":1,"stories":1.75,"mbta":true,"lot_sf":1713,"req_lot_sf":8000,"frontage_ft":44.9,"req_frontage_ft":65,"req_front_ft":20,"req_side_ft":10,"req_rear_ft":20,"over_unit_cap":false,"corner":true,"t_area":"short","t_frontage":"short","front_ft":0.0,"side_ft":6.1,"rear_ft":13.1,"t_front":"short","t_side":"short","t_rear":"short","n_short":5,"measured":true},"geometry":{"type":"Polygon","coordinates":[[[-70.885655,42.541791],[-70.885662,42.541791],[-70.885837,42.541784],[-70.88584,42.54188],[-70.885841,42.541882],[-70.88566,42.541885],[-70.885655,42.541791]]]}},{"type":"Feature","properties":{"addr":"9 COX CT","units":5,"stories":2.75,"mbta":true,"lot_sf":3290,"req_lot_sf":8000,"frontage_ft":62.4,"req_frontage_ft":65,"req_front_ft":20,"req_side_ft":10,"req_rear_ft":20,"over_unit_cap":false,"corner":false,"t_area":"short","t_frontage":"close","front_ft":7.9,"side_ft":2.6,"rear_ft":10.0,"t_front":"short","t_side":"short","t_rear":"short","n_short":4,"measured":true},"geometry":{"type":"Polygon","coordinates":[[[-70.88566,42.541885],[-70.885841,42.541882],[-70.885848,42.542067],[-70.885667,42.54207],[-70.88566,42.541885]]]}},{"type":"Feature","properties":{"addr":"15R SCHOOL ST","units":2,"stories":2.0,"mbta":true,"lot_sf":5534,"req_lot_sf":8000,"frontage_ft":51.5,"req_frontage_ft":65,"req_front_ft":20,"req_side_ft":10,"req_rear_ft":20,"over_unit_cap":false,"corner":false,"t_area":"short","t_frontage":"short","front_ft":12.7,"side_ft":11.1,"rear_ft":21.2,"t_front":"short","t_side":"meets","t_rear":"meets","n_short":3,"measured":true},"geometry":{"type":"Polygon","coordinates":[[[-70.885543,42.543803],[-70.885545,42.543657],[-70.885641,42.543664],[-70.885642,42.543649],[-70.885705,42.543656],[-70.885903,42.543678],[-70.885914,42.543833],[-70.885543,42.543803]]]}},{"type":"Feature","properties":{"addr":"6 TOZER RD","units":38,"stories":2.0,"mbta":false,"lot_sf":126879,"req_lot_sf":152000,"frontage_ft":923.9,"req_frontage_ft":65,"req_front_ft":20,"req_side_ft":10,"req_rear_ft":20,"over_unit_cap":false,"corner":false,"t_area":"short","t_frontage":"meets","front_ft":53.1,"side_ft":228.7,"rear_ft":66.9,"t_front":"meets","t_side":"meets","t_rear":"meets","n_short":1,"measured":true},"geometry":{"type":"Polygon","coordinates":[[[-70.885957,42.580178],[-70.885543,42.579965],[-70.884771,42.579566],[-70.884987,42.57804],[-70.886343,42.580369],[-70.886337,42.580375],[-70.885957,42.580178]]]}},{"type":"Feature","properties":{"addr":"25 COX CT","units":3,"stories":2.0,"mbta":true,"lot_sf":8128,"req_lot_sf":8000,"frontage_ft":75.5,"req_frontage_ft":65,"req_front_ft":20,"req_side_ft":10,"req_rear_ft":20,"over_unit_cap":false,"corner":false,"t_area":"meets","t_frontage":"meets","front_ft":0.0,"side_ft":0.6,"rear_ft":0.0,"t_front":"short","t_side":"short","t_rear":"short","n_short":3,"measured":true},"geometry":{"type":"Polygon","coordinates":[[[-70.885698,42.543017],[-70.885491,42.543017],[-70.885491,42.543011],[-70.885491,42.542905],[-70.885491,42.542808],[-70.885875,42.542799],[-70.885881,42.54302],[-70.885698,42.543017]]]}},{"type":"Feature","properties":{"addr":"23 COX CT","units":2,"stories":2.0,"mbta":true,"lot_sf":4908,"req_lot_sf":8000,"frontage_ft":42.2,"req_frontage_ft":65,"req_front_ft":20,"req_side_ft":10,"req_rear_ft":20,"over_unit_cap":false,"corner":false,"t_area":"short","t_frontage":"short","front_ft":29.6,"side_ft":7.0,"rear_ft":7.3,"t_front":"meets","t_side":"short","t_rear":"short","n_short":4,"measured":true},"geometry":{"type":"Polygon","coordinates":[[[-70.885491,42.542789],[-70.885488,42.542683],[-70.885488,42.542675],[-70.885677,42.542673],[-70.885867,42.54267],[-70.885875,42.542799],[-70.885491,42.542808],[-70.885491,42.542789]]]}},{"type":"Feature","properties":{"addr":"13 SCHOOL ST","units":3,"stories":2.5,"mbta":true,"lot_sf":3337,"req_lot_sf":8000,"frontage_ft":37.5,"req_frontage_ft":65,"req_front_ft":20,"req_side_ft":10,"req_rear_ft":20,"over_unit_cap":false,"corner":false,"t_area":"short","t_frontage":"short","front_ft":0.0,"side_ft":0.0,"rear_ft":30.7,"t_front":"short","t_side":"short","t_rear":"meets","n_short":4,"measured":true},"geometry":{"type":"Polygon","coordinates":[[[-70.885545,42.543657],[-70.885535,42.543656],[-70.885546,42.543443],[-70.885703,42.543457],[-70.885705,42.543656],[-70.885642,42.543649],[-70.885641,42.543664],[-70.885545,42.543657]]]}},{"type":"Feature","properties":{"addr":"14 SCHOOL ST","units":5,"stories":3.0,"mbta":true,"lot_sf":5764,"req_lot_sf":8000,"frontage_ft":52.8,"req_frontage_ft":65,"req_front_ft":20,"req_side_ft":10,"req_rear_ft":20,"over_unit_cap":false,"corner":false,"t_area":"short","t_frontage":"short","front_ft":5.9,"side_ft":0.0,"rear_ft":32.2,"t_front":"short","t_side":"short","t_rear":"meets","n_short":4,"measured":true},"geometry":{"type":"Polygon","coordinates":[[[-70.885491,42.543288],[-70.885491,42.543122],[-70.885491,42.543017],[-70.885698,42.543017],[-70.885704,42.543304],[-70.885491,42.543288]]]}},{"type":"Feature","properties":{"addr":"50 SIMON ST","units":1,"stories":1.0,"mbta":false,"lot_sf":3425,"req_lot_sf":8000,"frontage_ft":110.7,"req_frontage_ft":65,"req_front_ft":20,"req_side_ft":10,"req_rear_ft":20,"over_unit_cap":false,"corner":true,"t_area":"short","t_frontage":"meets","front_ft":10.0,"side_ft":20.7,"rear_ft":10.0,"t_front":"short","t_side":"meets","t_rear":"short","n_short":3,"measured":true},"geometry":{"type":"Polygon","coordinates":[[[-70.884796,42.558316],[-70.885063,42.558289],[-70.885064,42.558423],[-70.88483,42.558456],[-70.884796,42.558316]]]}},{"type":"Feature","properties":{"addr":"20 ROPES ST","units":3,"stories":3.0,"mbta":false,"lot_sf":5090,"req_lot_sf":12000,"frontage_ft":58.5,"req_frontage_ft":65,"req_front_ft":20,"req_side_ft":10,"req_rear_ft":20,"over_unit_cap":false,"corner":false,"t_area":"short","t_frontage":"short","front_ft":3.8,"side_ft":7.2,"rear_ft":14.3,"t_front":"short","t_side":"close","t_rear":"short","n_short":4,"measured":true},"geometry":{"type":"Polygon","coordinates":[[[-70.884755,42.558144],[-70.885058,42.558102],[-70.885063,42.558273],[-70.885063,42.558289],[-70.884796,42.558316],[-70.884755,42.558144]]]}},{"type":"Feature","properties":{"addr":"43 MILL ST","units":1,"stories":1.0,"mbta":false,"lot_sf":5233,"req_lot_sf":8000,"frontage_ft":147.6,"req_frontage_ft":65,"req_front_ft":20,"req_side_ft":10,"req_rear_ft":20,"over_unit_cap":false,"corner":false,"t_area":"short","t_frontage":"meets","front_ft":0.0,"side_ft":5.4,"rear_ft":4.9,"t_front":"short","t_side":"short","t_rear":"short","n_short":4,"measured":true},"geometry":{"type":"Polygon","coordinates":[[[-70.88476,42.557404],[-70.885039,42.557365],[-70.885044,42.557573],[-70.88481,42.557603],[-70.88476,42.557404]]]}},{"type":"Feature","properties":{"addr":"51 SIMON ST","units":3,"stories":3.0,"mbta":false,"lot_sf":5493,"req_lot_sf":12000,"frontage_ft":149.3,"req_frontage_ft":65,"req_front_ft":20,"req_side_ft":10,"req_rear_ft":20,"over_unit_cap":false,"corner":false,"t_area":"short","t_frontage":"meets","front_ft":0.0,"side_ft":14.5,"rear_ft":11.4,"t_front":"short","t_side":"meets","t_rear":"short","n_short":3,"measured":true},"geometry":{"type":"Polygon","coordinates":[[[-70.884713,42.558589],[-70.885067,42.55853],[-70.885068,42.558685],[-70.884757,42.558761],[-70.884713,42.558589]]]}},{"type":"Feature","properties":{"addr":"16-18 ROPES ST","units":3,"stories":3.0,"mbta":false,"lot_sf":4358,"req_lot_sf":12000,"frontage_ft":46.7,"req_frontage_ft":65,"req_front_ft":20,"req_side_ft":10,"req_rear_ft":20,"over_unit_cap":false,"corner":false,"t_area":"short","t_frontage":"short","front_ft":6.1,"side_ft":0.0,"rear_ft":32.5,"t_front":"short","t_side":"short","t_rear":"meets","n_short":4,"measured":true},"geometry":{"type":"Polygon","coordinates":[[[-70.884721,42.558005],[-70.885055,42.557967],[-70.885058,42.558102],[-70.884755,42.558144],[-70.884721,42.558005]]]}},{"type":"Feature","properties":{"addr":"12 ROPES ST","units":1,"stories":null,"mbta":false,"lot_sf":3627,"req_lot_sf":8000,"frontage_ft":33.3,"req_frontage_ft":65,"req_front_ft":20,"req_side_ft":10,"req_rear_ft":20,"over_unit_cap":false,"corner":false,"t_area":"short","t_frontage":"short","front_ft":null,"side_ft":null,"rear_ft":null,"t_front":null,"t_side":null,"t_rear":null,"n_short":2,"measured":false},"geometry":{"type":"Polygon","coordinates":[[[-70.884696,42.557902],[-70.885052,42.557859],[-70.885055,42.557967],[-70.884721,42.558005],[-70.884696,42.557902]]]}},{"type":"Feature","properties":{"addr":"10 ROPES ST","units":4,"stories":3.0,"mbta":false,"lot_sf":6135,"req_lot_sf":16000,"frontage_ft":49.9,"req_frontage_ft":65,"req_front_ft":20,"req_side_ft":10,"req_rear_ft":20,"over_unit_cap":false,"corner":false,"t_area":"short","t_frontage":"short","front_ft":3.4,"side_ft":5.7,"rear_ft":18.4,"t_front":"short","t_side":"short","t_rear":"close","n_short":4,"measured":true},"geometry":{"type":"Polygon","coordinates":[[[-70.884661,42.557754],[-70.884927,42.557723],[-70.884929,42.55767],[-70.885047,42.557658],[-70.885052,42.557859],[-70.884696,42.557902],[-70.884661,42.557754]]]}},{"type":"Feature","properties":{"addr":"10 GAGE ST","units":1,"stories":2.0,"mbta":false,"lot_sf":3738,"req_lot_sf":8000,"frontage_ft":35.1,"req_frontage_ft":65,"req_front_ft":20,"req_side_ft":10,"req_rear_ft":20,"over_unit_cap":false,"corner":false,"t_area":"short","t_frontage":"short","front_ft":50.0,"side_ft":0.0,"rear_ft":6.5,"t_front":"meets","t_side":"short","t_rear":"short","n_short":4,"measured":true},"geometry":{"type":"Polygon","coordinates":[[[-70.884686,42.556395],[-70.88476,42.5563],[-70.885016,42.556417],[-70.885019,42.556548],[-70.884686,42.556395]]]}},{"type":"Feature","properties":{"addr":"8 GAGE ST","units":1,"stories":1.0,"mbta":false,"lot_sf":10269,"req_lot_sf":8000,"frontage_ft":49.3,"req_frontage_ft":65,"req_front_ft":20,"req_side_ft":10,"req_rear_ft":20,"over_unit_cap":false,"corner":false,"t_area":"meets","t_frontage":"short","front_ft":16.2,"side_ft":15.1,"rear_ft":32.3,"t_front":"short","t_side":"meets","t_rear":"meets","n_short":2,"measured":true},"geometry":{"type":"Polygon","coordinates":[[[-70.88476,42.5563],[-70.884588,42.556223],[-70.884771,42.555996],[-70.885009,42.556091],[-70.885016,42.556417],[-70.88476,42.5563]]]}},{"type":"Feature","properties":{"addr":"6 ROPES ST","units":4,"stories":3.0,"mbta":false,"lot_sf":4644,"req_lot_sf":16000,"frontage_ft":42.2,"req_frontage_ft":65,"req_front_ft":20,"req_side_ft":10,"req_rear_ft":20,"over_unit_cap":false,"corner":false,"t_area":"short","t_frontage":"short","front_ft":2.6,"side_ft":3.2,"rear_ft":6.2,"t_front":"short","t_side":"short","t_rear":"short","n_short":5,"measured":true},"geometry":{"type":"Polygon","coordinates":[[[-70.88463,42.557627],[-70.88481,42.557603],[-70.885044,42.557573],[-70.885047,42.557658],[-70.884929,42.55767],[-70.884927,42.557723],[-70.884661,42.557754],[-70.88463,42.557627]]]}},{"type":"Feature","properties":{"addr":"41 MILL ST","units":3,"stories":3.0,"mbta":false,"lot_sf":3593,"req_lot_sf":12000,"frontage_ft":70.4,"req_frontage_ft":65,"req_front_ft":20,"req_side_ft":10,"req_rear_ft":20,"over_unit_cap":false,"corner":true,"t_area":"short","t_frontage":"meets","front_ft":0.9,"side_ft":8.7,"rear_ft":10.7,"t_front":"short","t_side":"close","t_rear":"short","n_short":3,"measured":true},"geometry":{"type":"Polygon","coordinates":[[[-70.884582,42.55743],[-70.88476,42.557404],[-70.88481,42.557603],[-70.88463,42.557627],[-70.884582,42.55743]]]}},{"type":"Feature","properties":{"addr":"47 SIMON ST","units":3,"stories":3.0,"mbta":false,"lot_sf":3731,"req_lot_sf":12000,"frontage_ft":49.8,"req_frontage_ft":65,"req_front_ft":20,"req_side_ft":10,"req_rear_ft":20,"over_unit_cap":false,"corner":false,"t_area":"short","t_frontage":"short","front_ft":0.7,"side_ft":5.2,"rear_ft":13.5,"t_front":"short","t_side":"short","t_rear":"short","n_short":5,"measured":true},"geometry":{"type":"Polygon","coordinates":[[[-70.884514,42.558619],[-70.884713,42.558589],[-70.884757,42.558761],[-70.884558,42.55881],[-70.884514,42.558619]]]}},{"type":"Feature","properties":{"addr":"40 MILL ST","units":1,"stories":null,"mbta":false,"lot_sf":61183,"req_lot_sf":8000,"frontage_ft":418.9,"req_frontage_ft":65,"req_front_ft":20,"req_side_ft":10,"req_rear_ft":20,"over_unit_cap":false,"corner":true,"t_area":"meets","t_frontage":"meets","front_ft":57.7,"side_ft":74.4,"rear_ft":203.9,"t_front":"meets","t_side":"meets","t_rear":"meets","n_short":0,"measured":true},"geometry":{"type":"Polygon","coordinates":[[[-70.884686,42.556395],[-70.885019,42.556548],[-70.885035,42.557249],[-70.883907,42.557397],[-70.884686,42.556395]]]}},{"type":"Feature","properties":{"addr":"42-44 SIMON ST","units":2,"stories":2.0,"mbta":false,"lot_sf":3496,"req_lot_sf":8000,"frontage_ft":57.2,"req_frontage_ft":65,"req_front_ft":20,"req_side_ft":10,"req_rear_ft":20,"over_unit_cap":false,"corner":true,"t_area":"short","t_frontage":"short","front_ft":5.8,"side_ft":9.2,"rear_ft":11.3,"t_front":"short","t_side":"close","t_rear":"short","n_short":4,"measured":true},"geometry":{"type":"Polygon","coordinates":[[[-70.884441,42.558337],[-70.884652,42.558311],[-70.884694,42.558471],[-70.884482,42.558502],[-70.884441,42.558337]]]}},{"type":"Feature","properties":{"addr":"141 ELLIOTT ST","units":1,"stories":null,"mbta":false,"lot_sf":24529,"req_lot_sf":8000,"frontage_ft":211.5,"req_frontage_ft":65,"req_front_ft":20,"req_side_ft":10,"req_rear_ft":20,"over_unit_cap":false,"corner":true,"t_area":"meets","t_frontage":"meets","front_ft":null,"side_ft":null,"rear_ft":null,"t_front":null,"t_side":null,"t_rear":null,"n_short":0,"measured":false},"geometry":{"type":"Polygon","coordinates":[[[-70.884771,42.555996],[-70.884853,42.555895],[-70.884435,42.555853],[-70.884029,42.555812],[-70.884282,42.55551],[-70.885001,42.555742],[-70.885009,42.556091],[-70.884771,42.555996]]]}},{"type":"Feature","properties":{"addr":"2 BALCH ST","units":1,"stories":null,"mbta":false,"lot_sf":229883,"req_lot_sf":8000,"frontage_ft":513.0,"req_frontage_ft":65,"req_front_ft":20,"req_side_ft":10,"req_rear_ft":20,"over_unit_cap":false,"corner":true,"t_area":"meets","t_frontage":"meets","front_ft":603.1,"side_ft":247.4,"rear_ft":10.4,"t_front":"meets","t_side":"meets","t_rear":"short","n_short":1,"measured":true},"geometry":{"type":"Polygon","coordinates":[[[-70.884621,42.562593],[-70.884725,42.56233],[-70.884768,42.562339],[-70.884865,42.56208],[-70.883943,42.561872],[-70.883927,42.56183],[-70.883896,42.561749],[-70.883421,42.560504],[-70.883457,42.560504],[-70.883487,42.560503],[-70.883511,42.560503],[-70.883532,42.560501],[-70.883558,42.560495],[-70.883587,42.560488],[-70.883607,42.560482],[-70.88363,42.56048],[-70.883681,42.560485],[-70.883724,42.560502],[-70.883776,42.560525],[-70.883819,42.560554],[-70.883851,42.560571],[-70.883886,42.560588],[-70.883925,42.560605],[-70.883965,42.560626],[-70.884007,42.56064],[-70.88405,42.560649],[-70.884099,42.560652],[-70.884185,42.560652],[-70.884238,42.560652],[-70.884287,42.560652],[-70.884341,42.560648],[-70.884386,42.560649],[-70.884418,42.560644],[-70.884437,42.56063],[-70.884471,42.5606],[-70.884502,42.560574],[-70.88453,42.560549],[-70.884567,42.560519],[-70.884594,42.560485],[-70.884622,42.560457],[-70.884647,42.560437],[-70.884668,42.560418],[-70.884685,42.560394],[-70.884704,42.560371],[-70.884727,42.560344],[-70.88475,42.560318],[-70.884774,42.560303],[-70.88481,42.560287],[-70.884847,42.560276],[-70.884886,42.560278],[-70.884927,42.560291],[-70.884954,42.560302],[-70.884978,42.560318],[-70.885003,42.560333],[-70.885033,42.560345],[-70.88505,42.560364],[-70.885064,42.560388],[-70.885072,42.560406],[-70.885076,42.560434],[-70.885075,42.560471],[-70.885073,42.560511],[-70.885074,42.560526],[-70.885074,42.560539],[-70.885076,42.560557],[-70.885081,42.560566],[-70.885103,42.560579],[-70.885121,42.561253],[-70.885153,42.562711],[-70.884621,42.562593]]]}},{"type":"Feature","properties":{"addr":"6 GAGE ST","units":3,"stories":2.0,"mbta":false,"lot_sf":12294,"req_lot_sf":12000,"frontage_ft":100.9,"req_frontage_ft":65,"req_front_ft":20,"req_side_ft":10,"req_rear_ft":20,"over_unit_cap":false,"corner":false,"t_area":"meets","t_frontage":"meets","front_ft":10.5,"side_ft":33.0,"rear_ft":56.2,"t_front":"short","t_side":"meets","t_rear":"meets","n_short":1,"measured":true},"geometry":{"type":"Polygon","coordinates":[[[-70.88425,42.556074],[-70.884435,42.555853],[-70.884853,42.555895],[-70.884771,42.555996],[-70.884588,42.556223],[-70.88425,42.556074]]]}},{"type":"Feature","properties":{"addr":"41 GRANT ST","units":2,"stories":2.0,"mbta":false,"lot_sf":4432,"req_lot_sf":8000,"frontage_ft":75.4,"req_frontage_ft":65,"req_front_ft":20,"req_side_ft":10,"req_rear_ft":20,"over_unit_cap":false,"corner":true,"t_area":"short","t_frontage":"meets","front_ft":0.4,"side_ft":0.3,"rear_ft":31.0,"t_front":"short","t_side":"short","t_rear":"meets","n_short":3,"measured":true},"geometry":{"type":"Polygon","coordinates":[[[-70.884389,42.558129],[-70.884597,42.558101],[-70.884652,42.558311],[-70.884441,42.558337],[-70.884389,42.558129]]]}},{"type":"Feature","properties":{"addr":"42 GRANT ST","units":3,"stories":3.0,"mbta":false,"lot_sf":2851,"req_lot_sf":12000,"frontage_ft":64.4,"req_frontage_ft":65,"req_front_ft":20,"req_side_ft":10,"req_rear_ft":20,"over_unit_cap":false,"corner":true,"t_area":"short","t_frontage":"close","front_ft":0.0,"side_ft":3.2,"rear_ft":9.2,"t_front":"short","t_side":"short","t_rear":"short","n_short":4,"measured":true},"geometry":{"type":"Polygon","coordinates":[[[-70.884359,42.557829],[-70.884514,42.557809],[-70.884559,42.557989],[-70.884403,42.558009],[-70.884359,42.557829]]]}},{"type":"Feature","properties":{"addr":"448 CABOT ST","units":1,"stories":2.0,"mbta":false,"lot_sf":38107,"req_lot_sf":8000,"frontage_ft":232.6,"req_frontage_ft":65,"req_front_ft":20,"req_side_ft":10,"req_rear_ft":20,"over_unit_cap":false,"corner":true,"t_area":"meets","t_frontage":"meets","front_ft":95.1,"side_ft":61.7,"rear_ft":56.6,"t_front":"meets","t_side":"meets","t_rear":"meets","n_short":0,"measured":true},"geometry":{"type":"Polygon","coordinates":[[[-70.88418,42.562494],[-70.883943,42.561872],[-70.884865,42.56208],[-70.884768,42.562339],[-70.884725,42.56233],[-70.884621,42.562593],[-70.88418,42.562494]]]}},{"type":"Feature","properties":{"addr":"43 SIMON ST","units":1,"stories":null,"mbta":false,"lot_sf":4202,"req_lot_sf":8000,"frontage_ft":52.6,"req_frontage_ft":65,"req_front_ft":20,"req_side_ft":10,"req_rear_ft":20,"over_unit_cap":false,"corner":false,"t_area":"short","t_frontage":"short","front_ft":null,"side_ft":null,"rear_ft":null,"t_front":null,"t_side":null,"t_rear":null,"n_short":2,"measured":false},"geometry":{"type":"Polygon","coordinates":[[[-70.884304,42.55865],[-70.884514,42.558619],[-70.884558,42.55881],[-70.884361,42.558859],[-70.884304,42.55865]]]}},{"type":"Feature","properties":{"addr":"38-40 SIMON ST","units":2,"stories":2.0,"mbta":false,"lot_sf":3251,"req_lot_sf":8000,"frontage_ft":47.4,"req_frontage_ft":65,"req_front_ft":20,"req_side_ft":10,"req_rear_ft":20,"over_unit_cap":false,"corner":false,"t_area":"short","t_frontage":"short","front_ft":10.8,"side_ft":0.6,"rear_ft":9.5,"t_front":"short","t_side":"short","t_rear":"short","n_short":5,"measured":true},"geometry":{"type":"Polygon","coordinates":[[[-70.884248,42.558361],[-70.884441,42.558337],[-70.884482,42.558502],[-70.884292,42.55853],[-70.884248,42.558361]]]}},{"type":"Feature","properties":{"addr":"5 GAGE ST","units":1,"stories":1.75,"mbta":false,"lot_sf":5113,"req_lot_sf":8000,"frontage_ft":145.3,"req_frontage_ft":65,"req_front_ft":20,"req_side_ft":10,"req_rear_ft":20,"over_unit_cap":false,"corner":false,"t_area":"short","t_frontage":"meets","front_ft":0.0,"side_ft":3.1,"rear_ft":10.6,"t_front":"short","t_side":"short","t_rear":"short","n_short":4,"measured":true},"geometry":{"type":"Polygon","coordinates":[[[-70.88415,42.556329],[-70.884246,42.556204],[-70.884248,42.556205],[-70.884554,42.556341],[-70.884454,42.556467],[-70.88415,42.556329]]]}},{"type":"Feature","properties":{"addr":"5 ROPES ST","units":3,"stories":3.0,"mbta":false,"lot_sf":4929,"req_lot_sf":12000,"frontage_ft":48.2,"req_frontage_ft":65,"req_front_ft":20,"req_side_ft":10,"req_rear_ft":20,"over_unit_cap":false,"corner":false,"t_area":"short","t_frontage":"short","front_ft":2.1,"side_ft":5.1,"rear_ft":14.1,"t_front":"short","t_side":"short","t_rear":"short","n_short":5,"measured":true},"geometry":{"type":"Polygon","coordinates":[[[-70.884156,42.557776],[-70.88414,42.55771],[-70.884478,42.557665],[-70.884514,42.557809],[-70.884359,42.557829],[-70.884176,42.557853],[-70.884156,42.557776]]]}},{"type":"Feature","properties":{"addr":"37 GRANT ST","units":2,"stories":2.0,"mbta":false,"lot_sf":4065,"req_lot_sf":8000,"frontage_ft":48.3,"req_frontage_ft":65,"req_front_ft":20,"req_side_ft":10,"req_rear_ft":20,"over_unit_cap":false,"corner":false,"t_area":"short","t_frontage":"short","front_ft":3.6,"side_ft":2.6,"rear_ft":29.7,"t_front":"short","t_side":"short","t_rear":"meets","n_short":4,"measured":true},"geometry":{"type":"Polygon","coordinates":[[[-70.884195,42.558156],[-70.884389,42.558129],[-70.884441,42.558337],[-70.884248,42.558361],[-70.884195,42.558156]]]}},{"type":"Feature","properties":{"addr":"38 GRANT ST","units":3,"stories":3.0,"mbta":false,"lot_sf":3309,"req_lot_sf":12000,"frontage_ft":44.6,"req_frontage_ft":65,"req_front_ft":20,"req_side_ft":10,"req_rear_ft":20,"over_unit_cap":false,"corner":false,"t_area":"short","t_frontage":"short","front_ft":4.4,"side_ft":6.7,"rear_ft":8.0,"t_front":"short","t_side":"short","t_rear":"short","n_short":5,"measured":true},"geometry":{"type":"Polygon","coordinates":[[[-70.884176,42.557853],[-70.884359,42.557829],[-70.884403,42.558009],[-70.884221,42.558032],[-70.884176,42.557853]]]}},{"type":"Feature","properties":{"addr":"35 MILL ST","units":9,"stories":3.0,"mbta":false,"lot_sf":7279,"req_lot_sf":36000,"frontage_ft":90.5,"req_frontage_ft":65,"req_front_ft":20,"req_side_ft":10,"req_rear_ft":20,"over_unit_cap":false,"corner":true,"t_area":"short","t_frontage":"meets","front_ft":3.9,"side_ft":10.8,"rear_ft":10.8,"t_front":"short","t_side":"meets","t_rear":"short","n_short":3,"measured":true},"geometry":{"type":"Polygon","coordinates":[[[-70.884086,42.5575],[-70.884265,42.557475],[-70.884425,42.557452],[-70.884478,42.557665],[-70.88414,42.55771],[-70.884086,42.5575]]]}},{"type":"Feature","properties":{"addr":"39 SIMON ST","units":1,"stories":null,"mbta":false,"lot_sf":3869,"req_lot_sf":8000,"frontage_ft":42.1,"req_frontage_ft":65,"req_front_ft":20,"req_side_ft":10,"req_rear_ft":20,"over_unit_cap":false,"corner":false,"t_area":"short","t_frontage":"short","front_ft":null,"side_ft":null,"rear_ft":null,"t_front":null,"t_side":null,"t_rear":null,"n_short":2,"measured":false},"geometry":{"type":"Polygon","coordinates":[[[-70.884133,42.558675],[-70.884304,42.55865],[-70.884361,42.558859],[-70.884187,42.558902],[-70.884133,42.558675]]]}},{"type":"Feature","properties":{"addr":"9 GAGE ST","units":2,"stories":2.0,"mbta":false,"lot_sf":4855,"req_lot_sf":8000,"frontage_ft":45.8,"req_frontage_ft":65,"req_front_ft":20,"req_side_ft":10,"req_rear_ft":20,"over_unit_cap":false,"corner":false,"t_area":"short","t_frontage":"short","front_ft":19.0,"side_ft":1.0,"rear_ft":29.2,"t_front":"close","t_side":"short","t_rear":"meets","n_short":3,"measured":true},"geometry":{"type":"Polygon","coordinates":[[[-70.884056,42.556447],[-70.88415,42.556329],[-70.884454,42.556467],[-70.88436,42.556588],[-70.884056,42.556447]]]}},{"type":"Feature","properties":{"addr":"6 BECKFORD ST","units":1,"stories":1.75,"mbta":false,"lot_sf":7388,"req_lot_sf":8000,"frontage_ft":98.5,"req_frontage_ft":65,"req_front_ft":20,"req_side_ft":10,"req_rear_ft":20,"over_unit_cap":false,"corner":true,"t_area":"short","t_frontage":"meets","front_ft":7.5,"side_ft":10.5,"rear_ft":18.6,"t_front":"short","t_side":"meets","t_rear":"close","n_short":2,"measured":true},"geometry":{"type":"Polygon","coordinates":[[[-70.883929,42.555932],[-70.884029,42.555812],[-70.884435,42.555853],[-70.88425,42.556074],[-70.883929,42.555932]]]}},{"type":"Feature","properties":{"addr":"34 SIMON ST","units":1,"stories":null,"mbta":false,"lot_sf":4355,"req_lot_sf":8000,"frontage_ft":63.2,"req_frontage_ft":65,"req_front_ft":20,"req_side_ft":10,"req_rear_ft":20,"over_unit_cap":false,"corner":false,"t_area":"short","t_frontage":"close","front_ft":null,"side_ft":null,"rear_ft":null,"t_front":null,"t_side":null,"t_rear":null,"n_short":1,"measured":false},"geometry":{"type":"Polygon","coordinates":[[[-70.883996,42.558393],[-70.884045,42.558387],[-70.884248,42.558361],[-70.884292,42.55853],[-70.884044,42.558567],[-70.883996,42.558393]]]}},{"type":"Feature","properties":{"addr":"33 GRANT ST","units":2,"stories":2.0,"mbta":false,"lot_sf":4167,"req_lot_sf":8000,"frontage_ft":49.3,"req_frontage_ft":65,"req_front_ft":20,"req_side_ft":10,"req_rear_ft":20,"over_unit_cap":false,"corner":false,"t_area":"short","t_frontage":"short","front_ft":0.0,"side_ft":0.7,"rear_ft":28.9,"t_front":"short","t_side":"short","t_rear":"meets","n_short":4,"measured":true},"geometry":{"type":"Polygon","coordinates":[[[-70.883997,42.558182],[-70.884195,42.558156],[-70.884248,42.558361],[-70.884045,42.558387],[-70.883997,42.558182]]]}},{"type":"Feature","properties":{"addr":"34 GRANT ST","units":3,"stories":3.0,"mbta":false,"lot_sf":4334,"req_lot_sf":12000,"frontage_ft":41.8,"req_frontage_ft":65,"req_front_ft":20,"req_side_ft":10,"req_rear_ft":20,"over_unit_cap":false,"corner":false,"t_area":"short","t_frontage":"short","front_ft":3.5,"side_ft":0.0,"rear_ft":11.9,"t_front":"short","t_side":"short","t_rear":"short","n_short":5,"measured":true},"geometry":{"type":"Polygon","coordinates":[[[-70.883993,42.557798],[-70.884156,42.557776],[-70.884176,42.557853],[-70.884221,42.558032],[-70.884051,42.558054],[-70.883993,42.557798]]]}},{"type":"Feature","properties":{"addr":"3 GAGE ST","units":3,"stories":3.0,"mbta":false,"lot_sf":2905,"req_lot_sf":12000,"frontage_ft":49.7,"req_frontage_ft":65,"req_front_ft":20,"req_side_ft":10,"req_rear_ft":20,"over_unit_cap":false,"corner":false,"t_area":"short","t_frontage":"short","front_ft":0.0,"side_ft":7.2,"rear_ft":6.6,"t_front":"short","t_side":"close","t_rear":"short","n_short":4,"measured":true},"geometry":{"type":"Polygon","coordinates":[[[-70.88397,42.556247],[-70.884073,42.556127],[-70.884246,42.556204],[-70.88415,42.556329],[-70.88397,42.556247]]]}},{"type":"Feature","properties":{"addr":"35 SIMON ST","units":1,"stories":null,"mbta":false,"lot_sf":4356,"req_lot_sf":8000,"frontage_ft":46.1,"req_frontage_ft":65,"req_front_ft":20,"req_side_ft":10,"req_rear_ft":20,"over_unit_cap":false,"corner":false,"t_area":"short","t_frontage":"short","front_ft":null,"side_ft":null,"rear_ft":null,"t_front":null,"t_side":null,"t_rear":null,"n_short":2,"measured":false},"geometry":{"type":"Polygon","coordinates":[[[-70.883948,42.558703],[-70.884133,42.558675],[-70.884187,42.558902],[-70.884012,42.558945],[-70.883948,42.558703]]]}},{"type":"Feature","properties":{"addr":"29 MILL ST","units":3,"stories":3.0,"mbta":false,"lot_sf":4472,"req_lot_sf":12000,"frontage_ft":37.7,"req_frontage_ft":65,"req_front_ft":20,"req_side_ft":10,"req_rear_ft":20,"over_unit_cap":false,"corner":false,"t_area":"short","t_frontage":"short","front_ft":3.9,"side_ft":2.7,"rear_ft":19.0,"t_front":"short","t_side":"short","t_rear":"close","n_short":4,"measured":true},"geometry":{"type":"Polygon","coordinates":[[[-70.883931,42.557521],[-70.884086,42.5575],[-70.88414,42.55771],[-70.884156,42.557776],[-70.883993,42.557798],[-70.883931,42.557521]]]}},{"type":"Feature","properties":{"addr":"15 GAGE ST","units":1,"stories":2.0,"mbta":false,"lot_sf":8974,"req_lot_sf":8000,"frontage_ft":95.7,"req_frontage_ft":65,"req_front_ft":20,"req_side_ft":10,"req_rear_ft":20,"over_unit_cap":false,"corner":false,"t_area":"meets","t_frontage":"meets","front_ft":9.3,"side_ft":13.4,"rear_ft":44.6,"t_front":"short","t_side":"meets","t_rear":"meets","n_short":1,"measured":true},"geometry":{"type":"Polygon","coordinates":[[[-70.883796,42.556814],[-70.883894,42.556692],[-70.883987,42.556578],[-70.884265,42.556707],[-70.884078,42.556946],[-70.883796,42.556814]]]}},{"type":"Feature","properties":{"addr":"12 BECKFORD ST","units":2,"stories":2.0,"mbta":false,"lot_sf":11020,"req_lot_sf":8000,"frontage_ft":45.5,"req_frontage_ft":65,"req_front_ft":20,"req_side_ft":10,"req_rear_ft":20,"over_unit_cap":false,"corner":true,"t_area":"meets","t_frontage":"short","front_ft":171.1,"side_ft":75.6,"rear_ft":2.9,"t_front":"meets","t_side":"meets","t_rear":"short","n_short":2,"measured":true},"geometry":{"type":"Polygon","coordinates":[[[-70.883987,42.556578],[-70.883578,42.556387],[-70.88367,42.556267],[-70.884056,42.556447],[-70.88436,42.556588],[-70.884265,42.556707],[-70.883987,42.556578]]]}},{"type":"Feature","properties":{"addr":"137 ELLIOTT ST","units":1,"stories":1.0,"mbta":false,"lot_sf":3030,"req_lot_sf":8000,"frontage_ft":87.4,"req_frontage_ft":65,"req_front_ft":20,"req_side_ft":10,"req_rear_ft":20,"over_unit_cap":false,"corner":true,"t_area":"short","t_frontage":"meets","front_ft":5.0,"side_ft":2.0,"rear_ft":37.5,"t_front":"short","t_side":"short","t_rear":"meets","n_short":3,"measured":true},"geometry":{"type":"Polygon","coordinates":[[[-70.883802,42.555575],[-70.883994,42.555395],[-70.884107,42.555431],[-70.883916,42.555634],[-70.883802,42.555575]]]}},{"type":"Feature","properties":{"addr":"30 GRANT ST","units":3,"stories":3.0,"mbta":false,"lot_sf":4806,"req_lot_sf":12000,"frontage_ft":46.5,"req_frontage_ft":65,"req_front_ft":20,"req_side_ft":10,"req_rear_ft":20,"over_unit_cap":false,"corner":false,"t_area":"short","t_frontage":"short","front_ft":4.7,"side_ft":6.4,"rear_ft":34.3,"t_front":"short","t_side":"short","t_rear":"meets","n_short":4,"measured":true},"geometry":{"type":"Polygon","coordinates":[[[-70.883809,42.557823],[-70.883993,42.557798],[-70.884051,42.558054],[-70.883863,42.558078],[-70.883809,42.557823]]]}},{"type":"Feature","properties":{"addr":"29 GRANT ST","units":2,"stories":2.0,"mbta":false,"lot_sf":4114,"req_lot_sf":8000,"frontage_ft":50.6,"req_frontage_ft":65,"req_front_ft":20,"req_side_ft":10,"req_rear_ft":20,"over_unit_cap":false,"corner":false,"t_area":"short","t_frontage":"short","front_ft":4.2,"side_ft":1.6,"rear_ft":28.5,"t_front":"short","t_side":"short","t_rear":"meets","n_short":4,"measured":true},"geometry":{"type":"Polygon","coordinates":[[[-70.883795,42.55821],[-70.883997,42.558182],[-70.884045,42.558387],[-70.883996,42.558393],[-70.883849,42.558412],[-70.883795,42.55821]]]}},{"type":"Feature","properties":{"addr":"8 BECKFORD ST","units":3,"stories":3.0,"mbta":false,"lot_sf":3484,"req_lot_sf":12000,"frontage_ft":66.4,"req_frontage_ft":65,"req_front_ft":20,"req_side_ft":10,"req_rear_ft":20,"over_unit_cap":false,"corner":true,"t_area":"short","t_frontage":"meets","front_ft":1.8,"side_ft":7.7,"rear_ft":10.0,"t_front":"short","t_side":"close","t_rear":"short","n_short":3,"measured":true},"geometry":{"type":"Polygon","coordinates":[[[-70.88376,42.556151],[-70.883854,42.556029],[-70.884073,42.556127],[-70.88397,42.556247],[-70.88376,42.556151]]]}},{"type":"Feature","properties":{"addr":"10 BECKFORD ST","units":2,"stories":2.0,"mbta":false,"lot_sf":6059,"req_lot_sf":8000,"frontage_ft":43.8,"req_frontage_ft":65,"req_front_ft":20,"req_side_ft":10,"req_rear_ft":20,"over_unit_cap":false,"corner":false,"t_area":"short","t_frontage":"short","front_ft":0.0,"side_ft":3.9,"rear_ft":19.9,"t_front":"short","t_side":"short","t_rear":"close","n_short":4,"measured":true},"geometry":{"type":"Polygon","coordinates":[[[-70.88367,42.556267],[-70.88376,42.556151],[-70.88397,42.556247],[-70.88415,42.556329],[-70.884056,42.556447],[-70.88367,42.556267]]]}},{"type":"Feature","properties":{"addr":"30-32 SIMON ST","units":2,"stories":2.0,"mbta":false,"lot_sf":4603,"req_lot_sf":8000,"frontage_ft":65.5,"req_frontage_ft":65,"req_front_ft":20,"req_side_ft":10,"req_rear_ft":20,"over_unit_cap":false,"corner":false,"t_area":"short","t_frontage":"meets","front_ft":1.6,"side_ft":1.4,"rear_ft":12.5,"t_front":"short","t_side":"short","t_rear":"short","n_short":4,"measured":true},"geometry":{"type":"Polygon","coordinates":[[[-70.883739,42.558426],[-70.883849,42.558412],[-70.883996,42.558393],[-70.884044,42.558567],[-70.883787,42.558604],[-70.883739,42.558426]]]}},{"type":"Feature","properties":{"addr":"31 SIMON ST","units":3,"stories":3.0,"mbta":false,"lot_sf":4702,"req_lot_sf":12000,"frontage_ft":46.5,"req_frontage_ft":65,"req_front_ft":20,"req_side_ft":10,"req_rear_ft":20,"over_unit_cap":false,"corner":false,"t_area":"short","t_frontage":"short","front_ft":1.6,"side_ft":0.0,"rear_ft":38.6,"t_front":"short","t_side":"short","t_rear":"meets","n_short":4,"measured":true},"geometry":{"type":"Polygon","coordinates":[[[-70.883761,42.55873],[-70.883948,42.558703],[-70.884012,42.558945],[-70.883836,42.558988],[-70.883761,42.55873]]]}},{"type":"Feature","properties":{"addr":"17-19 GAGE ST","units":3,"stories":2.0,"mbta":false,"lot_sf":5983,"req_lot_sf":12000,"frontage_ft":61.7,"req_frontage_ft":65,"req_front_ft":20,"req_side_ft":10,"req_rear_ft":20,"over_unit_cap":false,"corner":false,"t_area":"short","t_frontage":"short","front_ft":9.0,"side_ft":3.9,"rear_ft":35.0,"t_front":"short","t_side":"short","t_rear":"meets","n_short":4,"measured":true},"geometry":{"type":"Polygon","coordinates":[[[-70.88367,42.556969],[-70.883695,42.556939],[-70.883796,42.556814],[-70.884078,42.556946],[-70.883953,42.557104],[-70.88367,42.556969]]]}},{"type":"Feature","properties":{"addr":"133 ELLIOTT ST","units":1,"stories":null,"mbta":false,"lot_sf":3033,"req_lot_sf":8000,"frontage_ft":108.5,"req_frontage_ft":65,"req_front_ft":20,"req_side_ft":10,"req_rear_ft":20,"over_unit_cap":false,"corner":false,"t_area":"short","t_frontage":"meets","front_ft":null,"side_ft":null,"rear_ft":null,"t_front":null,"t_side":null,"t_rear":null,"n_short":1,"measured":false},"geometry":{"type":"Polygon","coordinates":[[[-70.883677,42.555511],[-70.883872,42.555355],[-70.883994,42.555395],[-70.883802,42.555575],[-70.883677,42.555511]]]}},{"type":"Feature","properties":{"addr":"21 GAGE ST","units":2,"stories":3.0,"mbta":false,"lot_sf":5754,"req_lot_sf":8000,"frontage_ft":57.6,"req_frontage_ft":65,"req_front_ft":20,"req_side_ft":10,"req_rear_ft":20,"over_unit_cap":false,"corner":false,"t_area":"short","t_frontage":"short","front_ft":14.3,"side_ft":2.6,"rear_ft":26.6,"t_front":"short","t_side":"short","t_rear":"meets","n_short":4,"measured":true},"geometry":{"type":"Polygon","coordinates":[[[-70.883597,42.557142],[-70.883549,42.55712],[-70.88367,42.556969],[-70.883953,42.557104],[-70.883909,42.55716],[-70.883837,42.557253],[-70.883597,42.557142]]]}},{"type":"Feature","properties":{"addr":"26 GRANT ST","units":3,"stories":3.0,"mbta":false,"lot_sf":4838,"req_lot_sf":12000,"frontage_ft":46.3,"req_frontage_ft":65,"req_front_ft":20,"req_side_ft":10,"req_rear_ft":20,"over_unit_cap":false,"corner":false,"t_area":"short","t_frontage":"short","front_ft":5.9,"side_ft":4.1,"rear_ft":35.0,"t_front":"short","t_side":"short","t_rear":"meets","n_short":4,"measured":true},"geometry":{"type":"Polygon","coordinates":[[[-70.88362,42.557848],[-70.883809,42.557823],[-70.883863,42.558078],[-70.883675,42.558102],[-70.88362,42.557848]]]}},{"type":"Feature","properties":{"addr":"3 BECKFORD ST","units":1,"stories":null,"mbta":false,"lot_sf":2982,"req_lot_sf":8000,"frontage_ft":31.3,"req_frontage_ft":65,"req_front_ft":20,"req_side_ft":10,"req_rear_ft":20,"over_unit_cap":false,"corner":false,"t_area":"short","t_frontage":"short","front_ft":null,"side_ft":null,"rear_ft":null,"t_front":null,"t_side":null,"t_rear":null,"n_short":2,"measured":false},"geometry":{"type":"Polygon","coordinates":[[[-70.883582,42.555588],[-70.883677,42.555511],[-70.883802,42.555575],[-70.883916,42.555634],[-70.883839,42.555715],[-70.883582,42.555588]]]}},{"type":"Feature","properties":{"addr":"27 GRANT ST","units":2,"stories":2.0,"mbta":false,"lot_sf":4107,"req_lot_sf":8000,"frontage_ft":50.9,"req_frontage_ft":65,"req_front_ft":20,"req_side_ft":10,"req_rear_ft":20,"over_unit_cap":false,"corner":false,"t_area":"short","t_frontage":"short","front_ft":0.5,"side_ft":1.8,"rear_ft":27.5,"t_front":"short","t_side":"short","t_rear":"meets","n_short":4,"measured":true},"geometry":{"type":"Polygon","coordinates":[[[-70.883591,42.558238],[-70.883795,42.55821],[-70.883849,42.558412],[-70.883739,42.558426],[-70.88365,42.558437],[-70.883591,42.558238]]]}},{"type":"Feature","properties":{"addr":"14 BECKFORD ST","units":1,"stories":2.0,"mbta":false,"lot_sf":6431,"req_lot_sf":8000,"frontage_ft":45.7,"req_frontage_ft":65,"req_front_ft":20,"req_side_ft":10,"req_rear_ft":20,"over_unit_cap":false,"corner":false,"t_area":"short","t_frontage":"short","front_ft":4.0,"side_ft":6.2,"rear_ft":79.2,"t_front":"short","t_side":"short","t_rear":"meets","n_short":4,"measured":true},"geometry":{"type":"Polygon","coordinates":[[[-70.883485,42.556508],[-70.883578,42.556387],[-70.883987,42.556578],[-70.883894,42.556692],[-70.883485,42.556508]]]}},{"type":"Feature","properties":{"addr":"29 SIMON ST","units":3,"stories":3.0,"mbta":false,"lot_sf":4942,"req_lot_sf":12000,"frontage_ft":43.6,"req_frontage_ft":65,"req_front_ft":20,"req_side_ft":10,"req_rear_ft":20,"over_unit_cap":false,"corner":false,"t_area":"short","t_frontage":"short","front_ft":1.2,"side_ft":1.4,"rear_ft":46.2,"t_front":"short","t_side":"short","t_rear":"meets","n_short":4,"measured":true},"geometry":{"type":"Polygon","coordinates":[[[-70.883584,42.558757],[-70.883761,42.55873],[-70.883836,42.558988],[-70.883654,42.559033],[-70.883584,42.558757]]]}},{"type":"Feature","properties":{"addr":"23 MILL ST","units":20,"stories":3.0,"mbta":false,"lot_sf":15341,"req_lot_sf":80000,"frontage_ft":144.8,"req_frontage_ft":65,"req_front_ft":20,"req_side_ft":10,"req_rear_ft":20,"over_unit_cap":false,"corner":false,"t_area":"short","t_frontage":"meets","front_ft":0.0,"side_ft":0.0,"rear_ft":42.6,"t_front":"short","t_side":"short","t_rear":"meets","n_short":3,"measured":true},"geometry":{"type":"Polygon","coordinates":[[[-70.883384,42.557594],[-70.883931,42.557521],[-70.883993,42.557798],[-70.883809,42.557823],[-70.88362,42.557848],[-70.883445,42.557872],[-70.883384,42.557594]]]}},{"type":"Feature","properties":{"addr":"26 SIMON ST","units":1,"stories":1.0,"mbta":false,"lot_sf":4047,"req_lot_sf":8000,"frontage_ft":55.2,"req_frontage_ft":65,"req_front_ft":20,"req_side_ft":10,"req_rear_ft":20,"over_unit_cap":false,"corner":false,"t_area":"short","t_frontage":"short","front_ft":8.6,"side_ft":14.1,"rear_ft":12.8,"t_front":"short","t_side":"meets","t_rear":"short","n_short":4,"measured":true},"geometry":{"type":"Polygon","coordinates":[[[-70.883518,42.558453],[-70.88365,42.558437],[-70.883739,42.558426],[-70.883787,42.558604],[-70.883568,42.558636],[-70.883518,42.558453]]]}},{"type":"Feature","properties":{"addr":"16 BECKFORD ST","units":1,"stories":1.75,"mbta":false,"lot_sf":6503,"req_lot_sf":8000,"frontage_ft":44.5,"req_frontage_ft":65,"req_front_ft":20,"req_side_ft":10,"req_rear_ft":20,"over_unit_cap":false,"corner":false,"t_area":"short","t_frontage":"short","front_ft":10.3,"side_ft":2.2,"rear_ft":65.9,"t_front":"short","t_side":"short","t_rear":"meets","n_short":4,"measured":true},"geometry":{"type":"Polygon","coordinates":[[[-70.883394,42.556626],[-70.883485,42.556508],[-70.883894,42.556692],[-70.883796,42.556814],[-70.883394,42.556626]]]}},{"type":"Feature","properties":{"addr":"5 BECKFORD ST","units":3,"stories":1.0,"mbta":false,"lot_sf":4585,"req_lot_sf":12000,"frontage_ft":47.7,"req_frontage_ft":65,"req_front_ft":20,"req_side_ft":10,"req_rear_ft":20,"over_unit_cap":false,"corner":false,"t_area":"short","t_frontage":"short","front_ft":5.5,"side_ft":4.3,"rear_ft":23.0,"t_front":"short","t_side":"short","t_rear":"meets","n_short":4,"measured":true},"geometry":{"type":"Polygon","coordinates":[[[-70.883448,42.555695],[-70.883582,42.555588],[-70.883839,42.555715],[-70.883727,42.555834],[-70.883448,42.555695]]]}},{"type":"Feature","properties":{"addr":"23 GAGE ST","units":3,"stories":2.5,"mbta":false,"lot_sf":8685,"req_lot_sf":12000,"frontage_ft":105.0,"req_frontage_ft":65,"req_front_ft":20,"req_side_ft":10,"req_rear_ft":20,"over_unit_cap":false,"corner":true,"t_area":"short","t_frontage":"meets","front_ft":47.6,"side_ft":14.4,"rear_ft":5.3,"t_front":"meets","t_side":"meets","t_rear":"short","n_short":2,"measured":true},"geometry":{"type":"Polygon","coordinates":[[[-70.883341,42.557464],[-70.883467,42.557304],[-70.883597,42.557142],[-70.883837,42.557253],[-70.883694,42.557438],[-70.883292,42.557493],[-70.883341,42.557464]]]}},{"type":"Feature","properties":{"addr":"22 GRANT ST","units":3,"stories":3.0,"mbta":false,"lot_sf":4495,"req_lot_sf":12000,"frontage_ft":43.0,"req_frontage_ft":65,"req_front_ft":20,"req_side_ft":10,"req_rear_ft":20,"over_unit_cap":false,"corner":false,"t_area":"short","t_frontage":"short","front_ft":4.3,"side_ft":6.2,"rear_ft":34.0,"t_front":"short","t_side":"short","t_rear":"meets","n_short":4,"measured":true},"geometry":{"type":"Polygon","coordinates":[[[-70.883445,42.557872],[-70.88362,42.557848],[-70.883675,42.558102],[-70.8835,42.558125],[-70.883445,42.557872]]]}},{"type":"Feature","properties":{"addr":"18 BECKFORD ST","units":1,"stories":1.75,"mbta":false,"lot_sf":6720,"req_lot_sf":8000,"frontage_ft":47.4,"req_frontage_ft":65,"req_front_ft":20,"req_side_ft":10,"req_rear_ft":20,"over_unit_cap":false,"corner":false,"t_area":"short","t_frontage":"short","front_ft":8.8,"side_ft":5.6,"rear_ft":73.3,"t_front":"short","t_side":"short","t_rear":"meets","n_short":4,"measured":true},"geometry":{"type":"Polygon","coordinates":[[[-70.883298,42.55675],[-70.883394,42.556626],[-70.883796,42.556814],[-70.883695,42.556939],[-70.883298,42.55675]]]}},{"type":"Feature","properties":{"addr":"23 SIMON ST","units":3,"stories":3.0,"mbta":false,"lot_sf":5382,"req_lot_sf":12000,"frontage_ft":46.6,"req_frontage_ft":65,"req_front_ft":20,"req_side_ft":10,"req_rear_ft":20,"over_unit_cap":false,"corner":false,"t_area":"short","t_frontage":"short","front_ft":0.7,"side_ft":4.2,"rear_ft":52.2,"t_front":"short","t_side":"short","t_rear":"meets","n_short":4,"measured":true},"geometry":{"type":"Polygon","coordinates":[[[-70.883397,42.558785],[-70.883584,42.558757],[-70.883654,42.559033],[-70.883475,42.559077],[-70.883397,42.558785]]]}},{"type":"Feature","properties":{"addr":"21 GRANT ST","units":2,"stories":2.0,"mbta":false,"lot_sf":3996,"req_lot_sf":8000,"frontage_ft":49.1,"req_frontage_ft":65,"req_front_ft":20,"req_side_ft":10,"req_rear_ft":20,"over_unit_cap":false,"corner":false,"t_area":"short","t_frontage":"short","front_ft":1.3,"side_ft":1.4,"rear_ft":27.3,"t_front":"short","t_side":"short","t_rear":"meets","n_short":4,"measured":true},"geometry":{"type":"Polygon","coordinates":[[[-70.883393,42.558265],[-70.883591,42.558238],[-70.88365,42.558437],[-70.883518,42.558453],[-70.883452,42.558462],[-70.883393,42.558265]]]}},{"type":"Feature","properties":{"addr":"7 BECKFORD ST","units":2,"stories":2.5,"mbta":false,"lot_sf":5206,"req_lot_sf":8000,"frontage_ft":47.9,"req_frontage_ft":65,"req_front_ft":20,"req_side_ft":10,"req_rear_ft":20,"over_unit_cap":false,"corner":false,"t_area":"short","t_frontage":"short","front_ft":6.9,"side_ft":6.1,"rear_ft":30.1,"t_front":"short","t_side":"short","t_rear":"meets","n_short":4,"measured":true},"geometry":{"type":"Polygon","coordinates":[[[-70.883302,42.555812],[-70.883448,42.555695],[-70.883727,42.555834],[-70.883615,42.555952],[-70.883302,42.555812]]]}},{"type":"Feature","properties":{"addr":"23 FRONT ST","units":2,"stories":2.0,"mbta":false,"lot_sf":1862,"req_lot_sf":8000,"frontage_ft":76.2,"req_frontage_ft":65,"req_front_ft":20,"req_side_ft":10,"req_rear_ft":20,"over_unit_cap":false,"corner":false,"t_area":"short","t_frontage":"meets","front_ft":0.0,"side_ft":10.9,"rear_ft":8.4,"t_front":"short","t_side":"meets","t_rear":"short","n_short":3,"measured":true},"geometry":{"type":"Polygon","coordinates":[[[-70.883542,42.541658],[-70.883703,42.54168],[-70.883682,42.541765],[-70.883502,42.541796],[-70.883542,42.541658]]]}},{"type":"Feature","properties":{"addr":"24 SIMON ST","units":2,"stories":2.5,"mbta":false,"lot_sf":4021,"req_lot_sf":8000,"frontage_ft":53.3,"req_frontage_ft":65,"req_front_ft":20,"req_side_ft":10,"req_rear_ft":20,"over_unit_cap":false,"corner":false,"t_area":"short","t_frontage":"short","front_ft":12.0,"side_ft":0.8,"rear_ft":14.8,"t_front":"short","t_side":"short","t_rear":"short","n_short":5,"measured":true},"geometry":{"type":"Polygon","coordinates":[[[-70.883304,42.55848],[-70.883452,42.558462],[-70.883518,42.558453],[-70.883568,42.558636],[-70.883356,42.558667],[-70.883304,42.55848]]]}},{"type":"Feature","properties":{"addr":"443 CABOT ST","units":4,"stories":2.0,"mbta":false,"lot_sf":5313,"req_lot_sf":16000,"frontage_ft":91.8,"req_frontage_ft":65,"req_front_ft":20,"req_side_ft":10,"req_rear_ft":20,"over_unit_cap":false,"corner":true,"t_area":"short","t_frontage":"meets","front_ft":10.7,"side_ft":0.6,"rear_ft":29.2,"t_front":"short","t_side":"short","t_rear":"meets","n_short":3,"measured":true},"geometry":{"type":"Polygon","coordinates":[[[-70.883191,42.561501],[-70.883523,42.56144],[-70.883581,42.561591],[-70.883241,42.561652],[-70.883191,42.561501]]]}},{"type":"Feature","properties":{"addr":"20 BECKFORD ST","units":1,"stories":1.75,"mbta":false,"lot_sf":9836,"req_lot_sf":8000,"frontage_ft":73.8,"req_frontage_ft":65,"req_front_ft":20,"req_side_ft":10,"req_rear_ft":20,"over_unit_cap":false,"corner":false,"t_area":"meets","t_frontage":"meets","front_ft":1.7,"side_ft":8.1,"rear_ft":82.5,"t_front":"short","t_side":"close","t_rear":"meets","n_short":1,"measured":true},"geometry":{"type":"Polygon","coordinates":[[[-70.883153,42.556938],[-70.883298,42.55675],[-70.883695,42.556939],[-70.88367,42.556969],[-70.883549,42.55712],[-70.883153,42.556938]]]}},{"type":"Feature","properties":{"addr":"9 BECKFORD ST","units":2,"stories":2.5,"mbta":false,"lot_sf":5238,"req_lot_sf":8000,"frontage_ft":45.3,"req_frontage_ft":65,"req_front_ft":20,"req_side_ft":10,"req_rear_ft":20,"over_unit_cap":false,"corner":false,"t_area":"short","t_frontage":"short","front_ft":7.1,"side_ft":5.2,"rear_ft":36.0,"t_front":"short","t_side":"short","t_rear":"meets","n_short":4,"measured":true},"geometry":{"type":"Polygon","coordinates":[[[-70.883172,42.555916],[-70.883302,42.555812],[-70.883615,42.555952],[-70.883614,42.555954],[-70.88352,42.556071],[-70.883172,42.555916]]]}},{"type":"Feature","properties":{"addr":"18 GRANT ST","units":3,"stories":3.0,"mbta":false,"lot_sf":4846,"req_lot_sf":12000,"frontage_ft":46.9,"req_frontage_ft":65,"req_front_ft":20,"req_side_ft":10,"req_rear_ft":20,"over_unit_cap":false,"corner":false,"t_area":"short","t_frontage":"short","front_ft":4.5,"side_ft":4.6,"rear_ft":43.0,"t_front":"short","t_side":"short","t_rear":"meets","n_short":4,"measured":true},"geometry":{"type":"Polygon","coordinates":[[[-70.883255,42.557897],[-70.883445,42.557872],[-70.8835,42.558125],[-70.88331,42.558149],[-70.883255,42.557897]]]}},{"type":"Feature","properties":{"addr":"441 CABOT ST","units":2,"stories":2.0,"mbta":false,"lot_sf":4635,"req_lot_sf":8000,"frontage_ft":46.0,"req_frontage_ft":65,"req_front_ft":20,"req_side_ft":10,"req_rear_ft":20,"over_unit_cap":false,"corner":false,"t_area":"short","t_frontage":"short","front_ft":11.8,"side_ft":2.7,"rear_ft":34.1,"t_front":"short","t_side":"short","t_rear":"meets","n_short":4,"measured":true},"geometry":{"type":"Polygon","coordinates":[[[-70.883166,42.561427],[-70.883145,42.561366],[-70.88347,42.561306],[-70.883523,42.56144],[-70.883191,42.561501],[-70.883166,42.561427]]]}},{"type":"Feature","properties":{"addr":"19 SIMON ST","units":3,"stories":3.0,"mbta":false,"lot_sf":5484,"req_lot_sf":12000,"frontage_ft":44.3,"req_frontage_ft":65,"req_front_ft":20,"req_side_ft":10,"req_rear_ft":20,"over_unit_cap":false,"corner":false,"t_area":"short","t_frontage":"short","front_ft":null,"side_ft":null,"rear_ft":null,"t_front":null,"t_side":null,"t_rear":null,"n_short":2,"measured":false},"geometry":{"type":"Polygon","coordinates":[[[-70.883217,42.558811],[-70.883397,42.558785],[-70.883475,42.559077],[-70.883301,42.55912],[-70.883217,42.558811]]]}},{"type":"Feature","properties":{"addr":"17-19 GRANT ST","units":2,"stories":2.0,"mbta":false,"lot_sf":4107,"req_lot_sf":8000,"frontage_ft":50.4,"req_frontage_ft":65,"req_front_ft":20,"req_side_ft":10,"req_rear_ft":20,"over_unit_cap":false,"corner":false,"t_area":"short","t_frontage":"short","front_ft":1.3,"side_ft":2.2,"rear_ft":26.0,"t_front":"short","t_side":"short","t_rear":"meets","n_short":4,"measured":true},"geometry":{"type":"Polygon","coordinates":[[[-70.883192,42.558292],[-70.883393,42.558265],[-70.883452,42.558462],[-70.883304,42.55848],[-70.883243,42.558488],[-70.883192,42.558292]]]}},{"type":"Feature","properties":{"addr":"439 CABOT ST","units":2,"stories":2.0,"mbta":false,"lot_sf":4570,"req_lot_sf":8000,"frontage_ft":85.6,"req_frontage_ft":65,"req_front_ft":20,"req_side_ft":10,"req_rear_ft":20,"over_unit_cap":false,"corner":true,"t_area":"short","t_frontage":"meets","front_ft":2.1,"side_ft":16.7,"rear_ft":7.1,"t_front":"short","t_side":"meets","t_rear":"short","n_short":3,"measured":true},"geometry":{"type":"Polygon","coordinates":[[[-70.883097,42.561229],[-70.883415,42.561172],[-70.88347,42.561306],[-70.883145,42.561366],[-70.883097,42.561229]]]}},{"type":"Feature","properties":{"addr":"22 BECKFORD ST","units":2,"stories":1.75,"mbta":false,"lot_sf":10041,"req_lot_sf":8000,"frontage_ft":68.7,"req_frontage_ft":65,"req_front_ft":20,"req_side_ft":10,"req_rear_ft":20,"over_unit_cap":false,"corner":false,"t_area":"meets","t_frontage":"meets","front_ft":7.8,"side_ft":6.9,"rear_ft":32.9,"t_front":"short","t_side":"short","t_rear":"meets","n_short":2,"measured":true},"geometry":{"type":"Polygon","coordinates":[[[-70.883266,42.557223],[-70.883017,42.557114],[-70.883153,42.556938],[-70.883549,42.55712],[-70.883597,42.557142],[-70.883467,42.557304],[-70.883266,42.557223]]]}},{"type":"Feature","properties":{"addr":"2 MILL ST","units":1,"stories":1.0,"mbta":false,"lot_sf":4923,"req_lot_sf":8000,"frontage_ft":17.0,"req_frontage_ft":65,"req_front_ft":20,"req_side_ft":10,"req_rear_ft":20,"over_unit_cap":false,"corner":false,"t_area":"short","t_frontage":"short","front_ft":54.4,"side_ft":20.5,"rear_ft":2.4,"t_front":"meets","t_side":"meets","t_rear":"short","n_short":3,"measured":true},"geometry":{"type":"Polygon","coordinates":[[[-70.883251,42.557457],[-70.883124,42.5574],[-70.883266,42.557223],[-70.883467,42.557304],[-70.883341,42.557464],[-70.883292,42.557493],[-70.883209,42.557504],[-70.883251,42.557457]]]}},{"type":"Feature","properties":{"addr":"11 BECKFORD ST","units":3,"stories":3.0,"mbta":false,"lot_sf":5851,"req_lot_sf":12000,"frontage_ft":45.0,"req_frontage_ft":65,"req_front_ft":20,"req_side_ft":10,"req_rear_ft":20,"over_unit_cap":false,"corner":false,"t_area":"short","t_frontage":"short","front_ft":11.1,"side_ft":5.4,"rear_ft":36.3,"t_front":"short","t_side":"short","t_rear":"meets","n_short":4,"measured":true},"geometry":{"type":"Polygon","coordinates":[[[-70.883039,42.556023],[-70.883172,42.555916],[-70.88352,42.556071],[-70.883425,42.556189],[-70.883039,42.556023]]]}},{"type":"Feature","properties":{"addr":"22 FRONT ST","units":4,"stories":2.75,"mbta":false,"lot_sf":3403,"req_lot_sf":16000,"frontage_ft":64.9,"req_frontage_ft":65,"req_front_ft":20,"req_side_ft":10,"req_rear_ft":20,"over_unit_cap":false,"corner":true,"t_area":"short","t_frontage":"close","front_ft":0.0,"side_ft":5.8,"rear_ft":29.9,"t_front":"short","t_side":"short","t_rear":"meets","n_short":3,"measured":true},"geometry":{"type":"Polygon","coordinates":[[[-70.883262,42.54207],[-70.883302,42.541933],[-70.883547,42.541972],[-70.883511,42.542104],[-70.883262,42.54207]]]}},{"type":"Feature","properties":{"addr":"18-20 SIMON ST","units":2,"stories":2.0,"mbta":false,"lot_sf":4031,"req_lot_sf":8000,"frontage_ft":56.8,"req_frontage_ft":65,"req_front_ft":20,"req_side_ft":10,"req_rear_ft":20,"over_unit_cap":false,"corner":false,"t_area":"short","t_frontage":"short","front_ft":5.0,"side_ft":1.9,"rear_ft":11.5,"t_front":"short","t_side":"short","t_rear":"short","n_short":5,"measured":true},"geometry":{"type":"Polygon","coordinates":[[[-70.88308,42.558533],[-70.883248,42.558507],[-70.883243,42.558488],[-70.883304,42.55848],[-70.883356,42.558667],[-70.883132,42.5587],[-70.88308,42.558533]]]}},{"type":"Feature","properties":{"addr":"435 CABOT ST","units":2,"stories":3.0,"mbta":false,"lot_sf":4820,"req_lot_sf":8000,"frontage_ft":84.6,"req_frontage_ft":65,"req_front_ft":20,"req_side_ft":10,"req_rear_ft":20,"over_unit_cap":false,"corner":true,"t_area":"short","t_frontage":"meets","front_ft":10.7,"side_ft":1.9,"rear_ft":26.9,"t_front":"short","t_side":"short","t_rear":"meets","n_short":3,"measured":true},"geometry":{"type":"Polygon","coordinates":[[[-70.883004,42.560964],[-70.88331,42.560904],[-70.88337,42.561053],[-70.883056,42.561111],[-70.883004,42.560964]]]}},{"type":"Feature","properties":{"addr":"12 GRANT ST","units":4,"stories":3.0,"mbta":false,"lot_sf":4652,"req_lot_sf":16000,"frontage_ft":45.8,"req_frontage_ft":65,"req_front_ft":20,"req_side_ft":10,"req_rear_ft":20,"over_unit_cap":false,"corner":false,"t_area":"short","t_frontage":"short","front_ft":4.1,"side_ft":4.8,"rear_ft":43.2,"t_front":"short","t_side":"short","t_rear":"meets","n_short":4,"measured":true},"geometry":{"type":"Polygon","coordinates":[[[-70.883074,42.557921],[-70.883255,42.557897],[-70.88331,42.558149],[-70.883125,42.558173],[-70.883074,42.557921]]]}},{"type":"Feature","properties":{"addr":"15 SIMON ST","units":3,"stories":3.0,"mbta":false,"lot_sf":5954,"req_lot_sf":12000,"frontage_ft":46.3,"req_frontage_ft":65,"req_front_ft":20,"req_side_ft":10,"req_rear_ft":20,"over_unit_cap":false,"corner":false,"t_area":"short","t_frontage":"short","front_ft":3.5,"side_ft":1.7,"rear_ft":63.8,"t_front":"short","t_side":"short","t_rear":"meets","n_short":4,"measured":true},"geometry":{"type":"Polygon","coordinates":[[[-70.883031,42.558839],[-70.883217,42.558811],[-70.883301,42.55912],[-70.883124,42.559163],[-70.883031,42.558839]]]}},{"type":"Feature","properties":{"addr":"14 DAVIS ST","units":2,"stories":1.0,"mbta":false,"lot_sf":4360,"req_lot_sf":8000,"frontage_ft":42.4,"req_frontage_ft":65,"req_front_ft":20,"req_side_ft":10,"req_rear_ft":20,"over_unit_cap":false,"corner":false,"t_area":"short","t_frontage":"short","front_ft":0.0,"side_ft":1.8,"rear_ft":21.6,"t_front":"short","t_side":"short","t_rear":"meets","n_short":4,"measured":true},"geometry":{"type":"Polygon","coordinates":[[[-70.883136,42.542186],[-70.883143,42.542168],[-70.883183,42.542057],[-70.883262,42.54207],[-70.883511,42.542104],[-70.883477,42.542232],[-70.883136,42.542186]]]}},{"type":"Feature","properties":{"addr":"433 CABOT ST","units":2,"stories":2.0,"mbta":false,"lot_sf":4257,"req_lot_sf":8000,"frontage_ft":44.4,"req_frontage_ft":65,"req_front_ft":20,"req_side_ft":10,"req_rear_ft":20,"over_unit_cap":false,"corner":false,"t_area":"short","t_frontage":"short","front_ft":11.6,"side_ft":1.2,"rear_ft":25.6,"t_front":"short","t_side":"short","t_rear":"meets","n_short":4,"measured":true},"geometry":{"type":"Polygon","coordinates":[[[-70.882976,42.560892],[-70.882956,42.560828],[-70.883257,42.560774],[-70.88331,42.560904],[-70.883004,42.560964],[-70.882976,42.560892]]]}},{"type":"Feature","properties":{"addr":"13 BECKFORD ST","units":6,"stories":3.0,"mbta":false,"lot_sf":6135,"req_lot_sf":24000,"frontage_ft":43.4,"req_frontage_ft":65,"req_front_ft":20,"req_side_ft":10,"req_rear_ft":20,"over_unit_cap":false,"corner":false,"t_area":"short","t_frontage":"short","front_ft":10.2,"side_ft":3.6,"rear_ft":47.3,"t_front":"short","t_side":"short","t_rear":"meets","n_short":4,"measured":true},"geometry":{"type":"Polygon","coordinates":[[[-70.882911,42.556125],[-70.883039,42.556023],[-70.883425,42.556189],[-70.883352,42.55628],[-70.883333,42.556302],[-70.882911,42.556125]]]}},{"type":"Feature","properties":{"addr":"5 HERRICK ST","units":2,"stories":2.0,"mbta":false,"lot_sf":4236,"req_lot_sf":8000,"frontage_ft":46.1,"req_frontage_ft":65,"req_front_ft":20,"req_side_ft":10,"req_rear_ft":20,"over_unit_cap":false,"corner":false,"t_area":"short","t_frontage":"short","front_ft":14.8,"side_ft":5.3,"rear_ft":6.2,"t_front":"short","t_side":"short","t_rear":"short","n_short":5,"measured":true},"geometry":{"type":"Polygon","coordinates":[[[-70.882987,42.561467],[-70.883166,42.561427],[-70.883191,42.561501],[-70.883241,42.561652],[-70.883058,42.561686],[-70.882987,42.561467]]]}},{"type":"Feature","properties":{"addr":"12 DAVIS ST","units":2,"stories":2.0,"mbta":false,"lot_sf":3545,"req_lot_sf":8000,"frontage_ft":32.3,"req_frontage_ft":65,"req_front_ft":20,"req_side_ft":10,"req_rear_ft":20,"over_unit_cap":false,"corner":false,"t_area":"short","t_frontage":"short","front_ft":0.0,"side_ft":0.0,"rear_ft":41.2,"t_front":"short","t_side":"short","t_rear":"meets","n_short":4,"measured":true},"geometry":{"type":"Polygon","coordinates":[[[-70.8831,42.542286],[-70.883112,42.542253],[-70.883136,42.542186],[-70.883477,42.542232],[-70.88345,42.542332],[-70.8831,42.542286]]]}},{"type":"Feature","properties":{"addr":"13-15 GRANT ST","units":2,"stories":2.0,"mbta":false,"lot_sf":3848,"req_lot_sf":8000,"frontage_ft":44.5,"req_frontage_ft":65,"req_front_ft":20,"req_side_ft":10,"req_rear_ft":20,"over_unit_cap":false,"corner":false,"t_area":"short","t_frontage":"short","front_ft":5.3,"side_ft":0.8,"rear_ft":26.0,"t_front":"short","t_side":"short","t_rear":"meets","n_short":4,"measured":true},"geometry":{"type":"Polygon","coordinates":[[[-70.883011,42.558317],[-70.883192,42.558292],[-70.883243,42.558488],[-70.883248,42.558507],[-70.88308,42.558533],[-70.883011,42.558317]]]}},{"type":"Feature","properties":{"addr":"9 MILL ST","units":20,"stories":3.0,"mbta":false,"lot_sf":16915,"req_lot_sf":80000,"frontage_ft":162.3,"req_frontage_ft":65,"req_front_ft":20,"req_side_ft":10,"req_rear_ft":20,"over_unit_cap":false,"corner":false,"t_area":"short","t_frontage":"meets","front_ft":1.6,"side_ft":15.6,"rear_ft":41.3,"t_front":"short","t_side":"meets","t_rear":"meets","n_short":2,"measured":true},"geometry":{"type":"Polygon","coordinates":[[[-70.882852,42.557951],[-70.882774,42.557676],[-70.883384,42.557594],[-70.883445,42.557872],[-70.883255,42.557897],[-70.883074,42.557921],[-70.882853,42.557955],[-70.882852,42.557951]]]}},{"type":"Feature","properties":{"addr":"431 CABOT ST","units":2,"stories":2.0,"mbta":false,"lot_sf":4175,"req_lot_sf":8000,"frontage_ft":79.2,"req_frontage_ft":65,"req_front_ft":20,"req_side_ft":10,"req_rear_ft":20,"over_unit_cap":false,"corner":true,"t_area":"short","t_frontage":"meets","front_ft":0.0,"side_ft":11.1,"rear_ft":7.7,"t_front":"short","t_side":"meets","t_rear":"short","n_short":3,"measured":true},"geometry":{"type":"Polygon","coordinates":[[[-70.882909,42.560694],[-70.883204,42.560641],[-70.883257,42.560774],[-70.882956,42.560828],[-70.882909,42.560694]]]}},{"type":"Feature","properties":{"addr":"8 DAVIS ST","units":1,"stories":2.0,"mbta":false,"lot_sf":4869,"req_lot_sf":8000,"frontage_ft":46.4,"req_frontage_ft":65,"req_front_ft":20,"req_side_ft":10,"req_rear_ft":20,"over_unit_cap":false,"corner":false,"t_area":"short","t_frontage":"short","front_ft":5.7,"side_ft":1.3,"rear_ft":40.8,"t_front":"short","t_side":"short","t_rear":"meets","n_short":4,"measured":true},"geometry":{"type":"Polygon","coordinates":[[[-70.883053,42.542416],[-70.883057,42.542404],[-70.8831,42.542286],[-70.88345,42.542332],[-70.883413,42.54247],[-70.883053,42.542416]]]}},{"type":"Feature","properties":{"addr":"4 LYMAN ST","units":1,"stories":2.0,"mbta":false,"lot_sf":3755,"req_lot_sf":8000,"frontage_ft":43.5,"req_frontage_ft":65,"req_front_ft":20,"req_side_ft":10,"req_rear_ft":20,"over_unit_cap":false,"corner":false,"t_area":"short","t_frontage":"short","front_ft":0.0,"side_ft":0.0,"rear_ft":23.3,"t_front":"short","t_side":"short","t_rear":"meets","n_short":4,"measured":true},"geometry":{"type":"Polygon","coordinates":[[[-70.882922,42.56126],[-70.883097,42.561229],[-70.883145,42.561366],[-70.883166,42.561427],[-70.882987,42.561467],[-70.882922,42.56126]]]}},{"type":"Feature","properties":{"addr":"42 WATER ST","units":4,"stories":2.0,"mbta":false,"lot_sf":15860,"req_lot_sf":16000,"frontage_ft":165.9,"req_frontage_ft":65,"req_front_ft":20,"req_side_ft":10,"req_rear_ft":20,"over_unit_cap":false,"corner":true,"t_area":"close","t_frontage":"meets","front_ft":61.3,"side_ft":8.7,"rear_ft":0.0,"t_front":"meets","t_side":"close","t_rear":"short","n_short":1,"measured":true},"geometry":{"type":"Polygon","coordinates":[[[-70.882904,42.54179],[-70.882926,42.541662],[-70.883085,42.541678],[-70.883105,42.541634],[-70.88312,42.541493],[-70.8835,42.54148],[-70.883502,42.541652],[-70.883542,42.541658],[-70.883502,42.541796],[-70.883324,42.541826],[-70.883318,42.541849],[-70.882904,42.54179]]]}},{"type":"Feature","properties":{"addr":"24 BECKFORD ST","units":2,"stories":1.75,"mbta":false,"lot_sf":5803,"req_lot_sf":8000,"frontage_ft":69.8,"req_frontage_ft":65,"req_front_ft":20,"req_side_ft":10,"req_rear_ft":20,"over_unit_cap":false,"corner":false,"t_area":"short","t_frontage":"meets","front_ft":1.0,"side_ft":2.9,"rear_ft":21.7,"t_front":"short","t_side":"short","t_rear":"meets","n_short":3,"measured":true},"geometry":{"type":"Polygon","coordinates":[[[-70.88288,42.557292],[-70.883017,42.557114],[-70.883266,42.557223],[-70.883124,42.5574],[-70.88288,42.557292]]]}},{"type":"Feature","properties":{"addr":"4 DAVIS ST","units":6,"stories":2.5,"mbta":false,"lot_sf":5197,"req_lot_sf":24000,"frontage_ft":48.1,"req_frontage_ft":65,"req_front_ft":20,"req_side_ft":10,"req_rear_ft":20,"over_unit_cap":false,"corner":false,"t_area":"short","t_frontage":"short","front_ft":5.8,"side_ft":0.4,"rear_ft":37.2,"t_front":"short","t_side":"short","t_rear":"meets","n_short":4,"measured":true},"geometry":{"type":"Polygon","coordinates":[[[-70.883052,42.542557],[-70.883004,42.542552],[-70.883053,42.542416],[-70.883413,42.54247],[-70.883375,42.542613],[-70.883052,42.542557]]]}},{"type":"Feature","properties":{"addr":"2 DAVIS ST","units":4,"stories":1.0,"mbta":false,"lot_sf":5962,"req_lot_sf":16000,"frontage_ft":83.8,"req_frontage_ft":65,"req_front_ft":20,"req_side_ft":10,"req_rear_ft":20,"over_unit_cap":false,"corner":true,"t_area":"short","t_frontage":"meets","front_ft":6.6,"side_ft":0.1,"rear_ft":1.2,"t_front":"short","t_side":"short","t_rear":"short","n_short":4,"measured":true},"geometry":{"type":"Polygon","coordinates":[[[-70.883079,42.542755],[-70.883016,42.542738],[-70.883031,42.542686],[-70.883041,42.542685],[-70.883052,42.542557],[-70.883375,42.542613],[-70.883324,42.542802],[-70.883079,42.542755]]]}},{"type":"Feature","properties":{"addr":"15 BECKFORD ST","units":2,"stories":2.0,"mbta":false,"lot_sf":8081,"req_lot_sf":8000,"frontage_ft":55.8,"req_frontage_ft":65,"req_front_ft":20,"req_side_ft":10,"req_rear_ft":20,"over_unit_cap":false,"corner":false,"t_area":"meets","t_frontage":"short","front_ft":10.4,"side_ft":4.4,"rear_ft":63.1,"t_front":"short","t_side":"short","t_rear":"meets","n_short":3,"measured":true},"geometry":{"type":"Polygon","coordinates":[[[-70.882808,42.556271],[-70.882828,42.55624],[-70.882785,42.556226],[-70.882911,42.556125],[-70.883333,42.556302],[-70.883214,42.556444],[-70.882808,42.556271]]]}},{"type":"Feature","properties":{"addr":"26 FRONT ST","units":1,"stories":2.0,"mbta":false,"lot_sf":2598,"req_lot_sf":8000,"frontage_ft":45.3,"req_frontage_ft":65,"req_front_ft":20,"req_side_ft":10,"req_rear_ft":20,"over_unit_cap":false,"corner":false,"t_area":"short","t_frontage":"short","front_ft":6.8,"side_ft":0.0,"rear_ft":4.5,"t_front":"short","t_side":"short","t_rear":"short","n_short":5,"measured":true},"geometry":{"type":"Polygon","coordinates":[[[-70.883183,42.542057],[-70.883074,42.54204],[-70.88312,42.541905],[-70.883302,42.541933],[-70.883262,42.54207],[-70.883183,42.542057]]]}},{"type":"Feature","properties":{"addr":"14 SIMON ST","units":1,"stories":null,"mbta":false,"lot_sf":3168,"req_lot_sf":8000,"frontage_ft":46.3,"req_frontage_ft":65,"req_front_ft":20,"req_side_ft":10,"req_rear_ft":20,"over_unit_cap":false,"corner":false,"t_area":"short","t_frontage":"short","front_ft":null,"side_ft":null,"rear_ft":null,"t_front":null,"t_side":null,"t_rear":null,"n_short":2,"measured":false},"geometry":{"type":"Polygon","coordinates":[[[-70.882895,42.558563],[-70.88308,42.558533],[-70.883132,42.5587],[-70.882945,42.558728],[-70.882895,42.558563]]]}},{"type":"Feature","properties":{"addr":"429 CABOT ST","units":3,"stories":2.0,"mbta":false,"lot_sf":3820,"req_lot_sf":12000,"frontage_ft":73.7,"req_frontage_ft":65,"req_front_ft":20,"req_side_ft":10,"req_rear_ft":20,"over_unit_cap":false,"corner":true,"t_area":"short","t_frontage":"meets","front_ft":4.7,"side_ft":1.3,"rear_ft":23.0,"t_front":"short","t_side":"short","t_rear":"meets","n_short":3,"measured":true},"geometry":{"type":"Polygon","coordinates":[[[-70.882834,42.560441],[-70.883103,42.560391],[-70.883115,42.56042],[-70.883157,42.560526],[-70.882882,42.560575],[-70.882834,42.560441]]]}},{"type":"Feature","properties":{"addr":"10 GRANT ST","units":3,"stories":3.0,"mbta":false,"lot_sf":5324,"req_lot_sf":12000,"frontage_ft":50.3,"req_frontage_ft":65,"req_front_ft":20,"req_side_ft":10,"req_rear_ft":20,"over_unit_cap":false,"corner":false,"t_area":"short","t_frontage":"short","front_ft":2.5,"side_ft":4.7,"rear_ft":35.0,"t_front":"short","t_side":"short","t_rear":"meets","n_short":4,"measured":true},"geometry":{"type":"Polygon","coordinates":[[[-70.882853,42.557955],[-70.883074,42.557921],[-70.883125,42.558173],[-70.882923,42.558199],[-70.882853,42.557955]]]}},{"type":"Feature","properties":{"addr":"11 SIMON ST","units":2,"stories":2.0,"mbta":false,"lot_sf":6532,"req_lot_sf":8000,"frontage_ft":54.4,"req_frontage_ft":65,"req_front_ft":20,"req_side_ft":10,"req_rear_ft":20,"over_unit_cap":false,"corner":false,"t_area":"short","t_frontage":"short","front_ft":0.2,"side_ft":1.7,"rear_ft":20.8,"t_front":"short","t_side":"short","t_rear":"meets","n_short":4,"measured":true},"geometry":{"type":"Polygon","coordinates":[[[-70.882886,42.559032],[-70.882815,42.558871],[-70.883031,42.558839],[-70.883124,42.559163],[-70.882961,42.559203],[-70.882886,42.559032]]]}},{"type":"Feature","properties":{"addr":"26 BECKFORD ST","units":2,"stories":1.75,"mbta":false,"lot_sf":6825,"req_lot_sf":8000,"frontage_ft":73.3,"req_frontage_ft":65,"req_front_ft":20,"req_side_ft":10,"req_rear_ft":20,"over_unit_cap":false,"corner":true,"t_area":"short","t_frontage":"meets","front_ft":3.3,"side_ft":3.3,"rear_ft":6.9,"t_front":"short","t_side":"short","t_rear":"short","n_short":4,"measured":true},"geometry":{"type":"Polygon","coordinates":[[[-70.882746,42.557465],[-70.88288,42.557292],[-70.883124,42.5574],[-70.883251,42.557457],[-70.883209,42.557504],[-70.882923,42.557543],[-70.882746,42.557465]]]}},{"type":"Feature","properties":{"addr":"7 HERRICK ST","units":1,"stories":2.0,"mbta":false,"lot_sf":3944,"req_lot_sf":8000,"frontage_ft":43.8,"req_frontage_ft":65,"req_front_ft":20,"req_side_ft":10,"req_rear_ft":20,"over_unit_cap":false,"corner":false,"t_area":"short","t_frontage":"short","front_ft":16.5,"side_ft":2.8,"rear_ft":18.5,"t_front":"short","t_side":"short","t_rear":"close","n_short":4,"measured":true},"geometry":{"type":"Polygon","coordinates":[[[-70.882812,42.561501],[-70.882824,42.561498],[-70.882987,42.561467],[-70.883058,42.561686],[-70.88288,42.561714],[-70.882812,42.561501]]]}},{"type":"Feature","properties":{"addr":"427 CABOT ST","units":2,"stories":2.0,"mbta":false,"lot_sf":3565,"req_lot_sf":8000,"frontage_ft":44.1,"req_frontage_ft":65,"req_front_ft":20,"req_side_ft":10,"req_rear_ft":20,"over_unit_cap":false,"corner":false,"t_area":"short","t_frontage":"short","front_ft":4.4,"side_ft":2.3,"rear_ft":19.9,"t_front":"short","t_side":"short","t_rear":"close","n_short":4,"measured":true},"geometry":{"type":"Polygon","coordinates":[[[-70.88279,42.560314],[-70.883052,42.560262],[-70.883063,42.560291],[-70.883103,42.560391],[-70.882834,42.560441],[-70.88279,42.560314]]]}},{"type":"Feature","properties":{"addr":"5 LYMAN ST","units":1,"stories":2.0,"mbta":false,"lot_sf":3971,"req_lot_sf":8000,"frontage_ft":43.1,"req_frontage_ft":65,"req_front_ft":20,"req_side_ft":10,"req_rear_ft":20,"over_unit_cap":false,"corner":false,"t_area":"short","t_frontage":"short","front_ft":16.8,"side_ft":3.6,"rear_ft":15.8,"t_front":"short","t_side":"short","t_rear":"short","n_short":5,"measured":true},"geometry":{"type":"Polygon","coordinates":[[[-70.882803,42.560925],[-70.882976,42.560892],[-70.883004,42.560964],[-70.883056,42.561111],[-70.882883,42.561142],[-70.882803,42.560925]]]}},{"type":"Feature","properties":{"addr":"11 GRANT ST","units":2,"stories":2.0,"mbta":false,"lot_sf":4148,"req_lot_sf":8000,"frontage_ft":45.6,"req_frontage_ft":65,"req_front_ft":20,"req_side_ft":10,"req_rear_ft":20,"over_unit_cap":false,"corner":false,"t_area":"short","t_frontage":"short","front_ft":0.8,"side_ft":0.0,"rear_ft":31.9,"t_front":"short","t_side":"short","t_rear":"meets","n_short":4,"measured":true},"geometry":{"type":"Polygon","coordinates":[[[-70.882827,42.558342],[-70.883011,42.558317],[-70.88308,42.558533],[-70.882895,42.558563],[-70.882827,42.558342]]]}},{"type":"Feature","properties":{"addr":"17 BECKFORD ST","units":2,"stories":2.0,"mbta":false,"lot_sf":8592,"req_lot_sf":8000,"frontage_ft":53.1,"req_frontage_ft":65,"req_front_ft":20,"req_side_ft":10,"req_rear_ft":20,"over_unit_cap":false,"corner":false,"t_area":"meets","t_frontage":"short","front_ft":7.0,"side_ft":7.2,"rear_ft":70.9,"t_front":"short","t_side":"close","t_rear":"meets","n_short":2,"measured":true},"geometry":{"type":"Polygon","coordinates":[[[-70.882609,42.556362],[-70.882725,42.556274],[-70.882785,42.556226],[-70.882828,42.55624],[-70.882808,42.556271],[-70.883214,42.556444],[-70.883116,42.556562],[-70.8831,42.556579],[-70.882609,42.556362]]]}},{"type":"Feature","properties":{"addr":"8 LYMAN ST","units":2,"stories":2.5,"mbta":false,"lot_sf":3562,"req_lot_sf":8000,"frontage_ft":41.4,"req_frontage_ft":65,"req_front_ft":20,"req_side_ft":10,"req_rear_ft":20,"over_unit_cap":false,"corner":false,"t_area":"short","t_frontage":"short","front_ft":2.5,"side_ft":2.8,"rear_ft":21.2,"t_front":"short","t_side":"short","t_rear":"meets","n_short":4,"measured":true},"geometry":{"type":"Polygon","coordinates":[[[-70.882755,42.56129],[-70.882922,42.56126],[-70.882987,42.561467],[-70.882824,42.561498],[-70.882755,42.56129]]]}},{"type":"Feature","properties":{"addr":"28 FRONT ST","units":1,"stories":2.0,"mbta":false,"lot_sf":3774,"req_lot_sf":8000,"frontage_ft":28.0,"req_frontage_ft":65,"req_front_ft":20,"req_side_ft":10,"req_rear_ft":20,"over_unit_cap":false,"corner":false,"t_area":"short","t_frontage":"short","front_ft":3.4,"side_ft":0.0,"rear_ft":19.0,"t_front":"short","t_side":"short","t_rear":"close","n_short":4,"measured":true},"geometry":{"type":"Polygon","coordinates":[[[-70.882959,42.542136],[-70.882984,42.542062],[-70.882967,42.542],[-70.883001,42.541886],[-70.88312,42.541905],[-70.883074,42.54204],[-70.883183,42.542057],[-70.883143,42.542168],[-70.882959,42.542136]]]}},{"type":"Feature","properties":{"addr":"425 CABOT ST","units":3,"stories":2.5,"mbta":false,"lot_sf":4731,"req_lot_sf":12000,"frontage_ft":50.3,"req_frontage_ft":65,"req_front_ft":20,"req_side_ft":10,"req_rear_ft":20,"over_unit_cap":false,"corner":false,"t_area":"short","t_frontage":"short","front_ft":1.3,"side_ft":3.8,"rear_ft":18.4,"t_front":"short","t_side":"short","t_rear":"close","n_short":4,"measured":true},"geometry":{"type":"Polygon","coordinates":[[[-70.882761,42.560233],[-70.882625,42.560259],[-70.882606,42.560209],[-70.882763,42.560174],[-70.88276,42.560162],[-70.882994,42.560117],[-70.883007,42.560151],[-70.883052,42.560262],[-70.88279,42.560314],[-70.882761,42.560233]]]}},{"type":"Feature","properties":{"addr":"4 MASON ST","units":2,"stories":2.0,"mbta":false,"lot_sf":3681,"req_lot_sf":8000,"frontage_ft":44.8,"req_frontage_ft":65,"req_front_ft":20,"req_side_ft":10,"req_rear_ft":20,"over_unit_cap":false,"corner":false,"t_area":"short","t_frontage":"short","front_ft":0.0,"side_ft":0.0,"rear_ft":7.9,"t_front":"short","t_side":"short","t_rear":"short","n_short":5,"measured":true},"geometry":{"type":"Polygon","coordinates":[[[-70.88273,42.560726],[-70.882909,42.560694],[-70.882956,42.560828],[-70.882976,42.560892],[-70.882803,42.560925],[-70.88273,42.560726]]]}},{"type":"Feature","properties":{"addr":"423 CABOT ST","units":1,"stories":2.0,"mbta":false,"lot_sf":4518,"req_lot_sf":8000,"frontage_ft":70.3,"req_frontage_ft":65,"req_front_ft":20,"req_side_ft":10,"req_rear_ft":20,"over_unit_cap":false,"corner":true,"t_area":"short","t_frontage":"meets","front_ft":17.5,"side_ft":10.1,"rear_ft":26.5,"t_front":"close","t_side":"meets","t_rear":"meets","n_short":1,"measured":true},"geometry":{"type":"Polygon","coordinates":[[[-70.882703,42.559969],[-70.882917,42.559925],[-70.882994,42.560117],[-70.88276,42.560162],[-70.882703,42.559969]]]}},{"type":"Feature","properties":{"addr":"6 SOUTH ST","units":2,"stories":2.0,"mbta":true,"lot_sf":2862,"req_lot_sf":8000,"frontage_ft":27.4,"req_frontage_ft":65,"req_front_ft":20,"req_side_ft":10,"req_rear_ft":20,"over_unit_cap":false,"corner":false,"t_area":"short","t_frontage":"short","front_ft":13.3,"side_ft":2.4,"rear_ft":2.0,"t_front":"short","t_side":"short","t_rear":"short","n_short":5,"measured":true},"geometry":{"type":"Polygon","coordinates":[[[-70.882788,42.542197],[-70.88282,42.542112],[-70.882959,42.542136],[-70.883143,42.542168],[-70.883136,42.542186],[-70.883112,42.542253],[-70.882788,42.542197]]]}},{"type":"Feature","properties":{"addr":"10-12 SIMON ST","units":2,"stories":3.0,"mbta":false,"lot_sf":3850,"req_lot_sf":8000,"frontage_ft":59.0,"req_frontage_ft":65,"req_front_ft":20,"req_side_ft":10,"req_rear_ft":20,"over_unit_cap":false,"corner":false,"t_area":"short","t_frontage":"short","front_ft":4.1,"side_ft":9.0,"rear_ft":10.8,"t_front":"short","t_side":"close","t_rear":"short","n_short":4,"measured":true},"geometry":{"type":"Polygon","coordinates":[[[-70.88267,42.558598],[-70.882717,42.558591],[-70.882895,42.558563],[-70.882945,42.558728],[-70.882713,42.558762],[-70.88267,42.558598]]]}},{"type":"Feature","properties":{"addr":"8 GRANT ST","units":2,"stories":2.0,"mbta":false,"lot_sf":4215,"req_lot_sf":8000,"frontage_ft":42.4,"req_frontage_ft":65,"req_front_ft":20,"req_side_ft":10,"req_rear_ft":20,"over_unit_cap":false,"corner":false,"t_area":"short","t_frontage":"short","front_ft":1.7,"side_ft":1.8,"rear_ft":41.1,"t_front":"short","t_side":"short","t_rear":"meets","n_short":4,"measured":true},"geometry":{"type":"Polygon","coordinates":[[[-70.882686,42.55798],[-70.882853,42.557955],[-70.882923,42.558199],[-70.88275,42.558221],[-70.882686,42.55798]]]}},{"type":"Feature","properties":{"addr":"7 LYMAN ST","units":1,"stories":2.0,"mbta":false,"lot_sf":4038,"req_lot_sf":8000,"frontage_ft":46.3,"req_frontage_ft":65,"req_front_ft":20,"req_side_ft":10,"req_rear_ft":20,"over_unit_cap":false,"corner":false,"t_area":"short","t_frontage":"short","front_ft":15.8,"side_ft":2.7,"rear_ft":20.8,"t_front":"short","t_side":"short","t_rear":"meets","n_short":4,"measured":true},"geometry":{"type":"Polygon","coordinates":[[[-70.882633,42.560958],[-70.882803,42.560925],[-70.882883,42.561142],[-70.882699,42.561176],[-70.882633,42.560958]]]}},{"type":"Feature","properties":{"addr":"9 HERRICK ST","units":1,"stories":1.75,"mbta":false,"lot_sf":4225,"req_lot_sf":8000,"frontage_ft":47.1,"req_frontage_ft":65,"req_front_ft":20,"req_side_ft":10,"req_rear_ft":20,"over_unit_cap":false,"corner":false,"t_area":"short","t_frontage":"short","front_ft":10.6,"side_ft":4.7,"rear_ft":33.6,"t_front":"short","t_side":"short","t_rear":"meets","n_short":4,"measured":true},"geometry":{"type":"Polygon","coordinates":[[[-70.882619,42.56153],[-70.882622,42.56153],[-70.882812,42.561501],[-70.88288,42.561714],[-70.882696,42.561745],[-70.882692,42.561746],[-70.882619,42.56153]]]}},{"type":"Feature","properties":{"addr":"28 BECKFORD ST","units":1,"stories":3.0,"mbta":false,"lot_sf":1194,"req_lot_sf":8000,"frontage_ft":58.6,"req_frontage_ft":65,"req_front_ft":20,"req_side_ft":10,"req_rear_ft":20,"over_unit_cap":false,"corner":true,"t_area":"short","t_frontage":"short","front_ft":0.0,"side_ft":0.0,"rear_ft":0.0,"t_front":"short","t_side":"short","t_rear":"short","n_short":5,"measured":true},"geometry":{"type":"Polygon","coordinates":[[[-70.882739,42.557567],[-70.882736,42.557567],[-70.882734,42.557567],[-70.882732,42.557566],[-70.88273,42.557566],[-70.882727,42.557565],[-70.882725,42.557565],[-70.882723,42.557564],[-70.882721,42.557563],[-70.882719,42.557563],[-70.882717,42.557562],[-70.882715,42.557561],[-70.882714,42.55756],[-70.882712,42.557558],[-70.88271,42.557557],[-70.882709,42.557556],[-70.882707,42.557555],[-70.882706,42.557553],[-70.882705,42.557552],[-70.882703,42.55755],[-70.882702,42.557549],[-70.882701,42.557547],[-70.882701,42.557546],[-70.8827,42.557544],[-70.882699,42.557542],[-70.882699,42.557541],[-70.882698,42.557539],[-70.882698,42.557537],[-70.882698,42.557536],[-70.882698,42.557534],[-70.882698,42.557532],[-70.882698,42.55753],[-70.882699,42.557529],[-70.882699,42.557527],[-70.8827,42.557525],[-70.882701,42.557524],[-70.882701,42.557522],[-70.882702,42.557521],[-70.882703,42.557519],[-70.882705,42.557518],[-70.882706,42.557516],[-70.882707,42.557515],[-70.882709,42.557513],[-70.88271,42.557512],[-70.882746,42.557465],[-70.882923,42.557543],[-70.88275,42.557567],[-70.882748,42.557567],[-70.882746,42.557567],[-70.882743,42.557567],[-70.882741,42.557567],[-70.882739,42.557567]]]}},{"type":"Feature","properties":{"addr":"9 GRANT ST","units":3,"stories":3.0,"mbta":false,"lot_sf":4198,"req_lot_sf":12000,"frontage_ft":47.0,"req_frontage_ft":65,"req_front_ft":20,"req_side_ft":10,"req_rear_ft":20,"over_unit_cap":false,"corner":false,"t_area":"short","t_frontage":"short","front_ft":1.5,"side_ft":0.0,"rear_ft":16.0,"t_front":"short","t_side":"short","t_rear":"short","n_short":5,"measured":true},"geometry":{"type":"Polygon","coordinates":[[[-70.882638,42.558367],[-70.882827,42.558342],[-70.882895,42.558563],[-70.882717,42.558591],[-70.882638,42.558367]]]}},{"type":"Feature","properties":{"addr":"8 SOUTH ST","units":3,"stories":3.0,"mbta":true,"lot_sf":5212,"req_lot_sf":8000,"frontage_ft":53.8,"req_frontage_ft":65,"req_front_ft":20,"req_side_ft":10,"req_rear_ft":20,"over_unit_cap":false,"corner":false,"t_area":"short","t_frontage":"short","front_ft":3.9,"side_ft":8.0,"rear_ft":46.2,"t_front":"short","t_side":"close","t_rear":"meets","n_short":3,"measured":true},"geometry":{"type":"Polygon","coordinates":[[[-70.882729,42.542353],[-70.882788,42.542197],[-70.883112,42.542253],[-70.8831,42.542286],[-70.883057,42.542404],[-70.882729,42.542353]]]}},{"type":"Feature","properties":{"addr":"2 SOUTH ST","units":2,"stories":2.5,"mbta":false,"lot_sf":2829,"req_lot_sf":8000,"frontage_ft":88.5,"req_frontage_ft":65,"req_front_ft":20,"req_side_ft":10,"req_rear_ft":20,"over_unit_cap":false,"corner":true,"t_area":"short","t_frontage":"meets","front_ft":null,"side_ft":null,"rear_ft":null,"t_front":null,"t_side":null,"t_rear":null,"n_short":1,"measured":false},"geometry":{"type":"Polygon","coordinates":[[[-70.88282,42.542112],[-70.882911,42.541872],[-70.883001,42.541886],[-70.882967,42.542],[-70.882984,42.542062],[-70.882959,42.542136],[-70.88282,42.542112]]]}},{"type":"Feature","properties":{"addr":"5 STONE ST","units":1,"stories":2.0,"mbta":true,"lot_sf":4509,"req_lot_sf":8000,"frontage_ft":77.8,"req_frontage_ft":65,"req_front_ft":20,"req_side_ft":10,"req_rear_ft":20,"over_unit_cap":false,"corner":false,"t_area":"short","t_frontage":"meets","front_ft":0.0,"side_ft":0.6,"rear_ft":6.0,"t_front":"short","t_side":"short","t_rear":"short","n_short":4,"measured":true},"geometry":{"type":"Polygon","coordinates":[[[-70.88273,42.542656],[-70.882753,42.542613],[-70.88276,42.542614],[-70.882782,42.542573],[-70.882787,42.542574],[-70.882819,42.542511],[-70.882894,42.542525],[-70.882892,42.542539],[-70.883004,42.542552],[-70.883052,42.542557],[-70.883041,42.542685],[-70.883031,42.542686],[-70.883016,42.542738],[-70.88273,42.542656]]]}},{"type":"Feature","properties":{"addr":"3-5 MASON ST","units":2,"stories":2.0,"mbta":false,"lot_sf":6527,"req_lot_sf":8000,"frontage_ft":46.6,"req_frontage_ft":65,"req_front_ft":20,"req_side_ft":10,"req_rear_ft":20,"over_unit_cap":false,"corner":false,"t_area":"short","t_frontage":"short","front_ft":6.5,"side_ft":1.2,"rear_ft":39.3,"t_front":"short","t_side":"short","t_rear":"meets","n_short":4,"measured":true},"geometry":{"type":"Polygon","coordinates":[[[-70.88258,42.560268],[-70.882625,42.560259],[-70.882761,42.560233],[-70.88279,42.560314],[-70.882834,42.560441],[-70.882882,42.560575],[-70.882696,42.560608],[-70.88258,42.560268]]]}},{"type":"Feature","properties":{"addr":"10 SOUTH ST","units":1,"stories":2.0,"mbta":true,"lot_sf":4793,"req_lot_sf":8000,"frontage_ft":45.0,"req_frontage_ft":65,"req_front_ft":20,"req_side_ft":10,"req_rear_ft":20,"over_unit_cap":false,"corner":false,"t_area":"short","t_frontage":"short","front_ft":6.5,"side_ft":4.2,"rear_ft":11.0,"t_front":"short","t_side":"short","t_rear":"short","n_short":5,"measured":true},"geometry":{"type":"Polygon","coordinates":[[[-70.882892,42.542539],[-70.882894,42.542525],[-70.882819,42.542511],[-70.882679,42.542485],[-70.882729,42.542353],[-70.883057,42.542404],[-70.883053,42.542416],[-70.883004,42.542552],[-70.882892,42.542539]]]}},{"type":"Feature","properties":{"addr":"10 LYMAN ST","units":2,"stories":2.0,"mbta":false,"lot_sf":4620,"req_lot_sf":8000,"frontage_ft":48.3,"req_frontage_ft":65,"req_front_ft":20,"req_side_ft":10,"req_rear_ft":20,"over_unit_cap":false,"corner":false,"t_area":"short","t_frontage":"short","front_ft":12.1,"side_ft":3.6,"rear_ft":10.7,"t_front":"short","t_side":"short","t_rear":"short","n_short":5,"measured":true},"geometry":{"type":"Polygon","coordinates":[[[-70.88258,42.56149],[-70.882563,42.561324],[-70.882755,42.56129],[-70.882824,42.561498],[-70.882812,42.561501],[-70.882622,42.56153],[-70.882619,42.56153],[-70.882584,42.561537],[-70.88258,42.56149]]]}},{"type":"Feature","properties":{"addr":"8 MASON ST","units":1,"stories":2.0,"mbta":false,"lot_sf":3527,"req_lot_sf":8000,"frontage_ft":40.6,"req_frontage_ft":65,"req_front_ft":20,"req_side_ft":10,"req_rear_ft":20,"over_unit_cap":false,"corner":false,"t_area":"short","t_frontage":"short","front_ft":3.5,"side_ft":2.3,"rear_ft":40.5,"t_front":"short","t_side":"short","t_rear":"meets","n_short":4,"measured":true},"geometry":{"type":"Polygon","coordinates":[[[-70.882565,42.560755],[-70.88273,42.560726],[-70.882803,42.560925],[-70.882633,42.560958],[-70.882565,42.560755]]]}},{"type":"Feature","properties":{"addr":"419 CABOT ST","units":2,"stories":2.0,"mbta":false,"lot_sf":5263,"req_lot_sf":8000,"frontage_ft":90.6,"req_frontage_ft":65,"req_front_ft":20,"req_side_ft":10,"req_rear_ft":20,"over_unit_cap":false,"corner":true,"t_area":"short","t_frontage":"meets","front_ft":0.6,"side_ft":3.0,"rear_ft":35.2,"t_front":"short","t_side":"short","t_rear":"meets","n_short":3,"measured":true},"geometry":{"type":"Polygon","coordinates":[[[-70.8825,42.559734],[-70.882817,42.559671],[-70.882881,42.559823],[-70.882547,42.55989],[-70.8825,42.559734]]]}},{"type":"Feature","properties":{"addr":"23 BECKFORD ST","units":1,"stories":null,"mbta":false,"lot_sf":2962,"req_lot_sf":8000,"frontage_ft":null,"req_frontage_ft":65,"req_front_ft":20,"req_side_ft":10,"req_rear_ft":20,"over_unit_cap":false,"corner":false,"t_area":"short","t_frontage":null,"front_ft":null,"side_ft":null,"rear_ft":null,"t_front":null,"t_side":null,"t_rear":null,"n_short":1,"measured":false},"geometry":{"type":"Polygon","coordinates":[[[-70.882526,42.556808],[-70.882569,42.556657],[-70.88289,42.556806],[-70.882877,42.556821],[-70.882526,42.556808]]]}},{"type":"Feature","properties":{"addr":"25 BECKFORD ST","units":3,"stories":3.0,"mbta":false,"lot_sf":4459,"req_lot_sf":12000,"frontage_ft":62.5,"req_frontage_ft":65,"req_front_ft":20,"req_side_ft":10,"req_rear_ft":20,"over_unit_cap":false,"corner":true,"t_area":"short","t_frontage":"close","front_ft":3.3,"side_ft":2.4,"rear_ft":8.5,"t_front":"short","t_side":"short","t_rear":"short","n_short":4,"measured":true},"geometry":{"type":"Polygon","coordinates":[[[-70.88251,42.556963],[-70.882526,42.556808],[-70.882877,42.556821],[-70.882745,42.556971],[-70.88251,42.556963]]]}},{"type":"Feature","properties":{"addr":"35 FRONT ST","units":1,"stories":1.5,"mbta":false,"lot_sf":2646,"req_lot_sf":8000,"frontage_ft":54.1,"req_frontage_ft":65,"req_front_ft":20,"req_side_ft":10,"req_rear_ft":20,"over_unit_cap":false,"corner":false,"t_area":"short","t_frontage":"short","front_ft":0.0,"side_ft":0.0,"rear_ft":9.0,"t_front":"short","t_side":"short","t_rear":"short","n_short":5,"measured":true},"geometry":{"type":"Polygon","coordinates":[[[-70.882689,42.541759],[-70.882711,42.541641],[-70.882815,42.541652],[-70.882926,42.541662],[-70.882904,42.54179],[-70.882689,42.541759]]]}},{"type":"Feature","properties":{"addr":"34 BECKFORD ST","units":5,"stories":4.0,"mbta":false,"lot_sf":9082,"req_lot_sf":20000,"frontage_ft":69.8,"req_frontage_ft":65,"req_front_ft":20,"req_side_ft":10,"req_rear_ft":20,"over_unit_cap":false,"corner":true,"t_area":"short","t_frontage":"meets","front_ft":4.3,"side_ft":5.7,"rear_ft":1.9,"t_front":"short","t_side":"short","t_rear":"short","n_short":4,"measured":true},"geometry":{"type":"Polygon","coordinates":[[[-70.882403,42.557876],[-70.882543,42.557707],[-70.882774,42.557676],[-70.882852,42.557951],[-70.882853,42.557955],[-70.882686,42.55798],[-70.882683,42.55798],[-70.882629,42.557981],[-70.882403,42.557876]]]}},{"type":"Feature","properties":{"addr":"415 CABOT ST","units":8,"stories":3.0,"mbta":false,"lot_sf":5594,"req_lot_sf":32000,"frontage_ft":53.8,"req_frontage_ft":65,"req_front_ft":20,"req_side_ft":10,"req_rear_ft":20,"over_unit_cap":false,"corner":false,"t_area":"short","t_frontage":"short","front_ft":0.2,"side_ft":0.0,"rear_ft":20.7,"t_front":"short","t_side":"short","t_rear":"meets","n_short":4,"measured":true},"geometry":{"type":"Polygon","coordinates":[[[-70.882442,42.559542],[-70.882753,42.559517],[-70.882817,42.559671],[-70.8825,42.559734],[-70.882442,42.559542]]]}},{"type":"Feature","properties":{"addr":"6 GRANT ST","units":2,"stories":2.0,"mbta":false,"lot_sf":4071,"req_lot_sf":8000,"frontage_ft":59.3,"req_frontage_ft":65,"req_front_ft":20,"req_side_ft":10,"req_rear_ft":20,"over_unit_cap":false,"corner":false,"t_area":"short","t_frontage":"short","front_ft":5.0,"side_ft":2.7,"rear_ft":9.8,"t_front":"short","t_side":"short","t_rear":"short","n_short":5,"measured":true},"geometry":{"type":"Polygon","coordinates":[[[-70.88245,42.55822],[-70.882555,42.558109],[-70.882683,42.55798],[-70.882686,42.55798],[-70.88275,42.558221],[-70.882515,42.558251],[-70.88245,42.55822]]]}},{"type":"Feature","properties":{"addr":"9 LYMAN ST","units":1,"stories":2.0,"mbta":false,"lot_sf":4014,"req_lot_sf":8000,"frontage_ft":44.7,"req_frontage_ft":65,"req_front_ft":20,"req_side_ft":10,"req_rear_ft":20,"over_unit_cap":false,"corner":false,"t_area":"short","t_frontage":"short","front_ft":11.8,"side_ft":3.1,"rear_ft":21.7,"t_front":"short","t_side":"short","t_rear":"meets","n_short":4,"measured":true},"geometry":{"type":"Polygon","coordinates":[[[-70.882455,42.560993],[-70.882633,42.560958],[-70.882699,42.561176],[-70.88252,42.561209],[-70.882455,42.560993]]]}},{"type":"Feature","properties":{"addr":"7 GRANT ST","units":1,"stories":null,"mbta":false,"lot_sf":3690,"req_lot_sf":8000,"frontage_ft":36.0,"req_frontage_ft":65,"req_front_ft":20,"req_side_ft":10,"req_rear_ft":20,"over_unit_cap":false,"corner":false,"t_area":"short","t_frontage":"short","front_ft":null,"side_ft":null,"rear_ft":null,"t_front":null,"t_side":null,"t_rear":null,"n_short":2,"measured":false},"geometry":{"type":"Polygon","coordinates":[[[-70.882488,42.558388],[-70.882638,42.558367],[-70.882717,42.558591],[-70.88267,42.558598],[-70.882566,42.558614],[-70.882548,42.558617],[-70.882488,42.558388]]]}},{"type":"Feature","properties":{"addr":"11 HERRICK ST","units":1,"stories":1.75,"mbta":false,"lot_sf":3965,"req_lot_sf":8000,"frontage_ft":43.9,"req_frontage_ft":65,"req_front_ft":20,"req_side_ft":10,"req_rear_ft":20,"over_unit_cap":false,"corner":false,"t_area":"short","t_frontage":"short","front_ft":9.4,"side_ft":4.3,"rear_ft":23.5,"t_front":"short","t_side":"short","t_rear":"meets","n_short":4,"measured":true},"geometry":{"type":"Polygon","coordinates":[[[-70.882442,42.561562],[-70.882584,42.561537],[-70.882619,42.56153],[-70.882692,42.561746],[-70.882517,42.561778],[-70.882442,42.561562]]]}},{"type":"Feature","properties":{"addr":"19 BECKFORD ST","units":18,"stories":2.0,"mbta":false,"lot_sf":23710,"req_lot_sf":72000,"frontage_ft":95.4,"req_frontage_ft":65,"req_front_ft":20,"req_side_ft":10,"req_rear_ft":20,"over_unit_cap":false,"corner":false,"t_area":"short","t_frontage":"meets","front_ft":47.8,"side_ft":15.4,"rear_ft":48.9,"t_front":"meets","t_side":"meets","t_rear":"meets","n_short":1,"measured":true},"geometry":{"type":"Polygon","coordinates":[[[-70.882301,42.5568],[-70.882041,42.556791],[-70.882609,42.556362],[-70.8831,42.556579],[-70.88289,42.556806],[-70.882569,42.556657],[-70.882526,42.556808],[-70.882301,42.5568]]]}},{"type":"Feature","properties":{"addr":"8 SIMON ST","units":2,"stories":2.0,"mbta":false,"lot_sf":3551,"req_lot_sf":8000,"frontage_ft":53.4,"req_frontage_ft":65,"req_front_ft":20,"req_side_ft":10,"req_rear_ft":20,"over_unit_cap":false,"corner":false,"t_area":"short","t_frontage":"short","front_ft":3.8,"side_ft":7.2,"rear_ft":11.2,"t_front":"short","t_side":"close","t_rear":"short","n_short":4,"measured":true},"geometry":{"type":"Polygon","coordinates":[[[-70.882455,42.558632],[-70.882548,42.558617],[-70.882566,42.558614],[-70.88267,42.558598],[-70.882713,42.558762],[-70.8825,42.558793],[-70.882455,42.558632]]]}},{"type":"Feature","properties":{"addr":"6 SWAN ST","units":1,"stories":2.0,"mbta":false,"lot_sf":8584,"req_lot_sf":8000,"frontage_ft":95.5,"req_frontage_ft":65,"req_front_ft":20,"req_side_ft":10,"req_rear_ft":20,"over_unit_cap":false,"corner":false,"t_area":"meets","t_frontage":"meets","front_ft":1.4,"side_ft":1.3,"rear_ft":50.0,"t_front":"short","t_side":"short","t_rear":"meets","n_short":2,"measured":true},"geometry":{"type":"Polygon","coordinates":[[[-70.882344,42.560041],[-70.882703,42.559969],[-70.88276,42.560162],[-70.882763,42.560174],[-70.882606,42.560209],[-70.882625,42.560259],[-70.88258,42.560268],[-70.882437,42.560296],[-70.882344,42.560041]]]}},{"type":"Feature","properties":{"addr":"7 MASON ST","units":2,"stories":2.5,"mbta":false,"lot_sf":6239,"req_lot_sf":8000,"frontage_ft":45.3,"req_frontage_ft":65,"req_front_ft":20,"req_side_ft":10,"req_rear_ft":20,"over_unit_cap":false,"corner":false,"t_area":"short","t_frontage":"short","front_ft":8.6,"side_ft":4.3,"rear_ft":72.3,"t_front":"short","t_side":"short","t_rear":"meets","n_short":4,"measured":true},"geometry":{"type":"Polygon","coordinates":[[[-70.882408,42.560302],[-70.882437,42.560296],[-70.88258,42.560268],[-70.882696,42.560608],[-70.882514,42.56064],[-70.882408,42.560302]]]}},{"type":"Feature","properties":{"addr":"7 STONE ST","units":2,"stories":2.0,"mbta":true,"lot_sf":1934,"req_lot_sf":8000,"frontage_ft":50.9,"req_frontage_ft":65,"req_front_ft":20,"req_side_ft":10,"req_rear_ft":20,"over_unit_cap":false,"corner":true,"t_area":"short","t_frontage":"short","front_ft":2.3,"side_ft":0.0,"rear_ft":1.6,"t_front":"short","t_side":"short","t_rear":"short","n_short":5,"measured":true},"geometry":{"type":"Polygon","coordinates":[[[-70.882626,42.542626],[-70.882679,42.542485],[-70.882819,42.542511],[-70.882787,42.542574],[-70.882782,42.542573],[-70.88276,42.542614],[-70.882753,42.542613],[-70.88273,42.542656],[-70.882626,42.542626]]]}},{"type":"Feature","properties":{"addr":"10 MASON ST","units":1,"stories":2.0,"mbta":false,"lot_sf":3797,"req_lot_sf":8000,"frontage_ft":44.1,"req_frontage_ft":65,"req_front_ft":20,"req_side_ft":10,"req_rear_ft":20,"over_unit_cap":false,"corner":false,"t_area":"short","t_frontage":"short","front_ft":3.0,"side_ft":5.1,"rear_ft":41.9,"t_front":"short","t_side":"short","t_rear":"meets","n_short":4,"measured":true},"geometry":{"type":"Polygon","coordinates":[[[-70.882388,42.560785],[-70.882565,42.560755],[-70.882633,42.560958],[-70.882455,42.560993],[-70.882388,42.560785]]]}},{"type":"Feature","properties":{"addr":"12 LYMAN ST","units":1,"stories":1.0,"mbta":false,"lot_sf":3427,"req_lot_sf":8000,"frontage_ft":45.1,"req_frontage_ft":65,"req_front_ft":20,"req_side_ft":10,"req_rear_ft":20,"over_unit_cap":false,"corner":false,"t_area":"short","t_frontage":"short","front_ft":0.0,"side_ft":7.4,"rear_ft":17.9,"t_front":"short","t_side":"close","t_rear":"close","n_short":3,"measured":true},"geometry":{"type":"Polygon","coordinates":[[[-70.882383,42.561356],[-70.882563,42.561324],[-70.88258,42.56149],[-70.882584,42.561537],[-70.882442,42.561562],[-70.882383,42.561356]]]}},{"type":"Feature","properties":{"addr":"29 BECKFORD ST","units":3,"stories":3.0,"mbta":false,"lot_sf":3590,"req_lot_sf":12000,"frontage_ft":72.2,"req_frontage_ft":65,"req_front_ft":20,"req_side_ft":10,"req_rear_ft":20,"over_unit_cap":false,"corner":true,"t_area":"short","t_frontage":"meets","front_ft":0.3,"side_ft":4.2,"rear_ft":2.1,"t_front":"short","t_side":"short","t_rear":"short","n_short":4,"measured":true},"geometry":{"type":"Polygon","coordinates":[[[-70.882358,42.557193],[-70.88234,42.557152],[-70.882393,42.557072],[-70.88267,42.55707],[-70.88257,42.557225],[-70.882358,42.557193]]]}},{"type":"Feature","properties":{"addr":"38 BECKFORD ST","units":2,"stories":1.0,"mbta":false,"lot_sf":4202,"req_lot_sf":8000,"frontage_ft":46.7,"req_frontage_ft":65,"req_front_ft":20,"req_side_ft":10,"req_rear_ft":20,"over_unit_cap":false,"corner":false,"t_area":"short","t_frontage":"short","front_ft":4.6,"side_ft":6.1,"rear_ft":21.6,"t_front":"short","t_side":"short","t_rear":"meets","n_short":4,"measured":true},"geometry":{"type":"Polygon","coordinates":[[[-70.882303,42.557997],[-70.882403,42.557876],[-70.882629,42.557981],[-70.882683,42.55798],[-70.882555,42.558109],[-70.882303,42.557997]]]}},{"type":"Feature","properties":{"addr":"39 FRONT ST","units":2,"stories":2.0,"mbta":false,"lot_sf":2144,"req_lot_sf":8000,"frontage_ft":32.9,"req_frontage_ft":65,"req_front_ft":20,"req_side_ft":10,"req_rear_ft":20,"over_unit_cap":false,"corner":false,"t_area":"short","t_frontage":"short","front_ft":0.0,"side_ft":2.7,"rear_ft":15.0,"t_front":"short","t_side":"short","t_rear":"short","n_short":5,"measured":true},"geometry":{"type":"Polygon","coordinates":[[[-70.882551,42.541743],[-70.882573,42.541594],[-70.882718,42.541605],[-70.882711,42.541641],[-70.882689,42.541759],[-70.882551,42.541743]]]}},{"type":"Feature","properties":{"addr":"5 SWAN ST","units":1,"stories":1.75,"mbta":false,"lot_sf":4598,"req_lot_sf":8000,"frontage_ft":35.3,"req_frontage_ft":65,"req_front_ft":20,"req_side_ft":10,"req_rear_ft":20,"over_unit_cap":false,"corner":false,"t_area":"short","t_frontage":"short","front_ft":3.3,"side_ft":3.6,"rear_ft":22.6,"t_front":"short","t_side":"short","t_rear":"meets","n_short":4,"measured":true},"geometry":{"type":"Polygon","coordinates":[[[-70.882328,42.559602],[-70.882442,42.559542],[-70.8825,42.559734],[-70.882547,42.55989],[-70.882403,42.559919],[-70.882328,42.559602]]]}},{"type":"Feature","properties":{"addr":"5 GRANT ST","units":1,"stories":null,"mbta":false,"lot_sf":4156,"req_lot_sf":8000,"frontage_ft":45.2,"req_frontage_ft":65,"req_front_ft":20,"req_side_ft":10,"req_rear_ft":20,"over_unit_cap":false,"corner":false,"t_area":"short","t_frontage":"short","front_ft":null,"side_ft":null,"rear_ft":null,"t_front":null,"t_side":null,"t_rear":null,"n_short":2,"measured":false},"geometry":{"type":"Polygon","coordinates":[[[-70.882327,42.55846],[-70.882304,42.558386],[-70.882421,42.558397],[-70.882488,42.558388],[-70.882548,42.558617],[-70.882455,42.558632],[-70.882385,42.558643],[-70.882327,42.55846]]]}},{"type":"Feature","properties":{"addr":"11 LYMAN ST","units":3,"stories":2.75,"mbta":false,"lot_sf":4117,"req_lot_sf":12000,"frontage_ft":44.5,"req_frontage_ft":65,"req_front_ft":20,"req_side_ft":10,"req_rear_ft":20,"over_unit_cap":false,"corner":false,"t_area":"short","t_frontage":"short","front_ft":11.4,"side_ft":4.7,"rear_ft":17.4,"t_front":"short","t_side":"short","t_rear":"close","n_short":4,"measured":true},"geometry":{"type":"Polygon","coordinates":[[[-70.882265,42.561027],[-70.882455,42.560993],[-70.88252,42.561209],[-70.882342,42.561241],[-70.882265,42.561027]]]}},{"type":"Feature","properties":{"addr":"13 HERRICK ST","units":1,"stories":2.0,"mbta":false,"lot_sf":3991,"req_lot_sf":8000,"frontage_ft":44.0,"req_frontage_ft":65,"req_front_ft":20,"req_side_ft":10,"req_rear_ft":20,"over_unit_cap":false,"corner":false,"t_area":"short","t_frontage":"short","front_ft":12.5,"side_ft":5.6,"rear_ft":35.3,"t_front":"short","t_side":"short","t_rear":"meets","n_short":4,"measured":true},"geometry":{"type":"Polygon","coordinates":[[[-70.882263,42.561595],[-70.882442,42.561562],[-70.882517,42.561778],[-70.88234,42.56181],[-70.882263,42.561595]]]}},{"type":"Feature","properties":{"addr":"36 FRONT ST","units":2,"stories":2.0,"mbta":false,"lot_sf":4963,"req_lot_sf":8000,"frontage_ft":95.1,"req_frontage_ft":65,"req_front_ft":20,"req_side_ft":10,"req_rear_ft":20,"over_unit_cap":false,"corner":true,"t_area":"short","t_frontage":"meets","front_ft":54.9,"side_ft":2.2,"rear_ft":7.8,"t_front":"meets","t_side":"short","t_rear":"short","n_short":3,"measured":true},"geometry":{"type":"Polygon","coordinates":[[[-70.882387,42.541937],[-70.88242,42.541798],[-70.882776,42.541848],[-70.882725,42.541988],[-70.882387,42.541937]]]}},{"type":"Feature","properties":{"addr":"31 BECKFORD ST","units":2,"stories":2.0,"mbta":false,"lot_sf":3470,"req_lot_sf":8000,"frontage_ft":59.6,"req_frontage_ft":65,"req_front_ft":20,"req_side_ft":10,"req_rear_ft":20,"over_unit_cap":false,"corner":false,"t_area":"short","t_frontage":"short","front_ft":6.6,"side_ft":5.4,"rear_ft":0.0,"t_front":"short","t_side":"short","t_rear":"short","n_short":5,"measured":true},"geometry":{"type":"Polygon","coordinates":[[[-70.882256,42.557317],[-70.882273,42.557297],[-70.882358,42.557193],[-70.88257,42.557225],[-70.882468,42.557386],[-70.882256,42.557317]]]}},{"type":"Feature","properties":{"addr":"30 BENNETT ST","units":4,"stories":3.0,"mbta":false,"lot_sf":3559,"req_lot_sf":16000,"frontage_ft":56.5,"req_frontage_ft":65,"req_front_ft":20,"req_side_ft":10,"req_rear_ft":20,"over_unit_cap":false,"corner":false,"t_area":"short","t_frontage":"short","front_ft":7.7,"side_ft":2.6,"rear_ft":6.5,"t_front":"short","t_side":"short","t_rear":"short","n_short":5,"measured":true},"geometry":{"type":"Polygon","coordinates":[[[-70.882301,42.5568],[-70.882526,42.556808],[-70.88251,42.556963],[-70.882282,42.556965],[-70.882301,42.5568]]]}},{"type":"Feature","properties":{"addr":"9 MASON ST","units":3,"stories":2.0,"mbta":false,"lot_sf":6521,"req_lot_sf":12000,"frontage_ft":46.2,"req_frontage_ft":65,"req_front_ft":20,"req_side_ft":10,"req_rear_ft":20,"over_unit_cap":false,"corner":false,"t_area":"short","t_frontage":"short","front_ft":11.2,"side_ft":2.2,"rear_ft":62.9,"t_front":"short","t_side":"short","t_rear":"meets","n_short":4,"measured":true},"geometry":{"type":"Polygon","coordinates":[[[-70.88222,42.560338],[-70.882408,42.560302],[-70.882514,42.56064],[-70.88233,42.560673],[-70.88222,42.560338]]]}},{"type":"Feature","properties":{"addr":"3 SOUTH ST","units":1,"stories":1.5,"mbta":true,"lot_sf":3459,"req_lot_sf":8000,"frontage_ft":86.8,"req_frontage_ft":65,"req_front_ft":20,"req_side_ft":10,"req_rear_ft":20,"over_unit_cap":false,"corner":true,"t_area":"short","t_frontage":"meets","front_ft":0.0,"side_ft":0.7,"rear_ft":50.6,"t_front":"short","t_side":"short","t_rear":"meets","n_short":3,"measured":true},"geometry":{"type":"Polygon","coordinates":[[[-70.882363,42.542038],[-70.882387,42.541937],[-70.882725,42.541988],[-70.882687,42.542091],[-70.882363,42.542038]]]}},{"type":"Feature","properties":{"addr":"40 BECKFORD ST","units":2,"stories":2.0,"mbta":false,"lot_sf":3756,"req_lot_sf":8000,"frontage_ft":42.2,"req_frontage_ft":65,"req_front_ft":20,"req_side_ft":10,"req_rear_ft":20,"over_unit_cap":false,"corner":false,"t_area":"short","t_frontage":"short","front_ft":10.7,"side_ft":8.0,"rear_ft":23.2,"t_front":"short","t_side":"close","t_rear":"meets","n_short":3,"measured":true},"geometry":{"type":"Polygon","coordinates":[[[-70.882211,42.558107],[-70.882303,42.557997],[-70.882555,42.558109],[-70.88245,42.55822],[-70.882211,42.558107]]]}},{"type":"Feature","properties":{"addr":"14 LYMAN ST","units":1,"stories":2.0,"mbta":false,"lot_sf":3845,"req_lot_sf":8000,"frontage_ft":45.5,"req_frontage_ft":65,"req_front_ft":20,"req_side_ft":10,"req_rear_ft":20,"over_unit_cap":false,"corner":false,"t_area":"short","t_frontage":"short","front_ft":0.0,"side_ft":7.6,"rear_ft":32.4,"t_front":"short","t_side":"close","t_rear":"meets","n_short":3,"measured":true},"geometry":{"type":"Polygon","coordinates":[[[-70.882201,42.561389],[-70.882383,42.561356],[-70.882442,42.561562],[-70.882263,42.561595],[-70.882201,42.561389]]]}},{"type":"Feature","properties":{"addr":"12 MASON ST","units":1,"stories":2.0,"mbta":false,"lot_sf":4176,"req_lot_sf":8000,"frontage_ft":50.0,"req_frontage_ft":65,"req_front_ft":20,"req_side_ft":10,"req_rear_ft":20,"over_unit_cap":false,"corner":false,"t_area":"short","t_frontage":"short","front_ft":3.0,"side_ft":8.1,"rear_ft":42.7,"t_front":"short","t_side":"close","t_rear":"meets","n_short":3,"measured":true},"geometry":{"type":"Polygon","coordinates":[[[-70.882191,42.560822],[-70.882388,42.560785],[-70.882455,42.560993],[-70.882265,42.561027],[-70.882191,42.560822]]]}},{"type":"Feature","properties":{"addr":"33 BECKFORD ST","units":2,"stories":2.0,"mbta":false,"lot_sf":3587,"req_lot_sf":8000,"frontage_ft":52.3,"req_frontage_ft":65,"req_front_ft":20,"req_side_ft":10,"req_rear_ft":20,"over_unit_cap":false,"corner":false,"t_area":"short","t_frontage":"short","front_ft":7.7,"side_ft":1.2,"rear_ft":9.8,"t_front":"short","t_side":"short","t_rear":"short","n_short":5,"measured":true},"geometry":{"type":"Polygon","coordinates":[[[-70.882153,42.557442],[-70.882183,42.557405],[-70.882256,42.557317],[-70.882468,42.557386],[-70.882377,42.557527],[-70.882153,42.557442]]]}},{"type":"Feature","properties":{"addr":"7 SWAN ST","units":1,"stories":1.75,"mbta":false,"lot_sf":4919,"req_lot_sf":8000,"frontage_ft":36.6,"req_frontage_ft":65,"req_front_ft":20,"req_side_ft":10,"req_rear_ft":20,"over_unit_cap":false,"corner":false,"t_area":"short","t_frontage":"short","front_ft":7.2,"side_ft":4.0,"rear_ft":73.1,"t_front":"short","t_side":"short","t_rear":"meets","n_short":4,"measured":true},"geometry":{"type":"Polygon","coordinates":[[[-70.882174,42.55961],[-70.8823,42.559617],[-70.882328,42.559602],[-70.882403,42.559919],[-70.882254,42.559949],[-70.882174,42.55961]]]}},{"type":"Feature","properties":{"addr":"42 BECKFORD ST","units":6,"stories":3.0,"mbta":false,"lot_sf":3011,"req_lot_sf":24000,"frontage_ft":108.1,"req_frontage_ft":65,"req_front_ft":20,"req_side_ft":10,"req_rear_ft":20,"over_unit_cap":false,"corner":true,"t_area":"short","t_frontage":"meets","front_ft":0.0,"side_ft":18.2,"rear_ft":7.2,"t_front":"short","t_side":"meets","t_rear":"short","n_short":3,"measured":true},"geometry":{"type":"Polygon","coordinates":[[[-70.882104,42.558236],[-70.882211,42.558107],[-70.88245,42.55822],[-70.882515,42.558251],[-70.882418,42.558264],[-70.882104,42.558236]]]}},{"type":"Feature","properties":{"addr":"8 SWAN ST","units":1,"stories":2.0,"mbta":false,"lot_sf":6933,"req_lot_sf":8000,"frontage_ft":67.4,"req_frontage_ft":65,"req_front_ft":20,"req_side_ft":10,"req_rear_ft":20,"over_unit_cap":false,"corner":false,"t_area":"short","t_frontage":"meets","front_ft":0.0,"side_ft":16.3,"rear_ft":62.5,"t_front":"short","t_side":"meets","t_rear":"meets","n_short":2,"measured":true},"geometry":{"type":"Polygon","coordinates":[[[-70.882085,42.560094],[-70.882344,42.560041],[-70.882437,42.560296],[-70.882408,42.560302],[-70.88222,42.560338],[-70.882177,42.560346],[-70.882085,42.560094]]]}},{"type":"Feature","properties":{"addr":"10 STONE ST","units":2,"stories":2.0,"mbta":true,"lot_sf":6716,"req_lot_sf":8000,"frontage_ft":60.9,"req_frontage_ft":65,"req_front_ft":20,"req_side_ft":10,"req_rear_ft":20,"over_unit_cap":false,"corner":false,"t_area":"short","t_frontage":"short","front_ft":5.6,"side_ft":9.7,"rear_ft":44.4,"t_front":"short","t_side":"close","t_rear":"meets","n_short":3,"measured":true},"geometry":{"type":"Polygon","coordinates":[[[-70.882241,42.542932],[-70.882374,42.542675],[-70.882589,42.542724],[-70.882607,42.542729],[-70.882462,42.542999],[-70.882241,42.542932]]]}},{"type":"Feature","properties":{"addr":"15 HERRICK ST","units":1,"stories":2.0,"mbta":false,"lot_sf":3998,"req_lot_sf":8000,"frontage_ft":44.4,"req_frontage_ft":65,"req_front_ft":20,"req_side_ft":10,"req_rear_ft":20,"over_unit_cap":false,"corner":false,"t_area":"short","t_frontage":"short","front_ft":9.2,"side_ft":2.6,"rear_ft":22.2,"t_front":"short","t_side":"short","t_rear":"meets","n_short":4,"measured":true},"geometry":{"type":"Polygon","coordinates":[[[-70.882085,42.561627],[-70.882263,42.561595],[-70.88234,42.56181],[-70.882162,42.561842],[-70.882085,42.561627]]]}},{"type":"Feature","properties":{"addr":"25 BENNETT ST","units":3,"stories":3.0,"mbta":false,"lot_sf":3661,"req_lot_sf":12000,"frontage_ft":98.2,"req_frontage_ft":65,"req_front_ft":20,"req_side_ft":10,"req_rear_ft":20,"over_unit_cap":false,"corner":false,"t_area":"short","t_frontage":"meets","front_ft":0.0,"side_ft":5.3,"rear_ft":7.9,"t_front":"short","t_side":"short","t_rear":"short","n_short":4,"measured":true},"geometry":{"type":"Polygon","coordinates":[[[-70.882099,42.557204],[-70.882234,42.557071],[-70.882393,42.557072],[-70.88234,42.557152],[-70.882358,42.557193],[-70.882273,42.557297],[-70.882099,42.557204]]]}},{"type":"Feature","properties":{"addr":"13 LYMAN ST","units":2,"stories":2.0,"mbta":false,"lot_sf":4066,"req_lot_sf":8000,"frontage_ft":45.1,"req_frontage_ft":65,"req_front_ft":20,"req_side_ft":10,"req_rear_ft":20,"over_unit_cap":false,"corner":false,"t_area":"short","t_frontage":"short","front_ft":11.2,"side_ft":2.5,"rear_ft":24.2,"t_front":"short","t_side":"short","t_rear":"meets","n_short":4,"measured":true},"geometry":{"type":"Polygon","coordinates":[[[-70.882082,42.56106],[-70.882265,42.561027],[-70.882342,42.561241],[-70.882161,42.561274],[-70.882082,42.56106]]]}},{"type":"Feature","properties":{"addr":"41 FRONT ST","units":3,"stories":2.0,"mbta":false,"lot_sf":5666,"req_lot_sf":12000,"frontage_ft":108.8,"req_frontage_ft":65,"req_front_ft":20,"req_side_ft":10,"req_rear_ft":20,"over_unit_cap":false,"corner":false,"t_area":"short","t_frontage":"meets","front_ft":0.0,"side_ft":20.9,"rear_ft":9.0,"t_front":"short","t_side":"meets","t_rear":"short","n_short":3,"measured":true},"geometry":{"type":"Polygon","coordinates":[[[-70.882137,42.541681],[-70.882209,42.54157],[-70.882215,42.54156],[-70.882244,42.541562],[-70.882246,42.541549],[-70.882516,42.541575],[-70.882507,42.541601],[-70.882573,42.541594],[-70.882551,42.541743],[-70.882137,42.541681]]]}},{"type":"Feature","properties":{"addr":"11 MASON ST","units":2,"stories":2.5,"mbta":false,"lot_sf":5913,"req_lot_sf":8000,"frontage_ft":42.3,"req_frontage_ft":65,"req_front_ft":20,"req_side_ft":10,"req_rear_ft":20,"over_unit_cap":false,"corner":false,"t_area":"short","t_frontage":"short","front_ft":6.5,"side_ft":1.8,"rear_ft":67.6,"t_front":"short","t_side":"short","t_rear":"meets","n_short":4,"measured":true},"geometry":{"type":"Polygon","coordinates":[[[-70.88205,42.560371],[-70.882177,42.560346],[-70.88222,42.560338],[-70.88233,42.560673],[-70.88216,42.560703],[-70.88205,42.560371]]]}},{"type":"Feature","properties":{"addr":"35 BECKFORD ST","units":2,"stories":2.0,"mbta":false,"lot_sf":4341,"req_lot_sf":8000,"frontage_ft":55.4,"req_frontage_ft":65,"req_front_ft":20,"req_side_ft":10,"req_rear_ft":20,"over_unit_cap":false,"corner":false,"t_area":"short","t_frontage":"short","front_ft":11.0,"side_ft":6.6,"rear_ft":18.2,"t_front":"short","t_side":"short","t_rear":"close","n_short":4,"measured":true},"geometry":{"type":"Polygon","coordinates":[[[-70.882033,42.557588],[-70.882101,42.557505],[-70.882153,42.557442],[-70.882377,42.557527],[-70.882281,42.557677],[-70.882033,42.557588]]]}},{"type":"Feature","properties":{"addr":"16 LYMAN ST","units":1,"stories":2.0,"mbta":false,"lot_sf":3817,"req_lot_sf":8000,"frontage_ft":44.6,"req_frontage_ft":65,"req_front_ft":20,"req_side_ft":10,"req_rear_ft":20,"over_unit_cap":false,"corner":false,"t_area":"short","t_frontage":"short","front_ft":8.3,"side_ft":2.4,"rear_ft":43.2,"t_front":"short","t_side":"short","t_rear":"meets","n_short":4,"measured":true},"geometry":{"type":"Polygon","coordinates":[[[-70.882022,42.561421],[-70.882201,42.561389],[-70.882263,42.561595],[-70.882085,42.561627],[-70.882022,42.561421]]]}},{"type":"Feature","properties":{"addr":"14 MASON ST","units":1,"stories":2.0,"mbta":false,"lot_sf":3947,"req_lot_sf":8000,"frontage_ft":46.3,"req_frontage_ft":65,"req_front_ft":20,"req_side_ft":10,"req_rear_ft":20,"over_unit_cap":false,"corner":false,"t_area":"short","t_frontage":"short","front_ft":3.2,"side_ft":8.2,"rear_ft":43.2,"t_front":"short","t_side":"close","t_rear":"meets","n_short":3,"measured":true},"geometry":{"type":"Polygon","coordinates":[[[-70.882006,42.560855],[-70.882191,42.560822],[-70.882265,42.561027],[-70.882082,42.56106],[-70.882006,42.560855]]]}},{"type":"Feature","properties":{"addr":"9 SWAN ST","units":3,"stories":3.0,"mbta":false,"lot_sf":6830,"req_lot_sf":12000,"frontage_ft":46.5,"req_frontage_ft":65,"req_front_ft":20,"req_side_ft":10,"req_rear_ft":20,"over_unit_cap":false,"corner":false,"t_area":"short","t_frontage":"short","front_ft":1.9,"side_ft":7.0,"rear_ft":49.7,"t_front":"short","t_side":"close","t_rear":"meets","n_short":3,"measured":true},"geometry":{"type":"Polygon","coordinates":[[[-70.881958,42.55968],[-70.882174,42.55961],[-70.882254,42.559949],[-70.88207,42.559986],[-70.881958,42.55968]]]}},{"type":"Feature","properties":{"addr":"23 BENNETT ST","units":3,"stories":3.0,"mbta":false,"lot_sf":2691,"req_lot_sf":12000,"frontage_ft":39.2,"req_frontage_ft":65,"req_front_ft":20,"req_side_ft":10,"req_rear_ft":20,"over_unit_cap":false,"corner":false,"t_area":"short","t_frontage":"short","front_ft":1.4,"side_ft":2.6,"rear_ft":4.3,"t_front":"short","t_side":"short","t_rear":"short","n_short":5,"measured":true},"geometry":{"type":"Polygon","coordinates":[[[-70.882002,42.557302],[-70.882099,42.557204],[-70.882273,42.557297],[-70.882256,42.557317],[-70.882183,42.557405],[-70.882002,42.557302]]]}},{"type":"Feature","properties":{"addr":"28 BENNETT ST","units":1,"stories":null,"mbta":false,"lot_sf":5537,"req_lot_sf":8000,"frontage_ft":47.1,"req_frontage_ft":65,"req_front_ft":20,"req_side_ft":10,"req_rear_ft":20,"over_unit_cap":false,"corner":false,"t_area":"short","t_frontage":"short","front_ft":36.9,"side_ft":1.2,"rear_ft":1.6,"t_front":"meets","t_side":"short","t_rear":"short","n_short":4,"measured":true},"geometry":{"type":"Polygon","coordinates":[[[-70.881911,42.556884],[-70.882028,42.556801],[-70.882041,42.556791],[-70.882301,42.5568],[-70.882282,42.556965],[-70.882167,42.556965],[-70.882118,42.55701],[-70.881911,42.556884]]]}},{"type":"Feature","properties":{"addr":"7 UNION ST","units":3,"stories":1.0,"mbta":true,"lot_sf":5322,"req_lot_sf":8000,"frontage_ft":37.8,"req_frontage_ft":65,"req_front_ft":20,"req_side_ft":10,"req_rear_ft":20,"over_unit_cap":false,"corner":false,"t_area":"short","t_frontage":"short","front_ft":5.4,"side_ft":0.0,"rear_ft":28.0,"t_front":"short","t_side":"short","t_rear":"meets","n_short":4,"measured":true},"geometry":{"type":"Polygon","coordinates":[[[-70.882087,42.543303],[-70.882289,42.543011],[-70.882444,42.543061],[-70.882364,42.54317],[-70.882228,42.543356],[-70.882087,42.543303]]]}},{"type":"Feature","properties":{"addr":"37 BECKFORD ST","units":3,"stories":3.0,"mbta":false,"lot_sf":4605,"req_lot_sf":12000,"frontage_ft":57.0,"req_frontage_ft":65,"req_front_ft":20,"req_side_ft":10,"req_rear_ft":20,"over_unit_cap":false,"corner":false,"t_area":"short","t_frontage":"short","front_ft":3.7,"side_ft":4.1,"rear_ft":15.8,"t_front":"short","t_side":"short","t_rear":"short","n_short":5,"measured":true},"geometry":{"type":"Polygon","coordinates":[[[-70.881922,42.557722],[-70.882028,42.557594],[-70.882033,42.557588],[-70.882281,42.557677],[-70.882182,42.557831],[-70.881922,42.557722]]]}},{"type":"Feature","properties":{"addr":"38 FRONT ST","units":2,"stories":2.0,"mbta":false,"lot_sf":6498,"req_lot_sf":8000,"frontage_ft":74.3,"req_frontage_ft":65,"req_front_ft":20,"req_side_ft":10,"req_rear_ft":20,"over_unit_cap":false,"corner":true,"t_area":"short","t_frontage":"meets","front_ft":32.3,"side_ft":5.3,"rear_ft":3.4,"t_front":"meets","t_side":"short","t_rear":"short","n_short":3,"measured":true},"geometry":{"type":"Polygon","coordinates":[[[-70.882077,42.54199],[-70.882109,42.541883],[-70.88213,42.541886],[-70.882162,42.541762],[-70.88242,42.541798],[-70.882387,42.541937],[-70.882363,42.542038],[-70.882077,42.54199]]]}},{"type":"Feature","properties":{"addr":"17 STONE ST","units":18,"stories":2.0,"mbta":true,"lot_sf":32097,"req_lot_sf":8000,"frontage_ft":191.1,"req_frontage_ft":65,"req_front_ft":20,"req_side_ft":10,"req_rear_ft":20,"over_unit_cap":true,"corner":true,"t_area":"meets","t_frontage":"meets","front_ft":0.3,"side_ft":6.4,"rear_ft":84.4,"t_front":"short","t_side":"short","t_rear":"meets","n_short":2,"measured":true},"geometry":{"type":"Polygon","coordinates":[[[-70.881822,42.542445],[-70.881974,42.542018],[-70.882675,42.542135],[-70.882489,42.542597],[-70.881822,42.542445]]]}},{"type":"Feature","properties":{"addr":"413 CABOT ST","units":5,"stories":2.75,"mbta":false,"lot_sf":20667,"req_lot_sf":20000,"frontage_ft":72.3,"req_frontage_ft":65,"req_front_ft":20,"req_side_ft":10,"req_rear_ft":20,"over_unit_cap":false,"corner":false,"t_area":"meets","t_frontage":"meets","front_ft":0.0,"side_ft":6.1,"rear_ft":126.3,"t_front":"short","t_side":"short","t_rear":"meets","n_short":2,"measured":true},"geometry":{"type":"Polygon","coordinates":[[[-70.881392,42.559695],[-70.881538,42.559652],[-70.882617,42.559334],[-70.882622,42.559338],[-70.882628,42.559343],[-70.882633,42.559347],[-70.882639,42.559351],[-70.882644,42.559355],[-70.882649,42.55936],[-70.882654,42.559364],[-70.882659,42.559369],[-70.882664,42.559373],[-70.882669,42.559378],[-70.882673,42.559383],[-70.882678,42.559387],[-70.882682,42.559392],[-70.882686,42.559397],[-70.882691,42.559402],[-70.882695,42.559407],[-70.882699,42.559412],[-70.882702,42.559417],[-70.882706,42.559422],[-70.88271,42.559427],[-70.882713,42.559433],[-70.882716,42.559438],[-70.88272,42.559443],[-70.882723,42.559448],[-70.882726,42.559454],[-70.882729,42.559459],[-70.882731,42.559465],[-70.882735,42.559472],[-70.882753,42.559517],[-70.882442,42.559542],[-70.882328,42.559602],[-70.8823,42.559617],[-70.882174,42.55961],[-70.881958,42.55968],[-70.881786,42.559735],[-70.881613,42.559789],[-70.881457,42.559855],[-70.881392,42.559695]]]}},{"type":"Feature","properties":{"addr":"17 HERRICK ST","units":1,"stories":2.0,"mbta":false,"lot_sf":4047,"req_lot_sf":8000,"frontage_ft":45.4,"req_frontage_ft":65,"req_front_ft":20,"req_side_ft":10,"req_rear_ft":20,"over_unit_cap":false,"corner":false,"t_area":"short","t_frontage":"short","front_ft":8.6,"side_ft":3.9,"rear_ft":34.9,"t_front":"short","t_side":"short","t_rear":"meets","n_short":4,"measured":true},"geometry":{"type":"Polygon","coordinates":[[[-70.881906,42.56166],[-70.882085,42.561627],[-70.882162,42.561842],[-70.881981,42.561875],[-70.881906,42.56166]]]}},{"type":"Feature","properties":{"addr":"12 SWAN ST","units":1,"stories":1.75,"mbta":false,"lot_sf":5929,"req_lot_sf":8000,"frontage_ft":56.9,"req_frontage_ft":65,"req_front_ft":20,"req_side_ft":10,"req_rear_ft":20,"over_unit_cap":false,"corner":false,"t_area":"short","t_frontage":"short","front_ft":0.0,"side_ft":11.1,"rear_ft":64.0,"t_front":"short","t_side":"meets","t_rear":"meets","n_short":3,"measured":true},"geometry":{"type":"Polygon","coordinates":[[[-70.881863,42.560139],[-70.882085,42.560094],[-70.882177,42.560346],[-70.88205,42.560371],[-70.881952,42.56039],[-70.881863,42.560139]]]}},{"type":"Feature","properties":{"addr":"21 BENNETT ST","units":3,"stories":3.0,"mbta":false,"lot_sf":2851,"req_lot_sf":12000,"frontage_ft":40.8,"req_frontage_ft":65,"req_front_ft":20,"req_side_ft":10,"req_rear_ft":20,"over_unit_cap":false,"corner":false,"t_area":"short","t_frontage":"short","front_ft":0.6,"side_ft":3.4,"rear_ft":16.1,"t_front":"short","t_side":"short","t_rear":"short","n_short":5,"measured":true},"geometry":{"type":"Polygon","coordinates":[[[-70.881895,42.557399],[-70.882002,42.557302],[-70.882183,42.557405],[-70.882153,42.557442],[-70.882101,42.557505],[-70.881895,42.557399]]]}},{"type":"Feature","properties":{"addr":"13 MASON ST","units":2,"stories":2.0,"mbta":false,"lot_sf":6667,"req_lot_sf":8000,"frontage_ft":48.7,"req_frontage_ft":65,"req_front_ft":20,"req_side_ft":10,"req_rear_ft":20,"over_unit_cap":false,"corner":false,"t_area":"short","t_frontage":"short","front_ft":7.3,"side_ft":4.6,"rear_ft":65.4,"t_front":"short","t_side":"short","t_rear":"meets","n_short":4,"measured":true},"geometry":{"type":"Polygon","coordinates":[[[-70.881856,42.560409],[-70.881952,42.56039],[-70.88205,42.560371],[-70.88216,42.560703],[-70.881966,42.560738],[-70.881856,42.560409]]]}},{"type":"Feature","properties":{"addr":"18 LYMAN ST","units":1,"stories":2.0,"mbta":false,"lot_sf":3833,"req_lot_sf":8000,"frontage_ft":44.4,"req_frontage_ft":65,"req_front_ft":20,"req_side_ft":10,"req_rear_ft":20,"over_unit_cap":false,"corner":false,"t_area":"short","t_frontage":"short","front_ft":5.5,"side_ft":5.4,"rear_ft":31.8,"t_front":"short","t_side":"short","t_rear":"meets","n_short":4,"measured":true},"geometry":{"type":"Polygon","coordinates":[[[-70.881844,42.561452],[-70.882022,42.561421],[-70.882085,42.561627],[-70.881906,42.56166],[-70.881844,42.561452]]]}},{"type":"Feature","properties":{"addr":"16 MASON ST","units":1,"stories":2.0,"mbta":false,"lot_sf":3793,"req_lot_sf":8000,"frontage_ft":44.0,"req_frontage_ft":65,"req_front_ft":20,"req_side_ft":10,"req_rear_ft":20,"over_unit_cap":false,"corner":false,"t_area":"short","t_frontage":"short","front_ft":0.0,"side_ft":7.0,"rear_ft":37.8,"t_front":"short","t_side":"short","t_rear":"meets","n_short":4,"measured":true},"geometry":{"type":"Polygon","coordinates":[[[-70.88183,42.560886],[-70.882006,42.560855],[-70.882082,42.56106],[-70.881906,42.561092],[-70.88183,42.560886]]]}},{"type":"Feature","properties":{"addr":"15 LYMAN ST","units":2,"stories":2.5,"mbta":false,"lot_sf":8025,"req_lot_sf":8000,"frontage_ft":96.8,"req_frontage_ft":65,"req_front_ft":20,"req_side_ft":10,"req_rear_ft":20,"over_unit_cap":false,"corner":false,"t_area":"meets","t_frontage":"meets","front_ft":10.9,"side_ft":12.2,"rear_ft":17.3,"t_front":"short","t_side":"meets","t_rear":"close","n_short":1,"measured":true},"geometry":{"type":"Polygon","coordinates":[[[-70.881733,42.561125],[-70.881906,42.561092],[-70.882082,42.56106],[-70.882161,42.561274],[-70.881795,42.561341],[-70.881733,42.561125]]]}},{"type":"Feature","properties":{"addr":"9 UNION ST","units":3,"stories":2.5,"mbta":true,"lot_sf":5206,"req_lot_sf":8000,"frontage_ft":39.4,"req_frontage_ft":65,"req_front_ft":20,"req_side_ft":10,"req_rear_ft":20,"over_unit_cap":false,"corner":false,"t_area":"short","t_frontage":"short","front_ft":4.8,"side_ft":0.0,"rear_ft":57.5,"t_front":"short","t_side":"short","t_rear":"meets","n_short":4,"measured":true},"geometry":{"type":"Polygon","coordinates":[[[-70.88194,42.543249],[-70.88214,42.542964],[-70.882289,42.543011],[-70.882087,42.543303],[-70.88194,42.543249]]]}},{"type":"Feature","properties":{"addr":"39 BECKFORD ST","units":2,"stories":2.5,"mbta":false,"lot_sf":6693,"req_lot_sf":8000,"frontage_ft":58.2,"req_frontage_ft":65,"req_front_ft":20,"req_side_ft":10,"req_rear_ft":20,"over_unit_cap":false,"corner":false,"t_area":"short","t_frontage":"short","front_ft":8.4,"side_ft":2.1,"rear_ft":28.6,"t_front":"short","t_side":"short","t_rear":"meets","n_short":4,"measured":true},"geometry":{"type":"Polygon","coordinates":[[[-70.881722,42.557835],[-70.881733,42.557824],[-70.88186,42.557689],[-70.881868,42.557682],[-70.881922,42.557722],[-70.882182,42.557831],[-70.882121,42.557927],[-70.882073,42.557984],[-70.881722,42.557835]]]}},{"type":"Feature","properties":{"addr":"14 STONE ST","units":2,"stories":2.0,"mbta":true,"lot_sf":11471,"req_lot_sf":8000,"frontage_ft":118.1,"req_frontage_ft":65,"req_front_ft":20,"req_side_ft":10,"req_rear_ft":20,"over_unit_cap":false,"corner":false,"t_area":"meets","t_frontage":"meets","front_ft":8.4,"side_ft":22.5,"rear_ft":28.9,"t_front":"short","t_side":"meets","t_rear":"meets","n_short":1,"measured":true},"geometry":{"type":"Polygon","coordinates":[[[-70.882176,42.542912],[-70.881983,42.542853],[-70.881826,42.542805],[-70.881937,42.542577],[-70.882374,42.542675],[-70.882241,42.542932],[-70.882176,42.542912]]]}},{"type":"Feature","properties":{"addr":"19 BENNETT ST","units":1,"stories":2.0,"mbta":false,"lot_sf":2772,"req_lot_sf":8000,"frontage_ft":36.2,"req_frontage_ft":65,"req_front_ft":20,"req_side_ft":10,"req_rear_ft":20,"over_unit_cap":false,"corner":false,"t_area":"short","t_frontage":"short","front_ft":8.4,"side_ft":2.6,"rear_ft":5.6,"t_front":"short","t_side":"short","t_rear":"short","n_short":5,"measured":true},"geometry":{"type":"Polygon","coordinates":[[[-70.881799,42.557487],[-70.881895,42.557399],[-70.882101,42.557505],[-70.882033,42.557588],[-70.882028,42.557594],[-70.881799,42.557487]]]}},{"type":"Feature","properties":{"addr":"11 SWAN ST","units":1,"stories":2.0,"mbta":false,"lot_sf":5574,"req_lot_sf":8000,"frontage_ft":44.7,"req_frontage_ft":65,"req_front_ft":20,"req_side_ft":10,"req_rear_ft":20,"over_unit_cap":false,"corner":false,"t_area":"short","t_frontage":"short","front_ft":23.4,"side_ft":5.8,"rear_ft":49.8,"t_front":"meets","t_side":"short","t_rear":"meets","n_short":3,"measured":true},"geometry":{"type":"Polygon","coordinates":[[[-70.881786,42.559735],[-70.881958,42.55968],[-70.88207,42.559986],[-70.881892,42.560021],[-70.881786,42.559735]]]}},{"type":"Feature","properties":{"addr":"42 FRONT ST","units":1,"stories":1.0,"mbta":false,"lot_sf":1433,"req_lot_sf":8000,"frontage_ft":27.8,"req_frontage_ft":65,"req_front_ft":20,"req_side_ft":10,"req_rear_ft":20,"over_unit_cap":false,"corner":false,"t_area":"short","t_frontage":"short","front_ft":5.8,"side_ft":2.4,"rear_ft":11.7,"t_front":"short","t_side":"short","t_rear":"short","n_short":5,"measured":true},"geometry":{"type":"Polygon","coordinates":[[[-70.882109,42.541883],[-70.882021,42.54187],[-70.882042,42.541746],[-70.882162,42.541762],[-70.88213,42.541886],[-70.882109,42.541883]]]}},{"type":"Feature","properties":{"addr":"20 BENNETT ST","units":4,"stories":2.0,"mbta":false,"lot_sf":4676,"req_lot_sf":16000,"frontage_ft":56.2,"req_frontage_ft":65,"req_front_ft":20,"req_side_ft":10,"req_rear_ft":20,"over_unit_cap":false,"corner":false,"t_area":"short","t_frontage":"short","front_ft":2.2,"side_ft":6.6,"rear_ft":20.5,"t_front":"short","t_side":"short","t_rear":"meets","n_short":4,"measured":true},"geometry":{"type":"Polygon","coordinates":[[[-70.881745,42.557003],[-70.881911,42.556884],[-70.882118,42.55701],[-70.881975,42.55714],[-70.881745,42.557003]]]}},{"type":"Feature","properties":{"addr":"19 HERRICK ST","units":2,"stories":2.0,"mbta":false,"lot_sf":4153,"req_lot_sf":8000,"frontage_ft":47.2,"req_frontage_ft":65,"req_front_ft":20,"req_side_ft":10,"req_rear_ft":20,"over_unit_cap":false,"corner":false,"t_area":"short","t_frontage":"short","front_ft":12.8,"side_ft":4.3,"rear_ft":25.0,"t_front":"short","t_side":"short","t_rear":"meets","n_short":4,"measured":true},"geometry":{"type":"Polygon","coordinates":[[[-70.881729,42.561686],[-70.881906,42.56166],[-70.881981,42.561875],[-70.881794,42.561912],[-70.881729,42.561686]]]}},{"type":"Feature","properties":{"addr":"17 BENNETT ST","units":3,"stories":3.0,"mbta":false,"lot_sf":3889,"req_lot_sf":12000,"frontage_ft":42.6,"req_frontage_ft":65,"req_front_ft":20,"req_side_ft":10,"req_rear_ft":20,"over_unit_cap":false,"corner":false,"t_area":"short","t_frontage":"short","front_ft":2.5,"side_ft":5.5,"rear_ft":6.0,"t_front":"short","t_side":"short","t_rear":"short","n_short":5,"measured":true},"geometry":{"type":"Polygon","coordinates":[[[-70.881868,42.557682],[-70.88186,42.557689],[-70.881688,42.557588],[-70.881799,42.557487],[-70.882028,42.557594],[-70.881922,42.557722],[-70.881868,42.557682]]]}},{"type":"Feature","properties":{"addr":"14 SWAN ST","units":1,"stories":2.0,"mbta":false,"lot_sf":3882,"req_lot_sf":8000,"frontage_ft":37.0,"req_frontage_ft":65,"req_front_ft":20,"req_side_ft":10,"req_rear_ft":20,"over_unit_cap":false,"corner":false,"t_area":"short","t_frontage":"short","front_ft":0.0,"side_ft":0.0,"rear_ft":62.7,"t_front":"short","t_side":"short","t_rear":"meets","n_short":4,"measured":true},"geometry":{"type":"Polygon","coordinates":[[[-70.881713,42.560169],[-70.881863,42.560139],[-70.881952,42.56039],[-70.881856,42.560409],[-70.881808,42.560418],[-70.881713,42.560169]]]}},{"type":"Feature","properties":{"addr":"15 MASON ST","units":2,"stories":3.0,"mbta":false,"lot_sf":5868,"req_lot_sf":8000,"frontage_ft":42.1,"req_frontage_ft":65,"req_front_ft":20,"req_side_ft":10,"req_rear_ft":20,"over_unit_cap":false,"corner":false,"t_area":"short","t_frontage":"short","front_ft":7.9,"side_ft":3.4,"rear_ft":62.7,"t_front":"short","t_side":"short","t_rear":"meets","n_short":4,"measured":true},"geometry":{"type":"Polygon","coordinates":[[[-70.881682,42.560443],[-70.881808,42.560418],[-70.881856,42.560409],[-70.881966,42.560738],[-70.881796,42.560768],[-70.881682,42.560443]]]}},{"type":"Feature","properties":{"addr":"11 UNION ST","units":3,"stories":2.0,"mbta":true,"lot_sf":7572,"req_lot_sf":8000,"frontage_ft":50.1,"req_frontage_ft":65,"req_front_ft":20,"req_side_ft":10,"req_rear_ft":20,"over_unit_cap":false,"corner":false,"t_area":"short","t_frontage":"short","front_ft":4.5,"side_ft":0.0,"rear_ft":29.0,"t_front":"short","t_side":"short","t_rear":"meets","n_short":4,"measured":true},"geometry":{"type":"Polygon","coordinates":[[[-70.881804,42.543199],[-70.881757,42.543182],[-70.881865,42.543024],[-70.881983,42.542853],[-70.882176,42.542912],[-70.88214,42.542964],[-70.88194,42.543249],[-70.881804,42.543199]]]}},{"type":"Feature","properties":{"addr":"20 LYMAN ST","units":1,"stories":2.0,"mbta":false,"lot_sf":3890,"req_lot_sf":8000,"frontage_ft":46.7,"req_frontage_ft":65,"req_front_ft":20,"req_side_ft":10,"req_rear_ft":20,"over_unit_cap":false,"corner":false,"t_area":"short","t_frontage":"short","front_ft":6.1,"side_ft":3.0,"rear_ft":28.7,"t_front":"short","t_side":"short","t_rear":"meets","n_short":4,"measured":true},"geometry":{"type":"Polygon","coordinates":[[[-70.881658,42.561485],[-70.881844,42.561452],[-70.881906,42.56166],[-70.881729,42.561686],[-70.881723,42.561687],[-70.881658,42.561485]]]}},{"type":"Feature","properties":{"addr":"12 COTTAGE LN","units":1,"stories":2.0,"mbta":true,"lot_sf":2601,"req_lot_sf":8000,"frontage_ft":61.4,"req_frontage_ft":65,"req_front_ft":20,"req_side_ft":10,"req_rear_ft":20,"over_unit_cap":false,"corner":false,"t_area":"short","t_frontage":"short","front_ft":1.4,"side_ft":13.8,"rear_ft":11.1,"t_front":"short","t_side":"meets","t_rear":"short","n_short":4,"measured":true},"geometry":{"type":"Polygon","coordinates":[[[-70.881837,42.54195],[-70.88187,42.541846],[-70.882021,42.54187],[-70.882109,42.541883],[-70.882077,42.54199],[-70.881837,42.54195]]]}},{"type":"Feature","properties":{"addr":"18 MASON ST","units":1,"stories":2.0,"mbta":false,"lot_sf":3743,"req_lot_sf":8000,"frontage_ft":42.4,"req_frontage_ft":65,"req_front_ft":20,"req_side_ft":10,"req_rear_ft":20,"over_unit_cap":false,"corner":false,"t_area":"short","t_frontage":"short","front_ft":0.0,"side_ft":3.8,"rear_ft":37.9,"t_front":"short","t_side":"short","t_rear":"meets","n_short":4,"measured":true},"geometry":{"type":"Polygon","coordinates":[[[-70.881659,42.560916],[-70.88183,42.560886],[-70.881906,42.561092],[-70.881733,42.561125],[-70.881659,42.560916]]]}},{"type":"Feature","properties":{"addr":"10 UNION ST","units":1,"stories":1.5,"mbta":true,"lot_sf":2588,"req_lot_sf":8000,"frontage_ft":40.2,"req_frontage_ft":65,"req_front_ft":20,"req_side_ft":10,"req_rear_ft":20,"over_unit_cap":false,"corner":false,"t_area":"short","t_frontage":"short","front_ft":4.1,"side_ft":0.0,"rear_ft":14.0,"t_front":"short","t_side":"short","t_rear":"short","n_short":5,"measured":true},"geometry":{"type":"Polygon","coordinates":[[[-70.881816,42.543483],[-70.881905,42.543353],[-70.882055,42.543408],[-70.881949,42.54356],[-70.881816,42.543483]]]}},{"type":"Feature","properties":{"addr":"18 BENNETT ST","units":1,"stories":1.0,"mbta":false,"lot_sf":4962,"req_lot_sf":8000,"frontage_ft":55.2,"req_frontage_ft":65,"req_front_ft":20,"req_side_ft":10,"req_rear_ft":20,"over_unit_cap":false,"corner":false,"t_area":"short","t_frontage":"short","front_ft":9.2,"side_ft":13.3,"rear_ft":26.4,"t_front":"short","t_side":"meets","t_rear":"meets","n_short":3,"measured":true},"geometry":{"type":"Polygon","coordinates":[[[-70.881586,42.557115],[-70.881745,42.557003],[-70.881975,42.55714],[-70.881835,42.557268],[-70.881586,42.557115]]]}},{"type":"Feature","properties":{"addr":"13 SWAN ST","units":1,"stories":1.75,"mbta":false,"lot_sf":5240,"req_lot_sf":8000,"frontage_ft":45.0,"req_frontage_ft":65,"req_front_ft":20,"req_side_ft":10,"req_rear_ft":20,"over_unit_cap":false,"corner":false,"t_area":"short","t_frontage":"short","front_ft":7.8,"side_ft":7.1,"rear_ft":62.5,"t_front":"short","t_side":"close","t_rear":"meets","n_short":3,"measured":true},"geometry":{"type":"Polygon","coordinates":[[[-70.881613,42.559789],[-70.881786,42.559735],[-70.881892,42.560021],[-70.881713,42.560057],[-70.881613,42.559789]]]}},{"type":"Feature","properties":{"addr":"21 HERRICK ST","units":3,"stories":2.75,"mbta":false,"lot_sf":4044,"req_lot_sf":12000,"frontage_ft":41.2,"req_frontage_ft":65,"req_front_ft":20,"req_side_ft":10,"req_rear_ft":20,"over_unit_cap":false,"corner":false,"t_area":"short","t_frontage":"short","front_ft":13.4,"side_ft":1.4,"rear_ft":16.1,"t_front":"short","t_side":"short","t_rear":"short","n_short":5,"measured":true},"geometry":{"type":"Polygon","coordinates":[[[-70.881551,42.561717],[-70.881723,42.561687],[-70.881729,42.561686],[-70.881794,42.561912],[-70.881629,42.561944],[-70.881551,42.561717]]]}},{"type":"Feature","properties":{"addr":"19 LYMAN ST","units":1,"stories":2.0,"mbta":false,"lot_sf":3943,"req_lot_sf":8000,"frontage_ft":41.8,"req_frontage_ft":65,"req_front_ft":20,"req_side_ft":10,"req_rear_ft":20,"over_unit_cap":false,"corner":false,"t_area":"short","t_frontage":"short","front_ft":10.6,"side_ft":3.5,"rear_ft":19.5,"t_front":"short","t_side":"short","t_rear":"close","n_short":4,"measured":true},"geometry":{"type":"Polygon","coordinates":[[[-70.881548,42.561157],[-70.881733,42.561125],[-70.881795,42.561341],[-70.881627,42.561372],[-70.881548,42.561157]]]}},{"type":"Feature","properties":{"addr":"13 BENNETT ST","units":2,"stories":2.0,"mbta":false,"lot_sf":3636,"req_lot_sf":8000,"frontage_ft":53.6,"req_frontage_ft":65,"req_front_ft":20,"req_side_ft":10,"req_rear_ft":20,"over_unit_cap":false,"corner":false,"t_area":"short","t_frontage":"short","front_ft":0.6,"side_ft":6.2,"rear_ft":14.0,"t_front":"short","t_side":"short","t_rear":"short","n_short":5,"measured":true},"geometry":{"type":"Polygon","coordinates":[[[-70.881551,42.557713],[-70.881688,42.557588],[-70.88186,42.557689],[-70.881733,42.557824],[-70.881551,42.557713]]]}},{"type":"Feature","properties":{"addr":"16 SWAN ST","units":1,"stories":2.0,"mbta":false,"lot_sf":5478,"req_lot_sf":8000,"frontage_ft":53.1,"req_frontage_ft":65,"req_front_ft":20,"req_side_ft":10,"req_rear_ft":20,"over_unit_cap":false,"corner":false,"t_area":"short","t_frontage":"short","front_ft":0.0,"side_ft":4.0,"rear_ft":63.5,"t_front":"short","t_side":"short","t_rear":"meets","n_short":4,"measured":true},"geometry":{"type":"Polygon","coordinates":[[[-70.881505,42.560211],[-70.881713,42.560169],[-70.881808,42.560418],[-70.881682,42.560443],[-70.881599,42.560459],[-70.881505,42.560211]]]}},{"type":"Feature","properties":{"addr":"17 MASON ST","units":3,"stories":3.0,"mbta":false,"lot_sf":6301,"req_lot_sf":12000,"frontage_ft":46.4,"req_frontage_ft":65,"req_front_ft":20,"req_side_ft":10,"req_rear_ft":20,"over_unit_cap":false,"corner":false,"t_area":"short","t_frontage":"short","front_ft":5.9,"side_ft":2.7,"rear_ft":64.4,"t_front":"short","t_side":"short","t_rear":"meets","n_short":4,"measured":true},"geometry":{"type":"Polygon","coordinates":[[[-70.881494,42.560479],[-70.881599,42.560459],[-70.881682,42.560443],[-70.881796,42.560768],[-70.881611,42.560801],[-70.881494,42.560479]]]}},{"type":"Feature","properties":{"addr":"50 FRONT ST","units":1,"stories":3.0,"mbta":false,"lot_sf":5519,"req_lot_sf":8000,"frontage_ft":118.1,"req_frontage_ft":65,"req_front_ft":20,"req_side_ft":10,"req_rear_ft":20,"over_unit_cap":false,"corner":false,"t_area":"short","t_frontage":"meets","front_ft":4.1,"side_ft":15.1,"rear_ft":3.5,"t_front":"short","t_side":"meets","t_rear":"short","n_short":3,"measured":true},"geometry":{"type":"Polygon","coordinates":[[[-70.88187,42.541846],[-70.881724,42.541824],[-70.881578,42.541801],[-70.881562,42.541799],[-70.881594,42.541683],[-70.882042,42.541746],[-70.882021,42.54187],[-70.88187,42.541846]]]}},{"type":"Feature","properties":{"addr":"18 STONE ST","units":1,"stories":1.5,"mbta":true,"lot_sf":4265,"req_lot_sf":8000,"frontage_ft":44.1,"req_frontage_ft":65,"req_front_ft":20,"req_side_ft":10,"req_rear_ft":20,"over_unit_cap":false,"corner":false,"t_area":"short","t_frontage":"short","front_ft":8.8,"side_ft":4.7,"rear_ft":38.0,"t_front":"short","t_side":"short","t_rear":"meets","n_short":4,"measured":true},"geometry":{"type":"Polygon","coordinates":[[[-70.881653,42.542754],[-70.881763,42.542538],[-70.881937,42.542577],[-70.881826,42.542805],[-70.881653,42.542754]]]}},{"type":"Feature","properties":{"addr":"19 STONE ST","units":2,"stories":1.75,"mbta":true,"lot_sf":9110,"req_lot_sf":8000,"frontage_ft":54.5,"req_frontage_ft":65,"req_front_ft":20,"req_side_ft":10,"req_rear_ft":20,"over_unit_cap":false,"corner":true,"t_area":"meets","t_frontage":"short","front_ft":105.5,"side_ft":10.8,"rear_ft":4.6,"t_front":"meets","t_side":"meets","t_rear":"short","n_short":2,"measured":true},"geometry":{"type":"Polygon","coordinates":[[[-70.881611,42.542397],[-70.881724,42.54211],[-70.881773,42.541985],[-70.881974,42.542018],[-70.881822,42.542445],[-70.881611,42.542397]]]}},{"type":"Feature","properties":{"addr":"22 LYMAN ST","units":1,"stories":2.0,"mbta":false,"lot_sf":3564,"req_lot_sf":8000,"frontage_ft":42.0,"req_frontage_ft":65,"req_front_ft":20,"req_side_ft":10,"req_rear_ft":20,"over_unit_cap":false,"corner":false,"t_area":"short","t_frontage":"short","front_ft":6.2,"side_ft":3.4,"rear_ft":26.4,"t_front":"short","t_side":"short","t_rear":"meets","n_short":4,"measured":true},"geometry":{"type":"Polygon","coordinates":[[[-70.881489,42.561516],[-70.881658,42.561485],[-70.881723,42.561687],[-70.881551,42.561717],[-70.881489,42.561516]]]}},{"type":"Feature","properties":{"addr":"16 BENNETT ST","units":1,"stories":null,"mbta":false,"lot_sf":4739,"req_lot_sf":8000,"frontage_ft":48.3,"req_frontage_ft":65,"req_front_ft":20,"req_side_ft":10,"req_rear_ft":20,"over_unit_cap":false,"corner":false,"t_area":"short","t_frontage":"short","front_ft":null,"side_ft":null,"rear_ft":null,"t_front":null,"t_side":null,"t_rear":null,"n_short":2,"measured":false},"geometry":{"type":"Polygon","coordinates":[[[-70.881447,42.557215],[-70.881586,42.557115],[-70.881835,42.557268],[-70.881711,42.557382],[-70.881447,42.557215]]]}},{"type":"Feature","properties":{"addr":"49 FRONT ST","units":4,"stories":2.0,"mbta":false,"lot_sf":4948,"req_lot_sf":16000,"frontage_ft":76.3,"req_frontage_ft":65,"req_front_ft":20,"req_side_ft":10,"req_rear_ft":20,"over_unit_cap":false,"corner":false,"t_area":"short","t_frontage":"meets","front_ft":2.4,"side_ft":6.9,"rear_ft":6.3,"t_front":"short","t_side":"short","t_rear":"short","n_short":4,"measured":true},"geometry":{"type":"Polygon","coordinates":[[[-70.881624,42.541608],[-70.881652,42.541494],[-70.881694,42.541436],[-70.881978,42.54151],[-70.88192,42.54165],[-70.881624,42.541608]]]}},{"type":"Feature","properties":{"addr":"20 MASON ST","units":2,"stories":2.5,"mbta":false,"lot_sf":4021,"req_lot_sf":8000,"frontage_ft":46.6,"req_frontage_ft":65,"req_front_ft":20,"req_side_ft":10,"req_rear_ft":20,"over_unit_cap":false,"corner":false,"t_area":"short","t_frontage":"short","front_ft":0.0,"side_ft":0.2,"rear_ft":19.4,"t_front":"short","t_side":"short","t_rear":"close","n_short":4,"measured":true},"geometry":{"type":"Polygon","coordinates":[[[-70.881473,42.56095],[-70.881659,42.560916],[-70.881733,42.561125],[-70.881548,42.561157],[-70.881473,42.56095]]]}},{"type":"Feature","properties":{"addr":"10 COTTAGE LN","units":1,"stories":2.0,"mbta":true,"lot_sf":1552,"req_lot_sf":8000,"frontage_ft":35.1,"req_frontage_ft":65,"req_front_ft":20,"req_side_ft":10,"req_rear_ft":20,"over_unit_cap":false,"corner":false,"t_area":"short","t_frontage":"short","front_ft":0.6,"side_ft":0.0,"rear_ft":9.7,"t_front":"short","t_side":"short","t_rear":"short","n_short":5,"measured":true},"geometry":{"type":"Polygon","coordinates":[[[-70.881692,42.541926],[-70.881724,42.541824],[-70.88187,42.541846],[-70.881837,42.54195],[-70.881692,42.541926]]]}},{"type":"Feature","properties":{"addr":"13R UNION ST","units":1,"stories":2.0,"mbta":true,"lot_sf":6409,"req_lot_sf":8000,"frontage_ft":null,"req_frontage_ft":65,"req_front_ft":20,"req_side_ft":10,"req_rear_ft":20,"over_unit_cap":false,"corner":false,"t_area":"short","t_frontage":null,"front_ft":null,"side_ft":null,"rear_ft":null,"t_front":null,"t_side":null,"t_rear":null,"n_short":1,"measured":false},"geometry":{"type":"Polygon","coordinates":[[[-70.881552,42.542914],[-70.881648,42.542753],[-70.881653,42.542754],[-70.881826,42.542805],[-70.881983,42.542853],[-70.881865,42.543024],[-70.881552,42.542914]]]}},{"type":"Feature","properties":{"addr":"12 UNION ST","units":3,"stories":2.0,"mbta":true,"lot_sf":4803,"req_lot_sf":8000,"frontage_ft":36.8,"req_frontage_ft":65,"req_front_ft":20,"req_side_ft":10,"req_rear_ft":20,"over_unit_cap":false,"corner":false,"t_area":"short","t_frontage":"short","front_ft":6.4,"side_ft":0.0,"rear_ft":0.0,"t_front":"short","t_side":"short","t_rear":"short","n_short":5,"measured":true},"geometry":{"type":"Polygon","coordinates":[[[-70.881581,42.543573],[-70.881766,42.543303],[-70.881905,42.543353],[-70.881816,42.543483],[-70.881705,42.543646],[-70.881581,42.543573]]]}},{"type":"Feature","properties":{"addr":"23 HERRICK ST","units":2,"stories":2.5,"mbta":false,"lot_sf":4409,"req_lot_sf":8000,"frontage_ft":46.3,"req_frontage_ft":65,"req_front_ft":20,"req_side_ft":10,"req_rear_ft":20,"over_unit_cap":false,"corner":false,"t_area":"short","t_frontage":"short","front_ft":14.9,"side_ft":3.0,"rear_ft":13.7,"t_front":"short","t_side":"short","t_rear":"short","n_short":5,"measured":true},"geometry":{"type":"Polygon","coordinates":[[[-70.881361,42.561759],[-70.881551,42.561717],[-70.881629,42.561944],[-70.881444,42.561978],[-70.881361,42.561759]]]}},{"type":"Feature","properties":{"addr":"21 LYMAN ST","units":1,"stories":2.0,"mbta":false,"lot_sf":4107,"req_lot_sf":8000,"frontage_ft":45.7,"req_frontage_ft":65,"req_front_ft":20,"req_side_ft":10,"req_rear_ft":20,"over_unit_cap":false,"corner":false,"t_area":"short","t_frontage":"short","front_ft":9.7,"side_ft":3.9,"rear_ft":30.7,"t_front":"short","t_side":"short","t_rear":"meets","n_short":4,"measured":true},"geometry":{"type":"Polygon","coordinates":[[[-70.881366,42.56119],[-70.881548,42.561157],[-70.881627,42.561372],[-70.881444,42.561405],[-70.881366,42.56119]]]}},{"type":"Feature","properties":{"addr":"9 COTTAGE LN","units":1,"stories":2.0,"mbta":true,"lot_sf":1588,"req_lot_sf":8000,"frontage_ft":30.4,"req_frontage_ft":65,"req_front_ft":20,"req_side_ft":10,"req_rear_ft":20,"over_unit_cap":false,"corner":false,"t_area":"short","t_frontage":"short","front_ft":2.0,"side_ft":1.8,"rear_ft":12.9,"t_front":"short","t_side":"short","t_rear":"short","n_short":5,"measured":true},"geometry":{"type":"Polygon","coordinates":[[[-70.88161,42.542092],[-70.881645,42.541964],[-70.881773,42.541985],[-70.881724,42.54211],[-70.88161,42.542092]]]}},{"type":"Feature","properties":{"addr":"14 BENNETT ST","units":4,"stories":2.0,"mbta":false,"lot_sf":4609,"req_lot_sf":16000,"frontage_ft":53.2,"req_frontage_ft":65,"req_front_ft":20,"req_side_ft":10,"req_rear_ft":20,"over_unit_cap":false,"corner":false,"t_area":"short","t_frontage":"short","front_ft":0.5,"side_ft":4.1,"rear_ft":17.9,"t_front":"short","t_side":"short","t_rear":"close","n_short":4,"measured":true},"geometry":{"type":"Polygon","coordinates":[[[-70.881395,42.557395],[-70.881473,42.557285],[-70.881357,42.557279],[-70.881447,42.557215],[-70.881711,42.557382],[-70.881578,42.557508],[-70.881395,42.557395]]]}},{"type":"Feature","properties":{"addr":"13 UNION ST","units":1,"stories":1.75,"mbta":true,"lot_sf":5841,"req_lot_sf":8000,"frontage_ft":85.0,"req_frontage_ft":65,"req_front_ft":20,"req_side_ft":10,"req_rear_ft":20,"over_unit_cap":false,"corner":false,"t_area":"short","t_frontage":"meets","front_ft":6.4,"side_ft":7.6,"rear_ft":1.1,"t_front":"short","t_side":"close","t_rear":"short","n_short":3,"measured":true},"geometry":{"type":"Polygon","coordinates":[[[-70.881458,42.543072],[-70.881552,42.542914],[-70.881865,42.543024],[-70.881757,42.543182],[-70.881458,42.543072]]]}},{"type":"Feature","properties":{"addr":"17 SWAN ST","units":1,"stories":2.0,"mbta":false,"lot_sf":9112,"req_lot_sf":8000,"frontage_ft":94.7,"req_frontage_ft":65,"req_front_ft":20,"req_side_ft":10,"req_rear_ft":20,"over_unit_cap":false,"corner":false,"t_area":"meets","t_frontage":"meets","front_ft":7.7,"side_ft":15.3,"rear_ft":42.7,"t_front":"short","t_side":"meets","t_rear":"meets","n_short":1,"measured":true},"geometry":{"type":"Polygon","coordinates":[[[-70.881271,42.5599],[-70.881457,42.559855],[-70.881613,42.559789],[-70.881713,42.560057],[-70.881357,42.560129],[-70.881271,42.5599]]]}},{"type":"Feature","properties":{"addr":"19 MASON ST","units":1,"stories":2.0,"mbta":false,"lot_sf":5796,"req_lot_sf":8000,"frontage_ft":45.3,"req_frontage_ft":65,"req_front_ft":20,"req_side_ft":10,"req_rear_ft":20,"over_unit_cap":false,"corner":false,"t_area":"short","t_frontage":"short","front_ft":1.3,"side_ft":1.4,"rear_ft":80.4,"t_front":"short","t_side":"short","t_rear":"meets","n_short":4,"measured":true},"geometry":{"type":"Polygon","coordinates":[[[-70.88133,42.560511],[-70.881396,42.560499],[-70.881494,42.560479],[-70.881611,42.560801],[-70.88143,42.560833],[-70.88133,42.560511]]]}},{"type":"Feature","properties":{"addr":"8 COTTAGE LN","units":1,"stories":2.0,"mbta":true,"lot_sf":1501,"req_lot_sf":8000,"frontage_ft":34.0,"req_frontage_ft":65,"req_front_ft":20,"req_side_ft":10,"req_rear_ft":20,"over_unit_cap":false,"corner":false,"t_area":"short","t_frontage":"short","front_ft":1.7,"side_ft":3.4,"rear_ft":9.3,"t_front":"short","t_side":"short","t_rear":"short","n_short":5,"measured":true},"geometry":{"type":"Polygon","coordinates":[[[-70.881551,42.541903],[-70.881578,42.541801],[-70.881724,42.541824],[-70.881692,42.541926],[-70.881551,42.541903]]]}},{"type":"Feature","properties":{"addr":"20 STONE ST","units":2,"stories":2.5,"mbta":true,"lot_sf":4027,"req_lot_sf":8000,"frontage_ft":48.6,"req_frontage_ft":65,"req_front_ft":20,"req_side_ft":10,"req_rear_ft":20,"over_unit_cap":false,"corner":false,"t_area":"short","t_frontage":"short","front_ft":2.0,"side_ft":6.5,"rear_ft":24.4,"t_front":"short","t_side":"short","t_rear":"meets","n_short":4,"measured":true},"geometry":{"type":"Polygon","coordinates":[[[-70.881648,42.542753],[-70.881504,42.542706],[-70.881499,42.542705],[-70.881573,42.542495],[-70.881763,42.542538],[-70.881653,42.542754],[-70.881648,42.542753]]]}},{"type":"Feature","properties":{"addr":"18 SWAN ST","units":1,"stories":1.75,"mbta":false,"lot_sf":5280,"req_lot_sf":8000,"frontage_ft":51.5,"req_frontage_ft":65,"req_front_ft":20,"req_side_ft":10,"req_rear_ft":20,"over_unit_cap":false,"corner":false,"t_area":"short","t_frontage":"short","front_ft":0.0,"side_ft":0.0,"rear_ft":55.5,"t_front":"short","t_side":"short","t_rear":"meets","n_short":4,"measured":true},"geometry":{"type":"Polygon","coordinates":[[[-70.881303,42.560252],[-70.881505,42.560211],[-70.881599,42.560459],[-70.881494,42.560479],[-70.881396,42.560499],[-70.881303,42.560252]]]}},{"type":"Feature","properties":{"addr":"24 LYMAN ST","units":1,"stories":2.0,"mbta":false,"lot_sf":4106,"req_lot_sf":8000,"frontage_ft":49.0,"req_frontage_ft":65,"req_front_ft":20,"req_side_ft":10,"req_rear_ft":20,"over_unit_cap":false,"corner":false,"t_area":"short","t_frontage":"short","front_ft":6.1,"side_ft":3.8,"rear_ft":27.7,"t_front":"short","t_side":"short","t_rear":"meets","n_short":4,"measured":true},"geometry":{"type":"Polygon","coordinates":[[[-70.881294,42.56155],[-70.881489,42.561516],[-70.881551,42.561717],[-70.881361,42.561759],[-70.881294,42.56155]]]}},{"type":"Feature","properties":{"addr":"22 MASON ST","units":1,"stories":1.0,"mbta":false,"lot_sf":3942,"req_lot_sf":8000,"frontage_ft":45.4,"req_frontage_ft":65,"req_front_ft":20,"req_side_ft":10,"req_rear_ft":20,"over_unit_cap":false,"corner":false,"t_area":"short","t_frontage":"short","front_ft":0.0,"side_ft":1.3,"rear_ft":29.7,"t_front":"short","t_side":"short","t_rear":"meets","n_short":4,"measured":true},"geometry":{"type":"Polygon","coordinates":[[[-70.881291,42.560982],[-70.881473,42.56095],[-70.881548,42.561157],[-70.881366,42.56119],[-70.881291,42.560982]]]}},{"type":"Feature","properties":{"addr":"21 STONE ST","units":1,"stories":1.75,"mbta":true,"lot_sf":5305,"req_lot_sf":8000,"frontage_ft":45.3,"req_frontage_ft":65,"req_front_ft":20,"req_side_ft":10,"req_rear_ft":20,"over_unit_cap":false,"corner":false,"t_area":"short","t_frontage":"short","front_ft":19.8,"side_ft":5.1,"rear_ft":58.2,"t_front":"close","t_side":"short","t_rear":"meets","n_short":3,"measured":true},"geometry":{"type":"Polygon","coordinates":[[[-70.881433,42.542356],[-70.881544,42.542082],[-70.88161,42.542092],[-70.881724,42.54211],[-70.881611,42.542397],[-70.881433,42.542356]]]}},{"type":"Feature","properties":{"addr":"14 UNION ST","units":1,"stories":2.0,"mbta":true,"lot_sf":7451,"req_lot_sf":8000,"frontage_ft":65.8,"req_frontage_ft":65,"req_front_ft":20,"req_side_ft":10,"req_rear_ft":20,"over_unit_cap":false,"corner":false,"t_area":"short","t_frontage":"meets","front_ft":2.8,"side_ft":9.6,"rear_ft":50.8,"t_front":"short","t_side":"close","t_rear":"meets","n_short":2,"measured":true},"geometry":{"type":"Polygon","coordinates":[[[-70.881359,42.543442],[-70.881412,42.543372],[-70.88153,42.543218],[-70.881766,42.543303],[-70.881581,42.543573],[-70.881359,42.543442]]]}},{"type":"Feature","properties":{"addr":"12 BENNETT ST","units":4,"stories":2.0,"mbta":false,"lot_sf":3619,"req_lot_sf":16000,"frontage_ft":56.7,"req_frontage_ft":65,"req_front_ft":20,"req_side_ft":10,"req_rear_ft":20,"over_unit_cap":false,"corner":false,"t_area":"short","t_frontage":"short","front_ft":1.9,"side_ft":7.0,"rear_ft":5.1,"t_front":"short","t_side":"close","t_rear":"short","n_short":4,"measured":true},"geometry":{"type":"Polygon","coordinates":[[[-70.881284,42.557553],[-70.881395,42.557395],[-70.881578,42.557508],[-70.881434,42.557639],[-70.881284,42.557553]]]}},{"type":"Feature","properties":{"addr":"7 COTTAGE LN","units":1,"stories":null,"mbta":true,"lot_sf":2280,"req_lot_sf":8000,"frontage_ft":43.2,"req_frontage_ft":65,"req_front_ft":20,"req_side_ft":10,"req_rear_ft":20,"over_unit_cap":false,"corner":false,"t_area":"short","t_frontage":"short","front_ft":null,"side_ft":null,"rear_ft":null,"t_front":null,"t_side":null,"t_rear":null,"n_short":2,"measured":false},"geometry":{"type":"Polygon","coordinates":[[[-70.881544,42.542082],[-70.881441,42.542066],[-70.881471,42.541935],[-70.881645,42.541964],[-70.88161,42.542092],[-70.881544,42.542082]]]}},{"type":"Feature","properties":{"addr":"57 FRONT ST","units":9,"stories":2.0,"mbta":false,"lot_sf":9208,"req_lot_sf":36000,"frontage_ft":80.6,"req_frontage_ft":65,"req_front_ft":20,"req_side_ft":10,"req_rear_ft":20,"over_unit_cap":false,"corner":true,"t_area":"short","t_frontage":"meets","front_ft":50.0,"side_ft":0.3,"rear_ft":0.3,"t_front":"meets","t_side":"short","t_rear":"short","n_short":3,"measured":true},"geometry":{"type":"Polygon","coordinates":[[[-70.88142,42.541579],[-70.881463,42.541423],[-70.88124,42.54135],[-70.881337,42.541272],[-70.881418,42.541303],[-70.881451,42.541242],[-70.881454,42.541243],[-70.881743,42.541324],[-70.881745,42.541325],[-70.881747,42.541326],[-70.881685,42.541434],[-70.881694,42.541436],[-70.881652,42.541494],[-70.881624,42.541608],[-70.88142,42.541579]]]}},{"type":"Feature","properties":{"addr":"52 FRONT ST","units":2,"stories":2.0,"mbta":false,"lot_sf":1408,"req_lot_sf":8000,"frontage_ft":28.1,"req_frontage_ft":65,"req_front_ft":20,"req_side_ft":10,"req_rear_ft":20,"over_unit_cap":false,"corner":false,"t_area":"short","t_frontage":"short","front_ft":4.2,"side_ft":0.0,"rear_ft":8.8,"t_front":"short","t_side":"short","t_rear":"short","n_short":5,"measured":true},"geometry":{"type":"Polygon","coordinates":[[[-70.881442,42.54178],[-70.881474,42.541666],[-70.881594,42.541683],[-70.881562,42.541799],[-70.881442,42.54178]]]}},{"type":"Feature","properties":{"addr":"23 LYMAN ST","units":1,"stories":2.0,"mbta":false,"lot_sf":4060,"req_lot_sf":8000,"frontage_ft":46.3,"req_frontage_ft":65,"req_front_ft":20,"req_side_ft":10,"req_rear_ft":20,"over_unit_cap":false,"corner":false,"t_area":"short","t_frontage":"short","front_ft":9.1,"side_ft":4.2,"rear_ft":29.2,"t_front":"short","t_side":"short","t_rear":"meets","n_short":4,"measured":true},"geometry":{"type":"Polygon","coordinates":[[[-70.881188,42.561227],[-70.881366,42.56119],[-70.881444,42.561405],[-70.88126,42.561439],[-70.881188,42.561227]]]}},{"type":"Feature","properties":{"addr":"25-25A HERRICK ST","units":2,"stories":2.0,"mbta":false,"lot_sf":4222,"req_lot_sf":8000,"frontage_ft":46.9,"req_frontage_ft":65,"req_front_ft":20,"req_side_ft":10,"req_rear_ft":20,"over_unit_cap":false,"corner":false,"t_area":"short","t_frontage":"short","front_ft":12.7,"side_ft":4.3,"rear_ft":24.5,"t_front":"short","t_side":"short","t_rear":"meets","n_short":4,"measured":true},"geometry":{"type":"Polygon","coordinates":[[[-70.881179,42.561795],[-70.881361,42.561759],[-70.881444,42.561978],[-70.881257,42.562011],[-70.881179,42.561795]]]}},{"type":"Feature","properties":{"addr":"6 COTTAGE LN","units":2,"stories":2.0,"mbta":true,"lot_sf":1401,"req_lot_sf":8000,"frontage_ft":32.6,"req_frontage_ft":65,"req_front_ft":20,"req_side_ft":10,"req_rear_ft":20,"over_unit_cap":false,"corner":false,"t_area":"short","t_frontage":"short","front_ft":0.5,"side_ft":0.0,"rear_ft":9.7,"t_front":"short","t_side":"short","t_rear":"short","n_short":5,"measured":true},"geometry":{"type":"Polygon","coordinates":[[[-70.881415,42.54188],[-70.881442,42.54178],[-70.881562,42.541799],[-70.881578,42.541801],[-70.881551,42.541903],[-70.881415,42.54188]]]}},{"type":"Feature","properties":{"addr":"21 MASON ST","units":1,"stories":2.0,"mbta":false,"lot_sf":5801,"req_lot_sf":8000,"frontage_ft":42.5,"req_frontage_ft":65,"req_front_ft":20,"req_side_ft":10,"req_rear_ft":20,"over_unit_cap":false,"corner":false,"t_area":"short","t_frontage":"short","front_ft":5.5,"side_ft":8.2,"rear_ft":75.4,"t_front":"short","t_side":"close","t_rear":"meets","n_short":3,"measured":true},"geometry":{"type":"Polygon","coordinates":[[[-70.881152,42.560546],[-70.881219,42.560533],[-70.88133,42.560511],[-70.88143,42.560833],[-70.881259,42.560863],[-70.881152,42.560546]]]}},{"type":"Feature","properties":{"addr":"17 UNION ST","units":1,"stories":1.75,"mbta":true,"lot_sf":6252,"req_lot_sf":8000,"frontage_ft":56.2,"req_frontage_ft":65,"req_front_ft":20,"req_side_ft":10,"req_rear_ft":20,"over_unit_cap":false,"corner":false,"t_area":"short","t_frontage":"short","front_ft":22.1,"side_ft":0.0,"rear_ft":0.0,"t_front":"meets","t_side":"short","t_rear":"short","n_short":4,"measured":true},"geometry":{"type":"Polygon","coordinates":[[[-70.881254,42.542998],[-70.881354,42.542868],[-70.881398,42.542881],[-70.881504,42.542706],[-70.881648,42.542753],[-70.881552,42.542914],[-70.881458,42.543072],[-70.881254,42.542998]]]}},{"type":"Feature","properties":{"addr":"22 STONE ST","units":2,"stories":2.0,"mbta":true,"lot_sf":3802,"req_lot_sf":8000,"frontage_ft":41.2,"req_frontage_ft":65,"req_front_ft":20,"req_side_ft":10,"req_rear_ft":20,"over_unit_cap":false,"corner":false,"t_area":"short","t_frontage":"short","front_ft":15.5,"side_ft":1.3,"rear_ft":23.0,"t_front":"short","t_side":"short","t_rear":"meets","n_short":4,"measured":true},"geometry":{"type":"Polygon","coordinates":[[[-70.881319,42.542658],[-70.88141,42.542458],[-70.881573,42.542495],[-70.881499,42.542705],[-70.881319,42.542658]]]}},{"type":"Feature","properties":{"addr":"20 SWAN ST","units":1,"stories":2.0,"mbta":false,"lot_sf":4594,"req_lot_sf":8000,"frontage_ft":44.4,"req_frontage_ft":65,"req_front_ft":20,"req_side_ft":10,"req_rear_ft":20,"over_unit_cap":false,"corner":false,"t_area":"short","t_frontage":"short","front_ft":0.0,"side_ft":0.9,"rear_ft":60.8,"t_front":"short","t_side":"short","t_rear":"meets","n_short":4,"measured":true},"geometry":{"type":"Polygon","coordinates":[[[-70.881127,42.560287],[-70.881303,42.560252],[-70.881396,42.560499],[-70.88133,42.560511],[-70.881219,42.560533],[-70.881127,42.560287]]]}},{"type":"Feature","properties":{"addr":"16 UNION ST","units":1,"stories":2.0,"mbta":true,"lot_sf":2142,"req_lot_sf":8000,"frontage_ft":32.1,"req_frontage_ft":65,"req_front_ft":20,"req_side_ft":10,"req_rear_ft":20,"over_unit_cap":false,"corner":false,"t_area":"short","t_frontage":"short","front_ft":0.0,"side_ft":0.0,"rear_ft":19.8,"t_front":"short","t_side":"short","t_rear":"close","n_short":4,"measured":true},"geometry":{"type":"Polygon","coordinates":[[[-70.881316,42.54333],[-70.881409,42.54317],[-70.88153,42.543218],[-70.881412,42.543372],[-70.881316,42.54333]]]}},{"type":"Feature","properties":{"addr":"24 MASON ST","units":1,"stories":2.0,"mbta":false,"lot_sf":3912,"req_lot_sf":8000,"frontage_ft":43.9,"req_frontage_ft":65,"req_front_ft":20,"req_side_ft":10,"req_rear_ft":20,"over_unit_cap":false,"corner":false,"t_area":"short","t_frontage":"short","front_ft":0.0,"side_ft":3.5,"rear_ft":40.1,"t_front":"short","t_side":"short","t_rear":"meets","n_short":4,"measured":true},"geometry":{"type":"Polygon","coordinates":[[[-70.881115,42.561014],[-70.881291,42.560982],[-70.881366,42.56119],[-70.881188,42.561227],[-70.881115,42.561014]]]}},{"type":"Feature","properties":{"addr":"26 LYMAN ST","units":1,"stories":2.0,"mbta":false,"lot_sf":3986,"req_lot_sf":8000,"frontage_ft":46.0,"req_frontage_ft":65,"req_front_ft":20,"req_side_ft":10,"req_rear_ft":20,"over_unit_cap":false,"corner":false,"t_area":"short","t_frontage":"short","front_ft":8.4,"side_ft":0.9,"rear_ft":33.8,"t_front":"short","t_side":"short","t_rear":"meets","n_short":4,"measured":true},"geometry":{"type":"Polygon","coordinates":[[[-70.881111,42.561584],[-70.881294,42.56155],[-70.881361,42.561759],[-70.881179,42.561795],[-70.881111,42.561584]]]}},{"type":"Feature","properties":{"addr":"6 CHARLES ST","units":2,"stories":2.5,"mbta":false,"lot_sf":6296,"req_lot_sf":8000,"frontage_ft":50.9,"req_frontage_ft":65,"req_front_ft":20,"req_side_ft":10,"req_rear_ft":20,"over_unit_cap":false,"corner":false,"t_area":"short","t_frontage":"short","front_ft":0.9,"side_ft":7.4,"rear_ft":69.8,"t_front":"short","t_side":"close","t_rear":"meets","n_short":3,"measured":true},"geometry":{"type":"Polygon","coordinates":[[[-70.881087,42.558945],[-70.881278,42.558886],[-70.881421,42.559188],[-70.881357,42.559205],[-70.881236,42.559239],[-70.881087,42.558945]]]}},{"type":"Feature","properties":{"addr":"19 SWAN ST","units":1,"stories":2.0,"mbta":false,"lot_sf":10024,"req_lot_sf":8000,"frontage_ft":45.4,"req_frontage_ft":65,"req_front_ft":20,"req_side_ft":10,"req_rear_ft":20,"over_unit_cap":false,"corner":false,"t_area":"meets","t_frontage":"short","front_ft":2.6,"side_ft":4.6,"rear_ft":40.8,"t_front":"short","t_side":"short","t_rear":"meets","n_short":3,"measured":true},"geometry":{"type":"Polygon","coordinates":[[[-70.881048,42.559796],[-70.881392,42.559695],[-70.881457,42.559855],[-70.881271,42.5599],[-70.881357,42.560129],[-70.881176,42.560165],[-70.881048,42.559796]]]}},{"type":"Feature","properties":{"addr":"39 BARTLETT ST","units":7,"stories":2.0,"mbta":true,"lot_sf":8495,"req_lot_sf":8000,"frontage_ft":96.1,"req_frontage_ft":65,"req_front_ft":20,"req_side_ft":10,"req_rear_ft":20,"over_unit_cap":false,"corner":true,"t_area":"meets","t_frontage":"meets","front_ft":4.2,"side_ft":6.4,"rear_ft":16.0,"t_front":"short","t_side":"short","t_rear":"short","n_short":3,"measured":true},"geometry":{"type":"Polygon","coordinates":[[[-70.881147,42.542291],[-70.881203,42.542147],[-70.881187,42.542027],[-70.881441,42.542066],[-70.881544,42.542082],[-70.881433,42.542356],[-70.881147,42.542291]]]}},{"type":"Feature","properties":{"addr":"45 BARTLETT ST","units":1,"stories":1.75,"mbta":false,"lot_sf":5152,"req_lot_sf":8000,"frontage_ft":71.9,"req_frontage_ft":65,"req_front_ft":20,"req_side_ft":10,"req_rear_ft":20,"over_unit_cap":false,"corner":true,"t_area":"short","t_frontage":"meets","front_ft":40.0,"side_ft":1.8,"rear_ft":1.3,"t_front":"meets","t_side":"short","t_rear":"short","n_short":3,"measured":true},"geometry":{"type":"Polygon","coordinates":[[[-70.881169,42.54184],[-70.881225,42.541682],[-70.881226,42.54168],[-70.881227,42.541678],[-70.881227,42.541677],[-70.881228,42.541675],[-70.881229,42.541673],[-70.88123,42.541671],[-70.881231,42.541669],[-70.881232,42.541668],[-70.881233,42.541666],[-70.881235,42.541664],[-70.881236,42.541663],[-70.881237,42.541661],[-70.881239,42.54166],[-70.881241,42.541658],[-70.881242,42.541657],[-70.881244,42.541655],[-70.881246,42.541654],[-70.881248,42.541653],[-70.88125,42.541651],[-70.881252,42.54165],[-70.881254,42.541649],[-70.881256,42.541648],[-70.881258,42.541647],[-70.88126,42.541646],[-70.881262,42.541645],[-70.881265,42.541644],[-70.881267,42.541643],[-70.881269,42.541642],[-70.881272,42.541641],[-70.881274,42.541641],[-70.881277,42.54164],[-70.881279,42.54164],[-70.881282,42.541639],[-70.881284,42.541639],[-70.881287,42.541638],[-70.881289,42.541638],[-70.881292,42.541638],[-70.881294,42.541638],[-70.881297,42.541638],[-70.8813,42.541638],[-70.881302,42.541638],[-70.881305,42.541638],[-70.881307,42.541638],[-70.88131,42.541638],[-70.881313,42.541639],[-70.881315,42.541639],[-70.881318,42.54164],[-70.88132,42.54164],[-70.881474,42.541666],[-70.881442,42.54178],[-70.881415,42.54188],[-70.881169,42.54184]]]}},{"type":"Feature","properties":{"addr":"18 UNION ST","units":2,"stories":1.75,"mbta":true,"lot_sf":1976,"req_lot_sf":8000,"frontage_ft":27.6,"req_frontage_ft":65,"req_front_ft":20,"req_side_ft":10,"req_rear_ft":20,"over_unit_cap":false,"corner":false,"t_area":"short","t_frontage":"short","front_ft":0.0,"side_ft":0.0,"rear_ft":1.7,"t_front":"short","t_side":"short","t_rear":"short","n_short":5,"measured":true},"geometry":{"type":"Polygon","coordinates":[[[-70.881214,42.543285],[-70.881299,42.543133],[-70.881409,42.54317],[-70.881316,42.54333],[-70.881214,42.543285]]]}},{"type":"Feature","properties":{"addr":"25 LYMAN ST","units":1,"stories":2.0,"mbta":false,"lot_sf":4027,"req_lot_sf":8000,"frontage_ft":44.4,"req_frontage_ft":65,"req_front_ft":20,"req_side_ft":10,"req_rear_ft":20,"over_unit_cap":false,"corner":false,"t_area":"short","t_frontage":"short","front_ft":10.0,"side_ft":4.5,"rear_ft":30.0,"t_front":"short","t_side":"short","t_rear":"meets","n_short":4,"measured":true},"geometry":{"type":"Polygon","coordinates":[[[-70.881003,42.561255],[-70.881188,42.561227],[-70.88126,42.561439],[-70.881082,42.561471],[-70.881003,42.561255]]]}},{"type":"Feature","properties":{"addr":"43 BARTLETT ST","units":1,"stories":1.75,"mbta":true,"lot_sf":3758,"req_lot_sf":8000,"frontage_ft":81.1,"req_frontage_ft":65,"req_front_ft":20,"req_side_ft":10,"req_rear_ft":20,"over_unit_cap":false,"corner":true,"t_area":"short","t_frontage":"meets","front_ft":3.7,"side_ft":0.0,"rear_ft":39.6,"t_front":"short","t_side":"short","t_rear":"meets","n_short":3,"measured":true},"geometry":{"type":"Polygon","coordinates":[[[-70.881187,42.542027],[-70.881168,42.541885],[-70.881471,42.541935],[-70.881441,42.542066],[-70.881187,42.542027]]]}},{"type":"Feature","properties":{"addr":"23 MASON ST","units":1,"stories":2.0,"mbta":false,"lot_sf":5908,"req_lot_sf":8000,"frontage_ft":45.5,"req_frontage_ft":65,"req_front_ft":20,"req_side_ft":10,"req_rear_ft":20,"over_unit_cap":false,"corner":false,"t_area":"short","t_frontage":"short","front_ft":4.5,"side_ft":3.4,"rear_ft":53.2,"t_front":"short","t_side":"short","t_rear":"meets","n_short":4,"measured":true},"geometry":{"type":"Polygon","coordinates":[[[-70.880976,42.56058],[-70.881043,42.560567],[-70.881152,42.560546],[-70.881259,42.560863],[-70.881077,42.560896],[-70.880976,42.56058]]]}},{"type":"Feature","properties":{"addr":"27 HERRICK ST","units":2,"stories":3.0,"mbta":false,"lot_sf":5070,"req_lot_sf":8000,"frontage_ft":45.9,"req_frontage_ft":65,"req_front_ft":20,"req_side_ft":10,"req_rear_ft":20,"over_unit_cap":false,"corner":false,"t_area":"short","t_frontage":"short","front_ft":12.4,"side_ft":3.4,"rear_ft":25.2,"t_front":"short","t_side":"short","t_rear":"meets","n_short":4,"measured":true},"geometry":{"type":"Polygon","coordinates":[[[-70.880933,42.561835],[-70.880993,42.561821],[-70.881179,42.561795],[-70.881257,42.562011],[-70.881193,42.562024],[-70.881127,42.562045],[-70.88108,42.562059],[-70.880933,42.561835]]]}},{"type":"Feature","properties":{"addr":"63 FRONT ST","units":3,"stories":4.0,"mbta":false,"lot_sf":6006,"req_lot_sf":12000,"frontage_ft":116.5,"req_frontage_ft":65,"req_front_ft":20,"req_side_ft":10,"req_rear_ft":20,"over_unit_cap":false,"corner":false,"t_area":"short","t_frontage":"meets","front_ft":9.2,"side_ft":13.2,"rear_ft":3.8,"t_front":"short","t_side":"meets","t_rear":"short","n_short":3,"measured":true},"geometry":{"type":"Polygon","coordinates":[[[-70.881027,42.541523],[-70.881008,42.541488],[-70.881113,42.541452],[-70.88124,42.54135],[-70.881463,42.541423],[-70.88142,42.541579],[-70.881027,42.541523]]]}},{"type":"Feature","properties":{"addr":"22 SWAN ST","units":3,"stories":2.75,"mbta":false,"lot_sf":4598,"req_lot_sf":12000,"frontage_ft":45.2,"req_frontage_ft":65,"req_front_ft":20,"req_side_ft":10,"req_rear_ft":20,"over_unit_cap":false,"corner":false,"t_area":"short","t_frontage":"short","front_ft":0.7,"side_ft":4.1,"rear_ft":45.3,"t_front":"short","t_side":"short","t_rear":"meets","n_short":4,"measured":true},"geometry":{"type":"Polygon","coordinates":[[[-70.880947,42.560324],[-70.881127,42.560287],[-70.881219,42.560533],[-70.881152,42.560546],[-70.881043,42.560567],[-70.880947,42.560324]]]}},{"type":"Feature","properties":{"addr":"33 BARTLETT ST","units":3,"stories":1.0,"mbta":true,"lot_sf":8133,"req_lot_sf":8000,"frontage_ft":57.9,"req_frontage_ft":65,"req_front_ft":20,"req_side_ft":10,"req_rear_ft":20,"over_unit_cap":false,"corner":false,"t_area":"meets","t_frontage":"short","front_ft":10.5,"side_ft":3.5,"rear_ft":27.3,"t_front":"short","t_side":"short","t_rear":"meets","n_short":3,"measured":true},"geometry":{"type":"Polygon","coordinates":[[[-70.881354,42.542868],[-70.880998,42.542756],[-70.881052,42.542588],[-70.881319,42.542658],[-70.881499,42.542705],[-70.881504,42.542706],[-70.881398,42.542881],[-70.881354,42.542868]]]}},{"type":"Feature","properties":{"addr":"26 MASON ST","units":3,"stories":2.0,"mbta":false,"lot_sf":4081,"req_lot_sf":12000,"frontage_ft":47.0,"req_frontage_ft":65,"req_front_ft":20,"req_side_ft":10,"req_rear_ft":20,"over_unit_cap":false,"corner":false,"t_area":"short","t_frontage":"short","front_ft":7.8,"side_ft":4.6,"rear_ft":15.1,"t_front":"short","t_side":"short","t_rear":"short","n_short":5,"measured":true},"geometry":{"type":"Polygon","coordinates":[[[-70.880928,42.561047],[-70.881115,42.561014],[-70.881188,42.561227],[-70.881003,42.561255],[-70.880928,42.561047]]]}},{"type":"Feature","properties":{"addr":"28 LYMAN ST","units":1,"stories":2.0,"mbta":false,"lot_sf":4052,"req_lot_sf":8000,"frontage_ft":47.9,"req_frontage_ft":65,"req_front_ft":20,"req_side_ft":10,"req_rear_ft":20,"over_unit_cap":false,"corner":false,"t_area":"short","t_frontage":"short","front_ft":8.2,"side_ft":2.9,"rear_ft":25.4,"t_front":"short","t_side":"short","t_rear":"meets","n_short":4,"measured":true},"geometry":{"type":"Polygon","coordinates":[[[-70.88092,42.561616],[-70.881111,42.561584],[-70.881179,42.561795],[-70.880993,42.561821],[-70.88092,42.561616]]]}},{"type":"Feature","properties":{"addr":"10-12 CHARLES ST","units":2,"stories":2.5,"mbta":false,"lot_sf":6130,"req_lot_sf":8000,"frontage_ft":46.8,"req_frontage_ft":65,"req_front_ft":20,"req_side_ft":10,"req_rear_ft":20,"over_unit_cap":false,"corner":false,"t_area":"short","t_frontage":"short","front_ft":0.5,"side_ft":2.3,"rear_ft":34.3,"t_front":"short","t_side":"short","t_rear":"meets","n_short":4,"measured":true},"geometry":{"type":"Polygon","coordinates":[[[-70.880995,42.559189],[-70.880907,42.558996],[-70.881087,42.558945],[-70.881236,42.559239],[-70.881046,42.559293],[-70.880995,42.559189]]]}},{"type":"Feature","properties":{"addr":"37 BARTLETT ST","units":7,"stories":3.0,"mbta":true,"lot_sf":5970,"req_lot_sf":8000,"frontage_ft":80.3,"req_frontage_ft":65,"req_front_ft":20,"req_side_ft":10,"req_rear_ft":20,"over_unit_cap":false,"corner":true,"t_area":"short","t_frontage":"meets","front_ft":11.5,"side_ft":2.0,"rear_ft":30.3,"t_front":"short","t_side":"short","t_rear":"meets","n_short":3,"measured":true},"geometry":{"type":"Polygon","coordinates":[[[-70.881052,42.542588],[-70.881116,42.542391],[-70.88141,42.542458],[-70.881319,42.542658],[-70.881052,42.542588]]]}},{"type":"Feature","properties":{"addr":"21 SWAN ST","units":1,"stories":1.75,"mbta":false,"lot_sf":6818,"req_lot_sf":8000,"frontage_ft":44.5,"req_frontage_ft":65,"req_front_ft":20,"req_side_ft":10,"req_rear_ft":20,"over_unit_cap":false,"corner":false,"t_area":"short","t_frontage":"short","front_ft":6.7,"side_ft":4.5,"rear_ft":58.0,"t_front":"short","t_side":"short","t_rear":"meets","n_short":4,"measured":true},"geometry":{"type":"Polygon","coordinates":[[[-70.880872,42.559848],[-70.881048,42.559796],[-70.881176,42.560165],[-70.881,42.560201],[-70.880872,42.559848]]]}},{"type":"Feature","properties":{"addr":"20 UNION ST","units":1,"stories":1.75,"mbta":true,"lot_sf":2486,"req_lot_sf":8000,"frontage_ft":36.4,"req_frontage_ft":65,"req_front_ft":20,"req_side_ft":10,"req_rear_ft":20,"over_unit_cap":false,"corner":false,"t_area":"short","t_frontage":"short","front_ft":0.0,"side_ft":0.0,"rear_ft":11.8,"t_front":"short","t_side":"short","t_rear":"short","n_short":5,"measured":true},"geometry":{"type":"Polygon","coordinates":[[[-70.881073,42.543224],[-70.881161,42.543083],[-70.881299,42.543133],[-70.881214,42.543285],[-70.881073,42.543224]]]}},{"type":"Feature","properties":{"addr":"29 BARTLETT ST","units":7,"stories":3.0,"mbta":true,"lot_sf":5005,"req_lot_sf":8000,"frontage_ft":87.5,"req_frontage_ft":65,"req_front_ft":20,"req_side_ft":10,"req_rear_ft":20,"over_unit_cap":false,"corner":true,"t_area":"short","t_frontage":"meets","front_ft":3.5,"side_ft":0.0,"rear_ft":5.0,"t_front":"short","t_side":"short","t_rear":"short","n_short":4,"measured":true},"geometry":{"type":"Polygon","coordinates":[[[-70.880955,42.542888],[-70.880998,42.542756],[-70.881354,42.542868],[-70.881254,42.542998],[-70.880955,42.542888]]]}},{"type":"Feature","properties":{"addr":"27 LYMAN ST","units":1,"stories":2.0,"mbta":false,"lot_sf":4066,"req_lot_sf":8000,"frontage_ft":44.7,"req_frontage_ft":65,"req_front_ft":20,"req_side_ft":10,"req_rear_ft":20,"over_unit_cap":false,"corner":false,"t_area":"short","t_frontage":"short","front_ft":8.9,"side_ft":4.3,"rear_ft":31.4,"t_front":"short","t_side":"short","t_rear":"meets","n_short":4,"measured":true},"geometry":{"type":"Polygon","coordinates":[[[-70.880823,42.561288],[-70.881003,42.561255],[-70.881082,42.561471],[-70.880904,42.561504],[-70.880823,42.561288]]]}},{"type":"Feature","properties":{"addr":"25 MASON ST","units":1,"stories":2.0,"mbta":false,"lot_sf":5983,"req_lot_sf":8000,"frontage_ft":45.4,"req_frontage_ft":65,"req_front_ft":20,"req_side_ft":10,"req_rear_ft":20,"over_unit_cap":false,"corner":false,"t_area":"short","t_frontage":"short","front_ft":5.6,"side_ft":1.8,"rear_ft":66.5,"t_front":"short","t_side":"short","t_rear":"meets","n_short":4,"measured":true},"geometry":{"type":"Polygon","coordinates":[[[-70.880791,42.560616],[-70.88087,42.560601],[-70.880976,42.56058],[-70.881077,42.560896],[-70.880896,42.560928],[-70.880791,42.560616]]]}},{"type":"Feature","properties":{"addr":"29 HERRICK ST","units":2,"stories":2.0,"mbta":false,"lot_sf":5242,"req_lot_sf":8000,"frontage_ft":56.0,"req_frontage_ft":65,"req_front_ft":20,"req_side_ft":10,"req_rear_ft":20,"over_unit_cap":false,"corner":false,"t_area":"short","t_frontage":"short","front_ft":14.7,"side_ft":4.0,"rear_ft":15.4,"t_front":"short","t_side":"short","t_rear":"short","n_short":5,"measured":true},"geometry":{"type":"Polygon","coordinates":[[[-70.880779,42.561953],[-70.880815,42.561919],[-70.880851,42.561912],[-70.880816,42.561862],[-70.880933,42.561835],[-70.88108,42.562059],[-70.881024,42.562089],[-70.88099,42.562108],[-70.880957,42.562128],[-70.880924,42.562148],[-70.880902,42.562162],[-70.880779,42.561953]]]}},{"type":"Feature","properties":{"addr":"25 BARTLETT ST","units":5,"stories":2.0,"mbta":true,"lot_sf":10858,"req_lot_sf":8000,"frontage_ft":68.6,"req_frontage_ft":65,"req_front_ft":20,"req_side_ft":10,"req_rear_ft":20,"over_unit_cap":false,"corner":false,"t_area":"meets","t_frontage":"meets","front_ft":5.7,"side_ft":5.5,"rear_ft":40.0,"t_front":"short","t_side":"short","t_rear":"meets","n_short":2,"measured":true},"geometry":{"type":"Polygon","coordinates":[[[-70.880799,42.54333],[-70.880866,42.543134],[-70.881073,42.543224],[-70.881214,42.543285],[-70.881316,42.54333],[-70.881412,42.543372],[-70.881359,42.543442],[-70.881296,42.543524],[-70.880799,42.54333]]]}},{"type":"Feature","properties":{"addr":"24 SWAN ST","units":1,"stories":2.0,"mbta":false,"lot_sf":4504,"req_lot_sf":8000,"frontage_ft":44.6,"req_frontage_ft":65,"req_front_ft":20,"req_side_ft":10,"req_rear_ft":20,"over_unit_cap":false,"corner":false,"t_area":"short","t_frontage":"short","front_ft":0.7,"side_ft":1.5,"rear_ft":54.3,"t_front":"short","t_side":"short","t_rear":"meets","n_short":4,"measured":true},"geometry":{"type":"Polygon","coordinates":[[[-70.88077,42.56036],[-70.880947,42.560324],[-70.881043,42.560567],[-70.880976,42.56058],[-70.88087,42.560601],[-70.88077,42.56036]]]}},{"type":"Feature","properties":{"addr":"14 CHARLES ST","units":1,"stories":2.0,"mbta":false,"lot_sf":4068,"req_lot_sf":8000,"frontage_ft":32.5,"req_frontage_ft":65,"req_front_ft":20,"req_side_ft":10,"req_rear_ft":20,"over_unit_cap":false,"corner":false,"t_area":"short","t_frontage":"short","front_ft":0.6,"side_ft":1.0,"rear_ft":32.7,"t_front":"short","t_side":"short","t_rear":"meets","n_short":4,"measured":true},"geometry":{"type":"Polygon","coordinates":[[[-70.880778,42.559033],[-70.880907,42.558996],[-70.880995,42.559189],[-70.881046,42.559293],[-70.880926,42.559326],[-70.880778,42.559033]]]}},{"type":"Feature","properties":{"addr":"28 MASON ST","units":2,"stories":1.0,"mbta":false,"lot_sf":3962,"req_lot_sf":8000,"frontage_ft":45.7,"req_frontage_ft":65,"req_front_ft":20,"req_side_ft":10,"req_rear_ft":20,"over_unit_cap":false,"corner":false,"t_area":"short","t_frontage":"short","front_ft":1.4,"side_ft":5.0,"rear_ft":7.8,"t_front":"short","t_side":"short","t_rear":"short","n_short":5,"measured":true},"geometry":{"type":"Polygon","coordinates":[[[-70.880745,42.56108],[-70.880928,42.561047],[-70.881003,42.561255],[-70.880823,42.561288],[-70.880745,42.56108]]]}},{"type":"Feature","properties":{"addr":"30 LYMAN ST","units":1,"stories":2.0,"mbta":false,"lot_sf":3828,"req_lot_sf":8000,"frontage_ft":44.4,"req_frontage_ft":65,"req_front_ft":20,"req_side_ft":10,"req_rear_ft":20,"over_unit_cap":false,"corner":false,"t_area":"short","t_frontage":"short","front_ft":7.5,"side_ft":6.6,"rear_ft":13.3,"t_front":"short","t_side":"short","t_rear":"short","n_short":5,"measured":true},"geometry":{"type":"Polygon","coordinates":[[[-70.880795,42.561779],[-70.880742,42.561648],[-70.88092,42.561616],[-70.880993,42.561821],[-70.880933,42.561835],[-70.880816,42.561862],[-70.880795,42.561779]]]}},{"type":"Feature","properties":{"addr":"49 BARTLETT ST","units":3,"stories":2.75,"mbta":false,"lot_sf":10256,"req_lot_sf":12000,"frontage_ft":144.2,"req_frontage_ft":65,"req_front_ft":20,"req_side_ft":10,"req_rear_ft":20,"over_unit_cap":false,"corner":false,"t_area":"short","t_frontage":"meets","front_ft":10.0,"side_ft":18.6,"rear_ft":15.9,"t_front":"short","t_side":"meets","t_rear":"short","n_short":3,"measured":true},"geometry":{"type":"Polygon","coordinates":[[[-70.880793,42.541111],[-70.880836,42.541057],[-70.880966,42.541131],[-70.881337,42.541272],[-70.88124,42.54135],[-70.881113,42.541452],[-70.881008,42.541488],[-70.880793,42.541111]]]}},{"type":"Feature","properties":{"addr":"23 SWAN ST","units":1,"stories":2.0,"mbta":false,"lot_sf":6429,"req_lot_sf":8000,"frontage_ft":42.6,"req_frontage_ft":65,"req_front_ft":20,"req_side_ft":10,"req_rear_ft":20,"over_unit_cap":false,"corner":false,"t_area":"short","t_frontage":"short","front_ft":4.4,"side_ft":2.3,"rear_ft":87.5,"t_front":"short","t_side":"short","t_rear":"meets","n_short":4,"measured":true},"geometry":{"type":"Polygon","coordinates":[[[-70.880694,42.5599],[-70.880872,42.559848],[-70.881,42.560201],[-70.880829,42.560235],[-70.880694,42.5599]]]}},{"type":"Feature","properties":{"addr":"24 UNION ST","units":5,"stories":3.0,"mbta":true,"lot_sf":3640,"req_lot_sf":8000,"frontage_ft":68.5,"req_frontage_ft":65,"req_front_ft":20,"req_side_ft":10,"req_rear_ft":20,"over_unit_cap":false,"corner":true,"t_area":"short","t_frontage":"meets","front_ft":5.0,"side_ft":1.1,"rear_ft":17.0,"t_front":"short","t_side":"short","t_rear":"short","n_short":4,"measured":true},"geometry":{"type":"Polygon","coordinates":[[[-70.880866,42.543134],[-70.880924,42.542999],[-70.881161,42.543083],[-70.881073,42.543224],[-70.880866,42.543134]]]}},{"type":"Feature","properties":{"addr":"20 SOHIER RD","units":100,"stories":7.0,"mbta":false,"lot_sf":58625,"req_lot_sf":400000,"frontage_ft":39.1,"req_frontage_ft":65,"req_front_ft":20,"req_side_ft":10,"req_rear_ft":20,"over_unit_cap":false,"corner":false,"t_area":"short","t_frontage":"short","front_ft":209.3,"side_ft":18.3,"rear_ft":15.8,"t_front":"meets","t_side":"meets","t_rear":"short","n_short":3,"measured":true},"geometry":{"type":"Polygon","coordinates":[[[-70.880288,42.55982],[-70.879932,42.559921],[-70.879949,42.5598],[-70.88044,42.559651],[-70.880367,42.559483],[-70.880381,42.559479],[-70.880516,42.559441],[-70.880656,42.559402],[-70.88079,42.559364],[-70.880926,42.559326],[-70.881046,42.559293],[-70.881236,42.559239],[-70.881357,42.559205],[-70.881538,42.559652],[-70.881392,42.559695],[-70.881048,42.559796],[-70.880872,42.559848],[-70.880694,42.5599],[-70.880519,42.559952],[-70.880388,42.559991],[-70.880288,42.55982]]]}},{"type":"Feature","properties":{"addr":"21 BARTLETT ST","units":4,"stories":3.0,"mbta":true,"lot_sf":12136,"req_lot_sf":8000,"frontage_ft":75.9,"req_frontage_ft":65,"req_front_ft":20,"req_side_ft":10,"req_rear_ft":20,"over_unit_cap":false,"corner":false,"t_area":"meets","t_frontage":"meets","front_ft":12.1,"side_ft":4.5,"rear_ft":26.4,"t_front":"short","t_side":"short","t_rear":"meets","n_short":2,"measured":true},"geometry":{"type":"Polygon","coordinates":[[[-70.881007,42.543698],[-70.881019,42.543673],[-70.880807,42.543604],[-70.880817,42.543587],[-70.880722,42.543545],[-70.880799,42.54333],[-70.881296,42.543524],[-70.881119,42.543755],[-70.881007,42.543698]]]}},{"type":"Feature","properties":{"addr":"29 LYMAN ST","units":1,"stories":2.0,"mbta":false,"lot_sf":4058,"req_lot_sf":8000,"frontage_ft":45.2,"req_frontage_ft":65,"req_front_ft":20,"req_side_ft":10,"req_rear_ft":20,"over_unit_cap":false,"corner":false,"t_area":"short","t_frontage":"short","front_ft":9.7,"side_ft":4.0,"rear_ft":28.8,"t_front":"short","t_side":"short","t_rear":"meets","n_short":4,"measured":true},"geometry":{"type":"Polygon","coordinates":[[[-70.880645,42.56132],[-70.880823,42.561288],[-70.880904,42.561504],[-70.880723,42.561537],[-70.880645,42.56132]]]}},{"type":"Feature","properties":{"addr":"31 HERRICK ST","units":2,"stories":2.0,"mbta":false,"lot_sf":4452,"req_lot_sf":8000,"frontage_ft":43.5,"req_frontage_ft":65,"req_front_ft":20,"req_side_ft":10,"req_rear_ft":20,"over_unit_cap":false,"corner":false,"t_area":"short","t_frontage":"short","front_ft":17.6,"side_ft":6.4,"rear_ft":4.5,"t_front":"close","t_side":"short","t_rear":"short","n_short":4,"measured":true},"geometry":{"type":"Polygon","coordinates":[[[-70.880601,42.562119],[-70.880779,42.561953],[-70.880902,42.562162],[-70.880769,42.562252],[-70.880601,42.562119]]]}},{"type":"Feature","properties":{"addr":"16 CHARLES ST","units":1,"stories":2.0,"mbta":false,"lot_sf":4449,"req_lot_sf":8000,"frontage_ft":34.0,"req_frontage_ft":65,"req_front_ft":20,"req_side_ft":10,"req_rear_ft":20,"over_unit_cap":false,"corner":false,"t_area":"short","t_frontage":"short","front_ft":1.1,"side_ft":3.8,"rear_ft":72.1,"t_front":"short","t_side":"short","t_rear":"meets","n_short":4,"measured":true},"geometry":{"type":"Polygon","coordinates":[[[-70.880643,42.559071],[-70.880778,42.559033],[-70.880926,42.559326],[-70.88079,42.559364],[-70.880643,42.559071]]]}},{"type":"Feature","properties":{"addr":"27 MASON ST","units":2,"stories":2.0,"mbta":false,"lot_sf":5660,"req_lot_sf":8000,"frontage_ft":43.9,"req_frontage_ft":65,"req_front_ft":20,"req_side_ft":10,"req_rear_ft":20,"over_unit_cap":false,"corner":false,"t_area":"short","t_frontage":"short","front_ft":1.9,"side_ft":3.5,"rear_ft":53.8,"t_front":"short","t_side":"short","t_rear":"meets","n_short":4,"measured":true},"geometry":{"type":"Polygon","coordinates":[[[-70.880618,42.56065],[-70.880689,42.560636],[-70.880791,42.560616],[-70.880896,42.560928],[-70.88072,42.56096],[-70.880618,42.56065]]]}},{"type":"Feature","properties":{"addr":"13 BARTLETT ST","units":4,"stories":2.0,"mbta":true,"lot_sf":9122,"req_lot_sf":8000,"frontage_ft":120.9,"req_frontage_ft":65,"req_front_ft":20,"req_side_ft":10,"req_rear_ft":20,"over_unit_cap":false,"corner":false,"t_area":"meets","t_frontage":"meets","front_ft":1.1,"side_ft":21.3,"rear_ft":12.9,"t_front":"short","t_side":"meets","t_rear":"short","n_short":2,"measured":true},"geometry":{"type":"Polygon","coordinates":[[[-70.88089,42.544057],[-70.880796,42.544062],[-70.880736,42.543719],[-70.880868,42.54374],[-70.880863,42.543753],[-70.881123,42.543838],[-70.881057,42.543895],[-70.88114,42.543952],[-70.880949,42.544092],[-70.88089,42.544057]]]}},{"type":"Feature","properties":{"addr":"19 BARTLETT ST","units":1,"stories":2.0,"mbta":true,"lot_sf":5161,"req_lot_sf":8000,"frontage_ft":59.5,"req_frontage_ft":65,"req_front_ft":20,"req_side_ft":10,"req_rear_ft":20,"over_unit_cap":false,"corner":false,"t_area":"short","t_frontage":"short","front_ft":3.6,"side_ft":1.7,"rear_ft":19.7,"t_front":"short","t_side":"short","t_rear":"close","n_short":4,"measured":true},"geometry":{"type":"Polygon","coordinates":[[[-70.880863,42.543753],[-70.880868,42.54374],[-70.880736,42.543719],[-70.880711,42.543575],[-70.880722,42.543545],[-70.880817,42.543587],[-70.880807,42.543604],[-70.881019,42.543673],[-70.881007,42.543698],[-70.881119,42.543755],[-70.881182,42.543787],[-70.881123,42.543838],[-70.880863,42.543753]]]}},{"type":"Feature","properties":{"addr":"9 BARTLETT ST","units":3,"stories":2.75,"mbta":true,"lot_sf":2028,"req_lot_sf":8000,"frontage_ft":39.0,"req_frontage_ft":65,"req_front_ft":20,"req_side_ft":10,"req_rear_ft":20,"over_unit_cap":false,"corner":false,"t_area":"short","t_frontage":"short","front_ft":7.8,"side_ft":0.0,"rear_ft":0.0,"t_front":"short","t_side":"short","t_rear":"short","n_short":5,"measured":true},"geometry":{"type":"Polygon","coordinates":[[[-70.880796,42.544062],[-70.88089,42.544057],[-70.880949,42.544092],[-70.881045,42.54415],[-70.881001,42.544172],[-70.880816,42.544182],[-70.880796,42.544062]]]}},{"type":"Feature","properties":{"addr":"26 SWAN ST","units":1,"stories":1.5,"mbta":false,"lot_sf":4511,"req_lot_sf":8000,"frontage_ft":43.1,"req_frontage_ft":65,"req_front_ft":20,"req_side_ft":10,"req_rear_ft":20,"over_unit_cap":false,"corner":false,"t_area":"short","t_frontage":"short","front_ft":12.3,"side_ft":7.7,"rear_ft":52.3,"t_front":"short","t_side":"close","t_rear":"meets","n_short":3,"measured":true},"geometry":{"type":"Polygon","coordinates":[[[-70.880598,42.560394],[-70.88077,42.56036],[-70.88087,42.560601],[-70.880791,42.560616],[-70.880689,42.560636],[-70.880598,42.560394]]]}},{"type":"Feature","properties":{"addr":"70 CHASE ST","units":1,"stories":1.5,"mbta":false,"lot_sf":2511,"req_lot_sf":8000,"frontage_ft":26.3,"req_frontage_ft":65,"req_front_ft":20,"req_side_ft":10,"req_rear_ft":20,"over_unit_cap":false,"corner":false,"t_area":"short","t_frontage":"short","front_ft":1.4,"side_ft":2.4,"rear_ft":43.6,"t_front":"short","t_side":"short","t_rear":"meets","n_short":4,"measured":true},"geometry":{"type":"Polygon","coordinates":[[[-70.880593,42.555048],[-70.880637,42.554969],[-70.880917,42.555042],[-70.880875,42.555118],[-70.880873,42.555122],[-70.880593,42.555048]]]}},{"type":"Feature","properties":{"addr":"30 MASON ST","units":2,"stories":1.0,"mbta":false,"lot_sf":5059,"req_lot_sf":8000,"frontage_ft":81.4,"req_frontage_ft":65,"req_front_ft":20,"req_side_ft":10,"req_rear_ft":20,"over_unit_cap":false,"corner":true,"t_area":"short","t_frontage":"meets","front_ft":0.2,"side_ft":2.6,"rear_ft":30.0,"t_front":"short","t_side":"short","t_rear":"meets","n_short":3,"measured":true},"geometry":{"type":"Polygon","coordinates":[[[-70.88057,42.561111],[-70.880745,42.56108],[-70.880823,42.561288],[-70.880645,42.56132],[-70.880535,42.56134],[-70.88057,42.561111]]]}},{"type":"Feature","properties":{"addr":"25 SWAN ST","units":1,"stories":2.0,"mbta":false,"lot_sf":6274,"req_lot_sf":8000,"frontage_ft":45.5,"req_frontage_ft":65,"req_front_ft":20,"req_side_ft":10,"req_rear_ft":20,"over_unit_cap":false,"corner":false,"t_area":"short","t_frontage":"short","front_ft":0.9,"side_ft":5.1,"rear_ft":72.9,"t_front":"short","t_side":"short","t_rear":"meets","n_short":4,"measured":true},"geometry":{"type":"Polygon","coordinates":[[[-70.880519,42.559952],[-70.880694,42.5599],[-70.880829,42.560235],[-70.880649,42.560271],[-70.880519,42.559952]]]}},{"type":"Feature","properties":{"addr":"53 ELLIOTT ST","units":4,"stories":2.5,"mbta":false,"lot_sf":2171,"req_lot_sf":16000,"frontage_ft":55.4,"req_frontage_ft":65,"req_front_ft":20,"req_side_ft":10,"req_rear_ft":20,"over_unit_cap":false,"corner":true,"t_area":"short","t_frontage":"short","front_ft":1.5,"side_ft":0.0,"rear_ft":5.3,"t_front":"short","t_side":"short","t_rear":"short","n_short":5,"measured":true},"geometry":{"type":"Polygon","coordinates":[[[-70.880608,42.554452],[-70.880695,42.554309],[-70.88082,42.55435],[-70.880739,42.554497],[-70.880608,42.554452]]]}},{"type":"Feature","properties":{"addr":"72 CHASE ST","units":1,"stories":2.0,"mbta":false,"lot_sf":3874,"req_lot_sf":8000,"frontage_ft":40.8,"req_frontage_ft":65,"req_front_ft":20,"req_side_ft":10,"req_rear_ft":20,"over_unit_cap":false,"corner":false,"t_area":"short","t_frontage":"short","front_ft":2.1,"side_ft":0.6,"rear_ft":50.4,"t_front":"short","t_side":"short","t_rear":"meets","n_short":4,"measured":true},"geometry":{"type":"Polygon","coordinates":[[[-70.880527,42.555164],[-70.880593,42.555048],[-70.880873,42.555122],[-70.880806,42.555244],[-70.880802,42.555252],[-70.880527,42.555164]]]}},{"type":"Feature","properties":{"addr":"33 HERRICK ST","units":1,"stories":2.0,"mbta":false,"lot_sf":2754,"req_lot_sf":8000,"frontage_ft":31.7,"req_frontage_ft":65,"req_front_ft":20,"req_side_ft":10,"req_rear_ft":20,"over_unit_cap":false,"corner":false,"t_area":"short","t_frontage":"short","front_ft":14.9,"side_ft":0.8,"rear_ft":12.6,"t_front":"short","t_side":"short","t_rear":"short","n_short":5,"measured":true},"geometry":{"type":"Polygon","coordinates":[[[-70.880448,42.562132],[-70.880601,42.562119],[-70.880769,42.562252],[-70.880669,42.562319],[-70.880448,42.562132]]]}},{"type":"Feature","properties":{"addr":"34 BARTLETT ST","units":2,"stories":2.0,"mbta":true,"lot_sf":3505,"req_lot_sf":8000,"frontage_ft":63.6,"req_frontage_ft":65,"req_front_ft":20,"req_side_ft":10,"req_rear_ft":20,"over_unit_cap":false,"corner":true,"t_area":"short","t_frontage":"close","front_ft":5.0,"side_ft":5.1,"rear_ft":9.2,"t_front":"short","t_side":"short","t_rear":"short","n_short":4,"measured":true},"geometry":{"type":"Polygon","coordinates":[[[-70.880673,42.542178],[-70.880721,42.542043],[-70.880946,42.542073],[-70.880907,42.542233],[-70.880673,42.542178]]]}},{"type":"Feature","properties":{"addr":"18 CHARLES ST","units":1,"stories":2.0,"mbta":false,"lot_sf":4588,"req_lot_sf":8000,"frontage_ft":37.0,"req_frontage_ft":65,"req_front_ft":20,"req_side_ft":10,"req_rear_ft":20,"over_unit_cap":false,"corner":false,"t_area":"short","t_frontage":"short","front_ft":0.9,"side_ft":2.3,"rear_ft":71.1,"t_front":"short","t_side":"short","t_rear":"meets","n_short":4,"measured":true},"geometry":{"type":"Polygon","coordinates":[[[-70.880498,42.559113],[-70.880643,42.559071],[-70.88079,42.559364],[-70.880656,42.559402],[-70.880498,42.559113]]]}},{"type":"Feature","properties":{"addr":"32-34 LYMAN ST","units":2,"stories":2.0,"mbta":false,"lot_sf":4036,"req_lot_sf":8000,"frontage_ft":68.6,"req_frontage_ft":65,"req_front_ft":20,"req_side_ft":10,"req_rear_ft":20,"over_unit_cap":false,"corner":true,"t_area":"short","t_frontage":"meets","front_ft":10.5,"side_ft":0.0,"rear_ft":5.7,"t_front":"short","t_side":"short","t_rear":"short","n_short":4,"measured":true},"geometry":{"type":"Polygon","coordinates":[[[-70.880486,42.561695],[-70.880742,42.561648],[-70.880795,42.561779],[-70.880465,42.561839],[-70.880486,42.561695]]]}},{"type":"Feature","properties":{"addr":"12 AMES ST","units":1,"stories":2.0,"mbta":false,"lot_sf":9371,"req_lot_sf":8000,"frontage_ft":96.0,"req_frontage_ft":65,"req_front_ft":20,"req_side_ft":10,"req_rear_ft":20,"over_unit_cap":false,"corner":false,"t_area":"meets","t_frontage":"meets","front_ft":0.0,"side_ft":14.5,"rear_ft":14.8,"t_front":"short","t_side":"meets","t_rear":"short","n_short":2,"measured":true},"geometry":{"type":"Polygon","coordinates":[[[-70.880418,42.562114],[-70.880465,42.561839],[-70.880795,42.561779],[-70.880816,42.561862],[-70.880851,42.561912],[-70.880815,42.561919],[-70.880779,42.561953],[-70.880601,42.562119],[-70.880448,42.562132],[-70.880418,42.562114]]]}},{"type":"Feature","properties":{"addr":"31 LYMAN ST","units":2,"stories":2.5,"mbta":false,"lot_sf":3782,"req_lot_sf":8000,"frontage_ft":84.7,"req_frontage_ft":65,"req_front_ft":20,"req_side_ft":10,"req_rear_ft":20,"over_unit_cap":false,"corner":true,"t_area":"short","t_frontage":"meets","front_ft":12.5,"side_ft":1.6,"rear_ft":24.1,"t_front":"short","t_side":"short","t_rear":"meets","n_short":3,"measured":true},"geometry":{"type":"Polygon","coordinates":[[[-70.880535,42.56134],[-70.880645,42.56132],[-70.880723,42.561537],[-70.8805,42.561578],[-70.880535,42.56134]]]}},{"type":"Feature","properties":{"addr":"36 BARTLETT ST","units":2,"stories":2.0,"mbta":true,"lot_sf":5912,"req_lot_sf":8000,"frontage_ft":56.5,"req_frontage_ft":65,"req_front_ft":20,"req_side_ft":10,"req_rear_ft":20,"over_unit_cap":false,"corner":false,"t_area":"short","t_frontage":"short","front_ft":14.6,"side_ft":4.2,"rear_ft":3.8,"t_front":"short","t_side":"short","t_rear":"short","n_short":5,"measured":true},"geometry":{"type":"Polygon","coordinates":[[[-70.880721,42.542043],[-70.880556,42.542021],[-70.880577,42.541973],[-70.880583,42.541884],[-70.880981,42.541906],[-70.880946,42.542073],[-70.880721,42.542043]]]}},{"type":"Feature","properties":{"addr":"74 CHASE ST","units":1,"stories":1.75,"mbta":false,"lot_sf":3157,"req_lot_sf":8000,"frontage_ft":35.4,"req_frontage_ft":65,"req_front_ft":20,"req_side_ft":10,"req_rear_ft":20,"over_unit_cap":false,"corner":false,"t_area":"short","t_frontage":"short","front_ft":3.5,"side_ft":0.6,"rear_ft":45.2,"t_front":"short","t_side":"short","t_rear":"meets","n_short":4,"measured":true},"geometry":{"type":"Polygon","coordinates":[[[-70.88047,42.555267],[-70.880527,42.555164],[-70.880802,42.555252],[-70.880749,42.555348],[-70.88047,42.555267]]]}},{"type":"Feature","properties":{"addr":"29 MASON ST","units":2,"stories":2.0,"mbta":false,"lot_sf":5729,"req_lot_sf":8000,"frontage_ft":44.6,"req_frontage_ft":65,"req_front_ft":20,"req_side_ft":10,"req_rear_ft":20,"over_unit_cap":false,"corner":false,"t_area":"short","t_frontage":"short","front_ft":1.6,"side_ft":3.0,"rear_ft":67.7,"t_front":"short","t_side":"short","t_rear":"meets","n_short":4,"measured":true},"geometry":{"type":"Polygon","coordinates":[[[-70.88044,42.560685],[-70.88051,42.560671],[-70.880618,42.56065],[-70.88072,42.56096],[-70.880541,42.560991],[-70.88044,42.560685]]]}},{"type":"Feature","properties":{"addr":"61 CHASE ST","units":1,"stories":1.75,"mbta":false,"lot_sf":2327,"req_lot_sf":8000,"frontage_ft":58.8,"req_frontage_ft":65,"req_front_ft":20,"req_side_ft":10,"req_rear_ft":20,"over_unit_cap":false,"corner":true,"t_area":"short","t_frontage":"short","front_ft":27.7,"side_ft":2.3,"rear_ft":2.9,"t_front":"meets","t_side":"short","t_rear":"short","n_short":4,"measured":true},"geometry":{"type":"Polygon","coordinates":[[[-70.88057,42.554451],[-70.880604,42.55445],[-70.880608,42.554452],[-70.880739,42.554497],[-70.880653,42.554653],[-70.880577,42.554655],[-70.88057,42.554451]]]}},{"type":"Feature","properties":{"addr":"28 SWAN ST","units":1,"stories":2.0,"mbta":false,"lot_sf":4560,"req_lot_sf":8000,"frontage_ft":45.1,"req_frontage_ft":65,"req_front_ft":20,"req_side_ft":10,"req_rear_ft":20,"over_unit_cap":false,"corner":false,"t_area":"short","t_frontage":"short","front_ft":4.8,"side_ft":5.2,"rear_ft":47.1,"t_front":"short","t_side":"short","t_rear":"meets","n_short":4,"measured":true},"geometry":{"type":"Polygon","coordinates":[[[-70.880419,42.560431],[-70.880598,42.560394],[-70.880689,42.560636],[-70.880618,42.56065],[-70.88051,42.560671],[-70.880419,42.560431]]]}},{"type":"Feature","properties":{"addr":"76 CHASE ST","units":3,"stories":2.75,"mbta":false,"lot_sf":3389,"req_lot_sf":12000,"frontage_ft":37.8,"req_frontage_ft":65,"req_front_ft":20,"req_side_ft":10,"req_rear_ft":20,"over_unit_cap":false,"corner":false,"t_area":"short","t_frontage":"short","front_ft":2.8,"side_ft":1.3,"rear_ft":30.9,"t_front":"short","t_side":"short","t_rear":"meets","n_short":4,"measured":true},"geometry":{"type":"Polygon","coordinates":[[[-70.880409,42.555375],[-70.88047,42.555267],[-70.880749,42.555348],[-70.88069,42.555452],[-70.880409,42.555375]]]}},{"type":"Feature","properties":{"addr":"49 ELLIOTT ST","units":2,"stories":2.0,"mbta":false,"lot_sf":2681,"req_lot_sf":8000,"frontage_ft":32.3,"req_frontage_ft":65,"req_front_ft":20,"req_side_ft":10,"req_rear_ft":20,"over_unit_cap":false,"corner":false,"t_area":"short","t_frontage":"short","front_ft":5.0,"side_ft":2.7,"rear_ft":20.4,"t_front":"short","t_side":"short","t_rear":"meets","n_short":4,"measured":true},"geometry":{"type":"Polygon","coordinates":[[[-70.880568,42.554268],[-70.880695,42.554309],[-70.880608,42.554452],[-70.880604,42.55445],[-70.88057,42.554451],[-70.880428,42.554452],[-70.880568,42.554268]]]}},{"type":"Feature","properties":{"addr":"32 BARTLETT ST","units":3,"stories":2.0,"mbta":true,"lot_sf":6775,"req_lot_sf":8000,"frontage_ft":101.2,"req_frontage_ft":65,"req_front_ft":20,"req_side_ft":10,"req_rear_ft":20,"over_unit_cap":false,"corner":true,"t_area":"short","t_frontage":"meets","front_ft":24.8,"side_ft":0.4,"rear_ft":5.8,"t_front":"meets","t_side":"short","t_rear":"short","n_short":3,"measured":true},"geometry":{"type":"Polygon","coordinates":[[[-70.880494,42.542468],[-70.880472,42.542467],[-70.880541,42.542265],[-70.880907,42.542351],[-70.880871,42.542494],[-70.880494,42.542468]]]}},{"type":"Feature","properties":{"addr":"2 BARTLETT ST","units":1,"stories":2.0,"mbta":true,"lot_sf":1899,"req_lot_sf":8000,"frontage_ft":66.0,"req_frontage_ft":65,"req_front_ft":20,"req_side_ft":10,"req_rear_ft":20,"over_unit_cap":false,"corner":true,"t_area":"short","t_frontage":"meets","front_ft":1.9,"side_ft":0.0,"rear_ft":1.9,"t_front":"short","t_side":"short","t_rear":"short","n_short":4,"measured":true},"geometry":{"type":"Polygon","coordinates":[[[-70.880531,42.544523],[-70.880576,42.544481],[-70.880732,42.544462],[-70.880753,42.544582],[-70.880666,42.544593],[-70.880531,42.544523]]]}},{"type":"Feature","properties":{"addr":"35 HERRICK ST","units":3,"stories":2.0,"mbta":false,"lot_sf":5581,"req_lot_sf":12000,"frontage_ft":124.5,"req_frontage_ft":65,"req_front_ft":20,"req_side_ft":10,"req_rear_ft":20,"over_unit_cap":false,"corner":true,"t_area":"short","t_frontage":"meets","front_ft":4.8,"side_ft":38.6,"rear_ft":5.7,"t_front":"short","t_side":"meets","t_rear":"short","n_short":3,"measured":true},"geometry":{"type":"Polygon","coordinates":[[[-70.880413,42.562479],[-70.880411,42.562478],[-70.880408,42.562478],[-70.880406,42.562478],[-70.880403,42.562477],[-70.880401,42.562477],[-70.880399,42.562476],[-70.880396,42.562475],[-70.880394,42.562475],[-70.880392,42.562474],[-70.88039,42.562473],[-70.880388,42.562472],[-70.880386,42.56247],[-70.880384,42.562469],[-70.880382,42.562468],[-70.880381,42.562467],[-70.880379,42.562465],[-70.880378,42.562464],[-70.880376,42.562462],[-70.880375,42.562461],[-70.880374,42.562459],[-70.880373,42.562457],[-70.880372,42.562456],[-70.880371,42.562454],[-70.88037,42.562452],[-70.88037,42.56245],[-70.880369,42.562449],[-70.880369,42.562447],[-70.880418,42.562114],[-70.880448,42.562132],[-70.880669,42.562319],[-70.880434,42.562476],[-70.880433,42.562477],[-70.88043,42.562477],[-70.880428,42.562478],[-70.880425,42.562478],[-70.880423,42.562478],[-70.88042,42.562479],[-70.880418,42.562479],[-70.880416,42.562479],[-70.880413,42.562479]]]}},{"type":"Feature","properties":{"addr":"20 CHARLES ST","units":1,"stories":2.0,"mbta":false,"lot_sf":4422,"req_lot_sf":8000,"frontage_ft":32.8,"req_frontage_ft":65,"req_front_ft":20,"req_side_ft":10,"req_rear_ft":20,"over_unit_cap":false,"corner":false,"t_area":"short","t_frontage":"short","front_ft":1.6,"side_ft":1.4,"rear_ft":72.4,"t_front":"short","t_side":"short","t_rear":"meets","n_short":4,"measured":true},"geometry":{"type":"Polygon","coordinates":[[[-70.880367,42.55915],[-70.880498,42.559113],[-70.880656,42.559402],[-70.880516,42.559441],[-70.880367,42.55915]]]}},{"type":"Feature","properties":{"addr":"27 SWAN ST","units":1,"stories":2.0,"mbta":false,"lot_sf":5718,"req_lot_sf":8000,"frontage_ft":44.2,"req_frontage_ft":65,"req_front_ft":20,"req_side_ft":10,"req_rear_ft":20,"over_unit_cap":false,"corner":false,"t_area":"short","t_frontage":"short","front_ft":4.1,"side_ft":2.8,"rear_ft":72.3,"t_front":"short","t_side":"short","t_rear":"meets","n_short":4,"measured":true},"geometry":{"type":"Polygon","coordinates":[[[-70.880356,42.56],[-70.880388,42.559991],[-70.880519,42.559952],[-70.880649,42.560271],[-70.880473,42.560307],[-70.880356,42.56]]]}},{"type":"Feature","properties":{"addr":"30 BARTLETT ST","units":2,"stories":2.5,"mbta":true,"lot_sf":6728,"req_lot_sf":8000,"frontage_ft":61.6,"req_frontage_ft":65,"req_front_ft":20,"req_side_ft":10,"req_rear_ft":20,"over_unit_cap":false,"corner":false,"t_area":"short","t_frontage":"short","front_ft":14.7,"side_ft":8.3,"rear_ft":15.5,"t_front":"short","t_side":"close","t_rear":"short","n_short":4,"measured":true},"geometry":{"type":"Polygon","coordinates":[[[-70.880452,42.542649],[-70.880494,42.542468],[-70.880871,42.542494],[-70.880825,42.542673],[-70.880452,42.542649]]]}},{"type":"Feature","properties":{"addr":"26 BARTLETT ST","units":2,"stories":2.0,"mbta":true,"lot_sf":2718,"req_lot_sf":8000,"frontage_ft":53.6,"req_frontage_ft":65,"req_front_ft":20,"req_side_ft":10,"req_rear_ft":20,"over_unit_cap":false,"corner":true,"t_area":"short","t_frontage":"short","front_ft":9.9,"side_ft":11.8,"rear_ft":7.2,"t_front":"short","t_side":"meets","t_rear":"short","n_short":4,"measured":true},"geometry":{"type":"Polygon","coordinates":[[[-70.880507,42.543031],[-70.880541,42.542903],[-70.880752,42.542933],[-70.880712,42.54306],[-70.880507,42.543031]]]}},{"type":"Feature","properties":{"addr":"38 BARTLETT ST","units":4,"stories":2.0,"mbta":true,"lot_sf":8257,"req_lot_sf":8000,"frontage_ft":54.0,"req_frontage_ft":65,"req_front_ft":20,"req_side_ft":10,"req_rear_ft":20,"over_unit_cap":false,"corner":false,"t_area":"meets","t_frontage":"short","front_ft":5.5,"side_ft":0.0,"rear_ft":20.4,"t_front":"short","t_side":"short","t_rear":"meets","n_short":3,"measured":true},"geometry":{"type":"Polygon","coordinates":[[[-70.880583,42.541884],[-70.880413,42.541874],[-70.88022,42.541863],[-70.880264,42.541782],[-70.880922,42.54175],[-70.880981,42.541906],[-70.880583,42.541884]]]}},{"type":"Feature","properties":{"addr":"18 SUMMER ST","units":3,"stories":2.5,"mbta":false,"lot_sf":3727,"req_lot_sf":12000,"frontage_ft":86.7,"req_frontage_ft":65,"req_front_ft":20,"req_side_ft":10,"req_rear_ft":20,"over_unit_cap":false,"corner":true,"t_area":"short","t_frontage":"meets","front_ft":0.0,"side_ft":37.0,"rear_ft":0.0,"t_front":"short","t_side":"meets","t_rear":"short","n_short":3,"measured":true},"geometry":{"type":"Polygon","coordinates":[[[-70.880409,42.555375],[-70.88069,42.555452],[-70.880651,42.555526],[-70.88032,42.555535],[-70.880409,42.555375]]]}},{"type":"Feature","properties":{"addr":"22 CHESTNUT ST","units":1,"stories":1.75,"mbta":false,"lot_sf":2776,"req_lot_sf":8000,"frontage_ft":31.1,"req_frontage_ft":65,"req_front_ft":20,"req_side_ft":10,"req_rear_ft":20,"over_unit_cap":false,"corner":false,"t_area":"short","t_frontage":"short","front_ft":10.5,"side_ft":0.0,"rear_ft":30.1,"t_front":"short","t_side":"short","t_rear":"meets","n_short":4,"measured":true},"geometry":{"type":"Polygon","coordinates":[[[-70.880428,42.554452],[-70.88057,42.554451],[-70.880577,42.554655],[-70.880444,42.554659],[-70.880428,42.554452]]]}},{"type":"Feature","properties":{"addr":"44 BARTLETT ST","units":3,"stories":2.0,"mbta":true,"lot_sf":7045,"req_lot_sf":8000,"frontage_ft":50.7,"req_frontage_ft":65,"req_front_ft":20,"req_side_ft":10,"req_rear_ft":20,"over_unit_cap":false,"corner":false,"t_area":"short","t_frontage":"short","front_ft":9.0,"side_ft":4.3,"rear_ft":55.3,"t_front":"short","t_side":"short","t_rear":"meets","n_short":4,"measured":true},"geometry":{"type":"Polygon","coordinates":[[[-70.880346,42.541629],[-70.880428,42.541476],[-70.880834,42.541514],[-70.880889,42.541662],[-70.880346,42.541629]]]}},{"type":"Feature","properties":{"addr":"29 STONE ST","units":1,"stories":2.0,"mbta":true,"lot_sf":2217,"req_lot_sf":8000,"frontage_ft":42.6,"req_frontage_ft":65,"req_front_ft":20,"req_side_ft":10,"req_rear_ft":20,"over_unit_cap":false,"corner":false,"t_area":"short","t_frontage":"short","front_ft":4.0,"side_ft":4.6,"rear_ft":5.5,"t_front":"short","t_side":"short","t_rear":"short","n_short":5,"measured":true},"geometry":{"type":"Polygon","coordinates":[[[-70.880505,42.542138],[-70.880556,42.542021],[-70.880721,42.542043],[-70.880673,42.542178],[-70.880505,42.542138]]]}},{"type":"Feature","properties":{"addr":"4 BARTLETT ST","units":6,"stories":3.0,"mbta":true,"lot_sf":3513,"req_lot_sf":8000,"frontage_ft":44.3,"req_frontage_ft":65,"req_front_ft":20,"req_side_ft":10,"req_rear_ft":20,"over_unit_cap":false,"corner":true,"t_area":"short","t_frontage":"short","front_ft":null,"side_ft":null,"rear_ft":null,"t_front":null,"t_side":null,"t_rear":null,"n_short":2,"measured":false},"geometry":{"type":"Polygon","coordinates":[[[-70.8805,42.544508],[-70.880542,42.544461],[-70.880371,42.54437],[-70.880709,42.544328],[-70.880732,42.544462],[-70.880576,42.544481],[-70.880531,42.544523],[-70.8805,42.544508]]]}},{"type":"Feature","properties":{"addr":"28 BARTLETT ST","units":4,"stories":3.0,"mbta":true,"lot_sf":23554,"req_lot_sf":8000,"frontage_ft":91.6,"req_frontage_ft":65,"req_front_ft":20,"req_side_ft":10,"req_rear_ft":20,"over_unit_cap":false,"corner":false,"t_area":"meets","t_frontage":"meets","front_ft":14.8,"side_ft":23.5,"rear_ft":44.0,"t_front":"short","t_side":"meets","t_rear":"meets","n_short":1,"measured":true},"geometry":{"type":"Polygon","coordinates":[[[-70.880541,42.542903],[-70.88038,42.54288],[-70.880436,42.542647],[-70.879678,42.542599],[-70.879715,42.542415],[-70.879877,42.542426],[-70.880041,42.542437],[-70.880232,42.54245],[-70.880472,42.542467],[-70.880494,42.542468],[-70.880452,42.542649],[-70.880825,42.542673],[-70.880785,42.542831],[-70.880752,42.542933],[-70.880541,42.542903]]]}},{"type":"Feature","properties":{"addr":"31 MASON ST","units":2,"stories":2.0,"mbta":false,"lot_sf":5846,"req_lot_sf":8000,"frontage_ft":45.4,"req_frontage_ft":65,"req_front_ft":20,"req_side_ft":10,"req_rear_ft":20,"over_unit_cap":false,"corner":false,"t_area":"short","t_frontage":"short","front_ft":0.0,"side_ft":3.0,"rear_ft":68.1,"t_front":"short","t_side":"short","t_rear":"meets","n_short":4,"measured":true},"geometry":{"type":"Polygon","coordinates":[[[-70.880254,42.560721],[-70.880335,42.560705],[-70.88044,42.560685],[-70.880541,42.560991],[-70.880359,42.561024],[-70.880254,42.560721]]]}},{"type":"Feature","properties":{"addr":"46 BARTLETT ST","units":2,"stories":2.0,"mbta":true,"lot_sf":6763,"req_lot_sf":8000,"frontage_ft":67.0,"req_frontage_ft":65,"req_front_ft":20,"req_side_ft":10,"req_rear_ft":20,"over_unit_cap":false,"corner":false,"t_area":"short","t_frontage":"meets","front_ft":2.5,"side_ft":0.4,"rear_ft":38.4,"t_front":"short","t_side":"short","t_rear":"meets","n_short":3,"measured":true},"geometry":{"type":"Polygon","coordinates":[[[-70.880428,42.541476],[-70.880344,42.541469],[-70.880358,42.541344],[-70.880746,42.541329],[-70.880778,42.541365],[-70.880834,42.541514],[-70.880428,42.541476]]]}},{"type":"Feature","properties":{"addr":"42 BARTLETT ST","units":3,"stories":1.0,"mbta":true,"lot_sf":7110,"req_lot_sf":8000,"frontage_ft":28.4,"req_frontage_ft":65,"req_front_ft":20,"req_side_ft":10,"req_rear_ft":20,"over_unit_cap":false,"corner":false,"t_area":"short","t_frontage":"short","front_ft":8.7,"side_ft":1.4,"rear_ft":86.6,"t_front":"short","t_side":"short","t_rear":"meets","n_short":4,"measured":true},"geometry":{"type":"Polygon","coordinates":[[[-70.880336,42.541647],[-70.880346,42.541629],[-70.880889,42.541662],[-70.880922,42.54175],[-70.880264,42.541782],[-70.880336,42.541647]]]}},{"type":"Feature","properties":{"addr":"30 SWAN ST","units":1,"stories":1.5,"mbta":false,"lot_sf":4489,"req_lot_sf":8000,"frontage_ft":45.3,"req_frontage_ft":65,"req_front_ft":20,"req_side_ft":10,"req_rear_ft":20,"over_unit_cap":false,"corner":false,"t_area":"short","t_frontage":"short","front_ft":13.8,"side_ft":1.7,"rear_ft":49.6,"t_front":"short","t_side":"short","t_rear":"meets","n_short":4,"measured":true},"geometry":{"type":"Polygon","coordinates":[[[-70.880239,42.560467],[-70.880419,42.560431],[-70.88051,42.560671],[-70.88044,42.560685],[-70.880335,42.560705],[-70.880239,42.560467]]]}},{"type":"Feature","properties":{"addr":"45 ELLIOTT ST","units":3,"stories":3.0,"mbta":false,"lot_sf":1286,"req_lot_sf":12000,"frontage_ft":28.1,"req_frontage_ft":65,"req_front_ft":20,"req_side_ft":10,"req_rear_ft":20,"over_unit_cap":false,"corner":false,"t_area":"short","t_frontage":"short","front_ft":2.7,"side_ft":0.0,"rear_ft":3.1,"t_front":"short","t_side":"short","t_rear":"short","n_short":5,"measured":true},"geometry":{"type":"Polygon","coordinates":[[[-70.880342,42.554315],[-70.880404,42.554213],[-70.880516,42.55425],[-70.880447,42.554348],[-70.880342,42.554315]]]}},{"type":"Feature","properties":{"addr":"19 CHESTNUT ST","units":1,"stories":2.0,"mbta":false,"lot_sf":3560,"req_lot_sf":8000,"frontage_ft":79.6,"req_frontage_ft":65,"req_front_ft":20,"req_side_ft":10,"req_rear_ft":20,"over_unit_cap":false,"corner":true,"t_area":"short","t_frontage":"meets","front_ft":1.6,"side_ft":1.9,"rear_ft":40.6,"t_front":"short","t_side":"short","t_rear":"meets","n_short":3,"measured":true},"geometry":{"type":"Polygon","coordinates":[[[-70.880283,42.554769],[-70.880588,42.554761],[-70.880517,42.554898],[-70.880284,42.554904],[-70.880283,42.554769]]]}},{"type":"Feature","properties":{"addr":"8-10 BARTLETT ST","units":3,"stories":2.0,"mbta":true,"lot_sf":5070,"req_lot_sf":8000,"frontage_ft":45.7,"req_frontage_ft":65,"req_front_ft":20,"req_side_ft":10,"req_rear_ft":20,"over_unit_cap":false,"corner":false,"t_area":"short","t_frontage":"short","front_ft":1.9,"side_ft":0.5,"rear_ft":36.4,"t_front":"short","t_side":"short","t_rear":"meets","n_short":4,"measured":true},"geometry":{"type":"Polygon","coordinates":[[[-70.880287,42.544388],[-70.880391,42.544297],[-70.880303,42.544227],[-70.880686,42.54419],[-70.880709,42.544328],[-70.880371,42.54437],[-70.880355,42.544361],[-70.880311,42.544401],[-70.880287,42.544388]]]}},{"type":"Feature","properties":{"addr":"22 CHARLES ST","units":1,"stories":2.0,"mbta":false,"lot_sf":4569,"req_lot_sf":8000,"frontage_ft":36.7,"req_frontage_ft":65,"req_front_ft":20,"req_side_ft":10,"req_rear_ft":20,"over_unit_cap":false,"corner":false,"t_area":"short","t_frontage":"short","front_ft":1.2,"side_ft":2.3,"rear_ft":73.9,"t_front":"short","t_side":"short","t_rear":"meets","n_short":4,"measured":true},"geometry":{"type":"Polygon","coordinates":[[[-70.880223,42.559191],[-70.880367,42.55915],[-70.880516,42.559441],[-70.880381,42.559479],[-70.880223,42.559191]]]}},{"type":"Feature","properties":{"addr":"14 BARTLETT ST","units":5,"stories":2.0,"mbta":true,"lot_sf":4148,"req_lot_sf":8000,"frontage_ft":65.7,"req_frontage_ft":65,"req_front_ft":20,"req_side_ft":10,"req_rear_ft":20,"over_unit_cap":false,"corner":true,"t_area":"short","t_frontage":"meets","front_ft":0.0,"side_ft":11.7,"rear_ft":14.1,"t_front":"short","t_side":"meets","t_rear":"short","n_short":3,"measured":true},"geometry":{"type":"Polygon","coordinates":[[[-70.880402,42.544036],[-70.880392,42.544036],[-70.880378,42.543946],[-70.880396,42.543945],[-70.880387,42.543901],[-70.880467,42.54389],[-70.880637,42.543909],[-70.880661,42.544047],[-70.880404,42.544074],[-70.880402,42.544036]]]}},{"type":"Feature","properties":{"addr":"47 ELLIOTT ST","units":1,"stories":1.75,"mbta":false,"lot_sf":2583,"req_lot_sf":8000,"frontage_ft":10.5,"req_frontage_ft":65,"req_front_ft":20,"req_side_ft":10,"req_rear_ft":20,"over_unit_cap":false,"corner":false,"t_area":"short","t_frontage":"short","front_ft":45.9,"side_ft":0.8,"rear_ft":1.5,"t_front":"meets","t_side":"short","t_rear":"short","n_short":4,"measured":true},"geometry":{"type":"Polygon","coordinates":[[[-70.880342,42.554315],[-70.880447,42.554348],[-70.880516,42.55425],[-70.880568,42.554268],[-70.880428,42.554452],[-70.880265,42.554454],[-70.880257,42.554454],[-70.880342,42.554315]]]}},{"type":"Feature","properties":{"addr":"24 MYRTLE ST","units":1,"stories":1.75,"mbta":false,"lot_sf":3379,"req_lot_sf":8000,"frontage_ft":52.9,"req_frontage_ft":65,"req_front_ft":20,"req_side_ft":10,"req_rear_ft":20,"over_unit_cap":false,"corner":false,"t_area":"short","t_frontage":"short","front_ft":3.8,"side_ft":4.0,"rear_ft":13.8,"t_front":"short","t_side":"short","t_rear":"short","n_short":5,"measured":true},"geometry":{"type":"Polygon","coordinates":[[[-70.880271,42.556003],[-70.880354,42.555997],[-70.88037,42.555996],[-70.880484,42.555988],[-70.880496,42.556149],[-70.880283,42.556164],[-70.880271,42.556003]]]}},{"type":"Feature","properties":{"addr":"29 SWAN ST","units":1,"stories":2.0,"mbta":false,"lot_sf":5669,"req_lot_sf":8000,"frontage_ft":45.0,"req_frontage_ft":65,"req_front_ft":20,"req_side_ft":10,"req_rear_ft":20,"over_unit_cap":false,"corner":false,"t_area":"short","t_frontage":"short","front_ft":2.8,"side_ft":4.0,"rear_ft":50.4,"t_front":"short","t_side":"short","t_rear":"meets","n_short":4,"measured":true},"geometry":{"type":"Polygon","coordinates":[[[-70.880182,42.560051],[-70.880356,42.56],[-70.880473,42.560307],[-70.880294,42.560343],[-70.880182,42.560051]]]}},{"type":"Feature","properties":{"addr":"24 BARTLETT ST","units":3,"stories":3.0,"mbta":true,"lot_sf":5644,"req_lot_sf":8000,"frontage_ft":91.3,"req_frontage_ft":65,"req_front_ft":20,"req_side_ft":10,"req_rear_ft":20,"over_unit_cap":false,"corner":true,"t_area":"short","t_frontage":"meets","front_ft":4.1,"side_ft":12.4,"rear_ft":23.6,"t_front":"short","t_side":"meets","t_rear":"meets","n_short":2,"measured":true},"geometry":{"type":"Polygon","coordinates":[[[-70.880301,42.543226],[-70.880345,42.543062],[-70.880687,42.54311],[-70.880632,42.543274],[-70.880301,42.543226]]]}},{"type":"Feature","properties":{"addr":"12 BARTLETT ST","units":2,"stories":2.0,"mbta":true,"lot_sf":5402,"req_lot_sf":8000,"frontage_ft":47.7,"req_frontage_ft":65,"req_front_ft":20,"req_side_ft":10,"req_rear_ft":20,"over_unit_cap":false,"corner":false,"t_area":"short","t_frontage":"short","front_ft":2.5,"side_ft":3.8,"rear_ft":26.0,"t_front":"short","t_side":"short","t_rear":"meets","n_short":4,"measured":true},"geometry":{"type":"Polygon","coordinates":[[[-70.880299,42.544207],[-70.880282,42.544101],[-70.88028,42.544087],[-70.880404,42.544074],[-70.880661,42.544047],[-70.880686,42.54419],[-70.880303,42.544227],[-70.880299,42.544207]]]}},{"type":"Feature","properties":{"addr":"16 BARTLETT ST","units":1,"stories":2.0,"mbta":true,"lot_sf":3500,"req_lot_sf":8000,"frontage_ft":57.0,"req_frontage_ft":65,"req_front_ft":20,"req_side_ft":10,"req_rear_ft":20,"over_unit_cap":false,"corner":true,"t_area":"short","t_frontage":"short","front_ft":5.5,"side_ft":3.2,"rear_ft":12.7,"t_front":"short","t_side":"short","t_rear":"short","n_short":5,"measured":true},"geometry":{"type":"Polygon","coordinates":[[[-70.880352,42.543633],[-70.880589,42.543657],[-70.880611,42.543788],[-70.880393,42.543815],[-70.880352,42.543633]]]}},{"type":"Feature","properties":{"addr":"20 CHESTNUT ST","units":3,"stories":2.0,"mbta":false,"lot_sf":3442,"req_lot_sf":12000,"frontage_ft":41.9,"req_frontage_ft":65,"req_front_ft":20,"req_side_ft":10,"req_rear_ft":20,"over_unit_cap":false,"corner":false,"t_area":"short","t_frontage":"short","front_ft":7.0,"side_ft":3.0,"rear_ft":20.4,"t_front":"short","t_side":"short","t_rear":"meets","n_short":4,"measured":true},"geometry":{"type":"Polygon","coordinates":[[[-70.880265,42.554454],[-70.880428,42.554452],[-70.880444,42.554659],[-70.88027,42.554664],[-70.880265,42.554454]]]}},{"type":"Feature","properties":{"addr":"54 BARTLETT ST","units":1,"stories":1.75,"mbta":false,"lot_sf":5171,"req_lot_sf":8000,"frontage_ft":112.5,"req_frontage_ft":65,"req_front_ft":20,"req_side_ft":10,"req_rear_ft":20,"over_unit_cap":false,"corner":false,"t_area":"short","t_frontage":"meets","front_ft":3.5,"side_ft":19.9,"rear_ft":17.6,"t_front":"short","t_side":"meets","t_rear":"close","n_short":2,"measured":true},"geometry":{"type":"Polygon","coordinates":[[[-70.880251,42.541263],[-70.8804,42.541081],[-70.880599,42.541164],[-70.880715,42.541293],[-70.880251,42.541263]]]}},{"type":"Feature","properties":{"addr":"31 STONE ST","units":3,"stories":3.0,"mbta":true,"lot_sf":4540,"req_lot_sf":8000,"frontage_ft":45.4,"req_frontage_ft":65,"req_front_ft":20,"req_side_ft":10,"req_rear_ft":20,"over_unit_cap":false,"corner":false,"t_area":"short","t_frontage":"short","front_ft":40.8,"side_ft":8.8,"rear_ft":13.4,"t_front":"meets","t_side":"close","t_rear":"short","n_short":3,"measured":true},"geometry":{"type":"Polygon","coordinates":[[[-70.880327,42.542097],[-70.880413,42.541874],[-70.880583,42.541884],[-70.880577,42.541973],[-70.880556,42.542021],[-70.880505,42.542138],[-70.880327,42.542097]]]}},{"type":"Feature","properties":{"addr":"34 MASON ST","units":1,"stories":1.5,"mbta":false,"lot_sf":4056,"req_lot_sf":8000,"frontage_ft":77.7,"req_frontage_ft":65,"req_front_ft":20,"req_side_ft":10,"req_rear_ft":20,"over_unit_cap":false,"corner":true,"t_area":"short","t_frontage":"meets","front_ft":6.6,"side_ft":17.2,"rear_ft":9.8,"t_front":"short","t_side":"meets","t_rear":"short","n_short":3,"measured":true},"geometry":{"type":"Polygon","coordinates":[[[-70.880111,42.561298],[-70.880125,42.561189],[-70.880414,42.561138],[-70.880389,42.561321],[-70.880111,42.561298]]]}},{"type":"Feature","properties":{"addr":"9 MAY ST","units":1,"stories":2.0,"mbta":true,"lot_sf":1235,"req_lot_sf":8000,"frontage_ft":59.2,"req_frontage_ft":65,"req_front_ft":20,"req_side_ft":10,"req_rear_ft":20,"over_unit_cap":false,"corner":false,"t_area":"short","t_frontage":"short","front_ft":null,"side_ft":null,"rear_ft":null,"t_front":null,"t_side":null,"t_rear":null,"n_short":2,"measured":false},"geometry":{"type":"Polygon","coordinates":[[[-70.880311,42.544401],[-70.880355,42.544361],[-70.880371,42.54437],[-70.880542,42.544461],[-70.8805,42.544508],[-70.880311,42.544401]]]}},{"type":"Feature","properties":{"addr":"18-20 BARTLETT ST","units":2,"stories":2.0,"mbta":true,"lot_sf":4308,"req_lot_sf":8000,"frontage_ft":67.7,"req_frontage_ft":65,"req_front_ft":20,"req_side_ft":10,"req_rear_ft":20,"over_unit_cap":false,"corner":true,"t_area":"short","t_frontage":"meets","front_ft":6.1,"side_ft":0.0,"rear_ft":23.2,"t_front":"short","t_side":"short","t_rear":"meets","n_short":3,"measured":true},"geometry":{"type":"Polygon","coordinates":[[[-70.880352,42.543633],[-70.880274,42.543625],[-70.880307,42.543469],[-70.880562,42.543506],[-70.880589,42.543657],[-70.880352,42.543633]]]}},{"type":"Feature","properties":{"addr":"17 SUMMER ST","units":1,"stories":1.0,"mbta":false,"lot_sf":10012,"req_lot_sf":8000,"frontage_ft":111.9,"req_frontage_ft":65,"req_front_ft":20,"req_side_ft":10,"req_rear_ft":20,"over_unit_cap":false,"corner":false,"t_area":"meets","t_frontage":"meets","front_ft":26.6,"side_ft":8.3,"rear_ft":30.8,"t_front":"meets","t_side":"close","t_rear":"meets","n_short":0,"measured":true},"geometry":{"type":"Polygon","coordinates":[[[-70.880351,42.555927],[-70.880146,42.555933],[-70.880124,42.555649],[-70.880558,42.55563],[-70.88037,42.555996],[-70.880354,42.555997],[-70.880351,42.555927]]]}},{"type":"Feature","properties":{"addr":"3 FOSSA TERR","units":2,"stories":2.0,"mbta":true,"lot_sf":2908,"req_lot_sf":8000,"frontage_ft":55.1,"req_frontage_ft":65,"req_front_ft":20,"req_side_ft":10,"req_rear_ft":20,"over_unit_cap":false,"corner":false,"t_area":"short","t_frontage":"short","front_ft":9.1,"side_ft":0.9,"rear_ft":9.6,"t_front":"short","t_side":"short","t_rear":"short","n_short":5,"measured":true},"geometry":{"type":"Polygon","coordinates":[[[-70.880288,42.543001],[-70.880316,42.542871],[-70.88038,42.54288],[-70.880541,42.542903],[-70.880507,42.543031],[-70.880288,42.543001]]]}},{"type":"Feature","properties":{"addr":"22 BARTLETT ST","units":3,"stories":3.0,"mbta":true,"lot_sf":7246,"req_lot_sf":8000,"frontage_ft":106.7,"req_frontage_ft":65,"req_front_ft":20,"req_side_ft":10,"req_rear_ft":20,"over_unit_cap":false,"corner":true,"t_area":"short","t_frontage":"meets","front_ft":2.0,"side_ft":11.9,"rear_ft":28.2,"t_front":"short","t_side":"meets","t_rear":"meets","n_short":2,"measured":true},"geometry":{"type":"Polygon","coordinates":[[[-70.880175,42.543393],[-70.880234,42.543216],[-70.880301,42.543226],[-70.880632,42.543274],[-70.880572,42.543451],[-70.880175,42.543393]]]}},{"type":"Feature","properties":{"addr":"69 CHASE ST","units":2,"stories":2.0,"mbta":false,"lot_sf":7789,"req_lot_sf":8000,"frontage_ft":108.1,"req_frontage_ft":65,"req_front_ft":20,"req_side_ft":10,"req_rear_ft":20,"over_unit_cap":false,"corner":false,"t_area":"close","t_frontage":"meets","front_ft":3.0,"side_ft":22.0,"rear_ft":15.8,"t_front":"short","t_side":"meets","t_rear":"short","n_short":2,"measured":true},"geometry":{"type":"Polygon","coordinates":[[[-70.880196,42.555126],[-70.880054,42.55513],[-70.880184,42.554906],[-70.880284,42.554904],[-70.880517,42.554898],[-70.880351,42.555183],[-70.880196,42.555126]]]}},{"type":"Feature","properties":{"addr":"35 LYMAN ST","units":2,"stories":2.0,"mbta":false,"lot_sf":8837,"req_lot_sf":8000,"frontage_ft":101.5,"req_frontage_ft":65,"req_front_ft":20,"req_side_ft":10,"req_rear_ft":20,"over_unit_cap":false,"corner":true,"t_area":"meets","t_frontage":"meets","front_ft":22.4,"side_ft":13.0,"rear_ft":0.7,"t_front":"meets","t_side":"meets","t_rear":"short","n_short":1,"measured":true},"geometry":{"type":"Polygon","coordinates":[[[-70.880077,42.561555],[-70.880093,42.561434],[-70.880111,42.561298],[-70.880389,42.561321],[-70.880351,42.561605],[-70.880064,42.561656],[-70.880077,42.561555]]]}},{"type":"Feature","properties":{"addr":"33 MASON ST","units":2,"stories":1.0,"mbta":false,"lot_sf":5612,"req_lot_sf":8000,"frontage_ft":44.6,"req_frontage_ft":65,"req_front_ft":20,"req_side_ft":10,"req_rear_ft":20,"over_unit_cap":false,"corner":false,"t_area":"short","t_frontage":"short","front_ft":0.0,"side_ft":3.0,"rear_ft":67.5,"t_front":"short","t_side":"short","t_rear":"meets","n_short":4,"measured":true},"geometry":{"type":"Polygon","coordinates":[[[-70.880076,42.560755],[-70.880163,42.560739],[-70.880254,42.560721],[-70.880359,42.561024],[-70.88018,42.561056],[-70.880076,42.560755]]]}},{"type":"Feature","properties":{"addr":"30 STONE ST","units":1,"stories":1.0,"mbta":true,"lot_sf":5157,"req_lot_sf":8000,"frontage_ft":55.7,"req_frontage_ft":65,"req_front_ft":20,"req_side_ft":10,"req_rear_ft":20,"over_unit_cap":false,"corner":false,"t_area":"short","t_frontage":"short","front_ft":5.7,"side_ft":13.2,"rear_ft":28.8,"t_front":"short","t_side":"meets","t_rear":"meets","n_short":3,"measured":true},"geometry":{"type":"Polygon","coordinates":[[[-70.880232,42.54245],[-70.880326,42.542214],[-70.880541,42.542265],[-70.880472,42.542467],[-70.880232,42.54245]]]}},{"type":"Feature","properties":{"addr":"32 SWAN ST","units":1,"stories":2.0,"mbta":false,"lot_sf":5523,"req_lot_sf":8000,"frontage_ft":55.9,"req_frontage_ft":65,"req_front_ft":20,"req_side_ft":10,"req_rear_ft":20,"over_unit_cap":false,"corner":false,"t_area":"short","t_frontage":"short","front_ft":24.8,"side_ft":0.8,"rear_ft":24.5,"t_front":"meets","t_side":"short","t_rear":"meets","n_short":3,"measured":true},"geometry":{"type":"Polygon","coordinates":[[[-70.88007,42.560501],[-70.880239,42.560467],[-70.880335,42.560705],[-70.880254,42.560721],[-70.880163,42.560739],[-70.880114,42.560748],[-70.880022,42.560511],[-70.88007,42.560501]]]}},{"type":"Feature","properties":{"addr":"9-11 AMES ST","units":2,"stories":2.0,"mbta":false,"lot_sf":4728,"req_lot_sf":8000,"frontage_ft":88.8,"req_frontage_ft":65,"req_front_ft":20,"req_side_ft":10,"req_rear_ft":20,"over_unit_cap":false,"corner":true,"t_area":"short","t_frontage":"meets","front_ft":4.6,"side_ft":24.4,"rear_ft":4.1,"t_front":"short","t_side":"meets","t_rear":"short","n_short":3,"measured":true},"geometry":{"type":"Polygon","coordinates":[[[-70.879987,42.561888],[-70.880003,42.56178],[-70.880035,42.561774],[-70.880332,42.561722],[-70.880306,42.561913],[-70.879987,42.561888]]]}},{"type":"Feature","properties":{"addr":"10 MAY ST","units":2,"stories":1.75,"mbta":false,"lot_sf":2283,"req_lot_sf":8000,"frontage_ft":37.4,"req_frontage_ft":65,"req_front_ft":20,"req_side_ft":10,"req_rear_ft":20,"over_unit_cap":false,"corner":false,"t_area":"short","t_frontage":"short","front_ft":null,"side_ft":null,"rear_ft":null,"t_front":null,"t_side":null,"t_rear":null,"n_short":2,"measured":false},"geometry":{"type":"Polygon","coordinates":[[[-70.880209,42.544661],[-70.880351,42.544529],[-70.880475,42.544602],[-70.880257,42.544725],[-70.880209,42.544661]]]}},{"type":"Feature","properties":{"addr":"22 MYRTLE ST","units":1,"stories":1.75,"mbta":false,"lot_sf":3778,"req_lot_sf":8000,"frontage_ft":34.6,"req_frontage_ft":65,"req_front_ft":20,"req_side_ft":10,"req_rear_ft":20,"over_unit_cap":false,"corner":false,"t_area":"short","t_frontage":"short","front_ft":4.5,"side_ft":5.9,"rear_ft":18.8,"t_front":"short","t_side":"short","t_rear":"close","n_short":4,"measured":true},"geometry":{"type":"Polygon","coordinates":[[[-70.880125,42.556028],[-70.880154,42.556026],[-70.880146,42.555933],[-70.880351,42.555927],[-70.880354,42.555997],[-70.880271,42.556003],[-70.880283,42.556164],[-70.880137,42.556174],[-70.880125,42.556028]]]}},{"type":"Feature","properties":{"addr":"21 MYRTLE ST","units":1,"stories":2.0,"mbta":false,"lot_sf":3716,"req_lot_sf":8000,"frontage_ft":84.4,"req_frontage_ft":65,"req_front_ft":20,"req_side_ft":10,"req_rear_ft":20,"over_unit_cap":false,"corner":false,"t_area":"short","t_frontage":"meets","front_ft":0.2,"side_ft":0.3,"rear_ft":0.0,"t_front":"short","t_side":"short","t_rear":"short","n_short":4,"measured":true},"geometry":{"type":"Polygon","coordinates":[[[-70.880159,42.556355],[-70.879989,42.556371],[-70.879976,42.556298],[-70.880305,42.556275],[-70.880313,42.556445],[-70.880176,42.556461],[-70.880159,42.556355]]]}},{"type":"Feature","properties":{"addr":"18 SOHIER RD","units":2,"stories":1.75,"mbta":false,"lot_sf":8952,"req_lot_sf":8000,"frontage_ft":93.7,"req_frontage_ft":65,"req_front_ft":20,"req_side_ft":10,"req_rear_ft":20,"over_unit_cap":false,"corner":false,"t_area":"meets","t_frontage":"meets","front_ft":7.7,"side_ft":0.0,"rear_ft":0.0,"t_front":"short","t_side":"short","t_rear":"short","n_short":3,"measured":true},"geometry":{"type":"Polygon","coordinates":[[[-70.879988,42.55953],[-70.880132,42.559543],[-70.880367,42.559483],[-70.88044,42.559651],[-70.879949,42.5598],[-70.879988,42.55953]]]}},{"type":"Feature","properties":{"addr":"2 LOVETT ST","units":1,"stories":1.0,"mbta":true,"lot_sf":2199,"req_lot_sf":8000,"frontage_ft":34.4,"req_frontage_ft":65,"req_front_ft":20,"req_side_ft":10,"req_rear_ft":20,"over_unit_cap":false,"corner":false,"t_area":"short","t_frontage":"short","front_ft":3.6,"side_ft":0.0,"rear_ft":5.8,"t_front":"short","t_side":"short","t_rear":"short","n_short":5,"measured":true},"geometry":{"type":"Polygon","coordinates":[[[-70.880243,42.54392],[-70.880387,42.543901],[-70.880396,42.543945],[-70.880378,42.543946],[-70.880392,42.544036],[-70.880402,42.544036],[-70.880404,42.544074],[-70.88028,42.544087],[-70.880243,42.54392]]]}},{"type":"Feature","properties":{"addr":"41 ELLIOTT ST","units":14,"stories":3.0,"mbta":false,"lot_sf":5955,"req_lot_sf":56000,"frontage_ft":49.4,"req_frontage_ft":65,"req_front_ft":20,"req_side_ft":10,"req_rear_ft":20,"over_unit_cap":false,"corner":false,"t_area":"short","t_frontage":"short","front_ft":10.7,"side_ft":0.9,"rear_ft":7.2,"t_front":"short","t_side":"short","t_rear":"short","n_short":5,"measured":true},"geometry":{"type":"Polygon","coordinates":[[[-70.88022,42.554153],[-70.880404,42.554213],[-70.880342,42.554315],[-70.880257,42.554454],[-70.880091,42.554455],[-70.880031,42.554456],[-70.88022,42.554153]]]}},{"type":"Feature","properties":{"addr":"24 CHARLES ST","units":2,"stories":2.0,"mbta":false,"lot_sf":9167,"req_lot_sf":8000,"frontage_ft":101.4,"req_frontage_ft":65,"req_front_ft":20,"req_side_ft":10,"req_rear_ft":20,"over_unit_cap":false,"corner":true,"t_area":"meets","t_frontage":"meets","front_ft":0.4,"side_ft":8.3,"rear_ft":70.2,"t_front":"short","t_side":"close","t_rear":"meets","n_short":1,"measured":true},"geometry":{"type":"Polygon","coordinates":[[[-70.879988,42.55953],[-70.880028,42.559246],[-70.880223,42.559191],[-70.880381,42.559479],[-70.880367,42.559483],[-70.880132,42.559543],[-70.879988,42.55953]]]}},{"type":"Feature","properties":{"addr":"31 SWAN ST","units":1,"stories":2.0,"mbta":false,"lot_sf":5307,"req_lot_sf":8000,"frontage_ft":44.3,"req_frontage_ft":65,"req_front_ft":20,"req_side_ft":10,"req_rear_ft":20,"over_unit_cap":false,"corner":false,"t_area":"short","t_frontage":"short","front_ft":4.1,"side_ft":7.3,"rear_ft":60.3,"t_front":"short","t_side":"close","t_rear":"meets","n_short":3,"measured":true},"geometry":{"type":"Polygon","coordinates":[[[-70.880011,42.560101],[-70.880182,42.560051],[-70.880294,42.560343],[-70.880118,42.560378],[-70.880011,42.560101]]]}},{"type":"Feature","properties":{"addr":"13 AMES ST","units":2,"stories":2.0,"mbta":false,"lot_sf":4375,"req_lot_sf":8000,"frontage_ft":45.7,"req_frontage_ft":65,"req_front_ft":20,"req_side_ft":10,"req_rear_ft":20,"over_unit_cap":false,"corner":false,"t_area":"short","t_frontage":"short","front_ft":12.6,"side_ft":4.9,"rear_ft":11.4,"t_front":"short","t_side":"short","t_rear":"short","n_short":5,"measured":true},"geometry":{"type":"Polygon","coordinates":[[[-70.879997,42.562028],[-70.879967,42.562025],[-70.879987,42.561888],[-70.880306,42.561913],[-70.880287,42.562051],[-70.879997,42.562028]]]}},{"type":"Feature","properties":{"addr":"17 CHESTNUT ST","units":1,"stories":1.75,"mbta":false,"lot_sf":2408,"req_lot_sf":8000,"frontage_ft":45.5,"req_frontage_ft":65,"req_front_ft":20,"req_side_ft":10,"req_rear_ft":20,"over_unit_cap":false,"corner":false,"t_area":"short","t_frontage":"short","front_ft":2.3,"side_ft":4.0,"rear_ft":9.3,"t_front":"short","t_side":"short","t_rear":"short","n_short":5,"measured":true},"geometry":{"type":"Polygon","coordinates":[[[-70.880097,42.554776],[-70.880283,42.554769],[-70.880284,42.554904],[-70.880184,42.554906],[-70.880104,42.554908],[-70.880097,42.554776]]]}},{"type":"Feature","properties":{"addr":"15 AMES ST","units":1,"stories":1.0,"mbta":false,"lot_sf":4301,"req_lot_sf":8000,"frontage_ft":44.1,"req_frontage_ft":65,"req_front_ft":20,"req_side_ft":10,"req_rear_ft":20,"over_unit_cap":false,"corner":false,"t_area":"short","t_frontage":"short","front_ft":14.7,"side_ft":10.5,"rear_ft":26.2,"t_front":"short","t_side":"meets","t_rear":"meets","n_short":3,"measured":true},"geometry":{"type":"Polygon","coordinates":[[[-70.879977,42.562165],[-70.87995,42.562163],[-70.879962,42.562055],[-70.879967,42.562025],[-70.879997,42.562028],[-70.880287,42.562051],[-70.880268,42.562185],[-70.879977,42.562165]]]}},{"type":"Feature","properties":{"addr":"18 CHESTNUT ST","units":1,"stories":1.5,"mbta":false,"lot_sf":3665,"req_lot_sf":8000,"frontage_ft":43.3,"req_frontage_ft":65,"req_front_ft":20,"req_side_ft":10,"req_rear_ft":20,"over_unit_cap":false,"corner":false,"t_area":"short","t_frontage":"short","front_ft":10.3,"side_ft":3.7,"rear_ft":36.2,"t_front":"short","t_side":"short","t_rear":"meets","n_short":4,"measured":true},"geometry":{"type":"Polygon","coordinates":[[[-70.880091,42.554455],[-70.880257,42.554454],[-70.880265,42.554454],[-70.88027,42.554664],[-70.880091,42.554669],[-70.880091,42.554455]]]}},{"type":"Feature","properties":{"addr":"22 SOHIER RD","units":1,"stories":1.5,"mbta":false,"lot_sf":8325,"req_lot_sf":8000,"frontage_ft":72.8,"req_frontage_ft":65,"req_front_ft":20,"req_side_ft":10,"req_rear_ft":20,"over_unit_cap":false,"corner":false,"t_area":"meets","t_frontage":"meets","front_ft":7.9,"side_ft":7.7,"rear_ft":23.2,"t_front":"short","t_side":"close","t_rear":"meets","n_short":1,"measured":true},"geometry":{"type":"Polygon","coordinates":[[[-70.879932,42.559921],[-70.880288,42.55982],[-70.880388,42.559991],[-70.880356,42.56],[-70.880182,42.560051],[-70.880011,42.560101],[-70.879902,42.560134],[-70.879932,42.559921]]]}},{"type":"Feature","properties":{"addr":"17 AMES ST","units":1,"stories":1.0,"mbta":false,"lot_sf":4234,"req_lot_sf":8000,"frontage_ft":44.8,"req_frontage_ft":65,"req_front_ft":20,"req_side_ft":10,"req_rear_ft":20,"over_unit_cap":false,"corner":false,"t_area":"short","t_frontage":"short","front_ft":8.0,"side_ft":1.4,"rear_ft":25.9,"t_front":"short","t_side":"short","t_rear":"meets","n_short":4,"measured":true},"geometry":{"type":"Polygon","coordinates":[[[-70.879934,42.562297],[-70.87995,42.562163],[-70.879977,42.562165],[-70.880268,42.562185],[-70.88025,42.562315],[-70.880249,42.562321],[-70.879934,42.562297]]]}},{"type":"Feature","properties":{"addr":"11 MAY ST","units":2,"stories":2.0,"mbta":true,"lot_sf":2631,"req_lot_sf":8000,"frontage_ft":48.6,"req_frontage_ft":65,"req_front_ft":20,"req_side_ft":10,"req_rear_ft":20,"over_unit_cap":false,"corner":false,"t_area":"short","t_frontage":"short","front_ft":5.3,"side_ft":2.7,"rear_ft":8.0,"t_front":"short","t_side":"short","t_rear":"short","n_short":5,"measured":true},"geometry":{"type":"Polygon","coordinates":[[[-70.880125,42.544303],[-70.880207,42.544218],[-70.880299,42.544207],[-70.880303,42.544227],[-70.880391,42.544297],[-70.880287,42.544388],[-70.880125,42.544303]]]}},{"type":"Feature","properties":{"addr":"33 STONE ST","units":2,"stories":2.0,"mbta":true,"lot_sf":3997,"req_lot_sf":8000,"frontage_ft":45.8,"req_frontage_ft":65,"req_front_ft":20,"req_side_ft":10,"req_rear_ft":20,"over_unit_cap":false,"corner":false,"t_area":"short","t_frontage":"short","front_ft":3.9,"side_ft":2.0,"rear_ft":20.7,"t_front":"short","t_side":"short","t_rear":"meets","n_short":4,"measured":true},"geometry":{"type":"Polygon","coordinates":[[[-70.880148,42.542054],[-70.88022,42.541863],[-70.880413,42.541874],[-70.880327,42.542097],[-70.880148,42.542054]]]}},{"type":"Feature","properties":{"addr":"19 AMES ST","units":1,"stories":1.0,"mbta":false,"lot_sf":4221,"req_lot_sf":8000,"frontage_ft":44.1,"req_frontage_ft":65,"req_front_ft":20,"req_side_ft":10,"req_rear_ft":20,"over_unit_cap":false,"corner":false,"t_area":"short","t_frontage":"short","front_ft":15.6,"side_ft":5.6,"rear_ft":29.6,"t_front":"short","t_side":"short","t_rear":"meets","n_short":4,"measured":true},"geometry":{"type":"Polygon","coordinates":[[[-70.879936,42.562435],[-70.879918,42.562434],[-70.879934,42.562297],[-70.880249,42.562321],[-70.880231,42.562455],[-70.879936,42.562435]]]}},{"type":"Feature","properties":{"addr":"50 BARTLETT ST","units":1,"stories":null,"mbta":false,"lot_sf":7893,"req_lot_sf":8000,"frontage_ft":10.3,"req_frontage_ft":65,"req_front_ft":20,"req_side_ft":10,"req_rear_ft":20,"over_unit_cap":false,"corner":false,"t_area":"close","t_frontage":"short","front_ft":null,"side_ft":null,"rear_ft":null,"t_front":null,"t_side":null,"t_rear":null,"n_short":1,"measured":false},"geometry":{"type":"Polygon","coordinates":[[[-70.880007,42.541437],[-70.880086,42.541253],[-70.880251,42.541263],[-70.880715,42.541293],[-70.880746,42.541329],[-70.880358,42.541344],[-70.880344,42.541469],[-70.880007,42.541437]]]}},{"type":"Feature","properties":{"addr":"21 AMES ST","units":1,"stories":1.0,"mbta":false,"lot_sf":4258,"req_lot_sf":8000,"frontage_ft":46.1,"req_frontage_ft":65,"req_front_ft":20,"req_side_ft":10,"req_rear_ft":20,"over_unit_cap":false,"corner":false,"t_area":"short","t_frontage":"short","front_ft":8.7,"side_ft":4.6,"rear_ft":27.4,"t_front":"short","t_side":"short","t_rear":"meets","n_short":4,"measured":true},"geometry":{"type":"Polygon","coordinates":[[[-70.879916,42.562572],[-70.879901,42.562571],[-70.879918,42.562434],[-70.879936,42.562435],[-70.880231,42.562455],[-70.880211,42.562594],[-70.879916,42.562572]]]}},{"type":"Feature","properties":{"addr":"3 LOVETT ST","units":2,"stories":2.0,"mbta":true,"lot_sf":5425,"req_lot_sf":8000,"frontage_ft":61.0,"req_frontage_ft":65,"req_front_ft":20,"req_side_ft":10,"req_rear_ft":20,"over_unit_cap":false,"corner":false,"t_area":"short","t_frontage":"short","front_ft":8.8,"side_ft":1.6,"rear_ft":4.0,"t_front":"short","t_side":"short","t_rear":"short","n_short":5,"measured":true},"geometry":{"type":"Polygon","coordinates":[[[-70.880105,42.543698],[-70.880078,42.543701],[-70.880098,42.543607],[-70.880274,42.543625],[-70.880352,42.543633],[-70.880393,42.543815],[-70.880152,42.543846],[-70.880105,42.543698]]]}},{"type":"Feature","properties":{"addr":"18 LENOX ST","units":1,"stories":2.0,"mbta":false,"lot_sf":3833,"req_lot_sf":8000,"frontage_ft":42.2,"req_frontage_ft":65,"req_front_ft":20,"req_side_ft":10,"req_rear_ft":20,"over_unit_cap":false,"corner":false,"t_area":"short","t_frontage":"short","front_ft":8.5,"side_ft":5.3,"rear_ft":11.3,"t_front":"short","t_side":"short","t_rear":"short","n_short":5,"measured":true},"geometry":{"type":"Polygon","coordinates":[[[-70.879989,42.556371],[-70.880159,42.556355],[-70.880176,42.556461],[-70.880206,42.556581],[-70.880032,42.556597],[-70.879989,42.556371]]]}},{"type":"Feature","properties":{"addr":"16 SUMMER ST","units":1,"stories":1.75,"mbta":false,"lot_sf":4083,"req_lot_sf":8000,"frontage_ft":72.3,"req_frontage_ft":65,"req_front_ft":20,"req_side_ft":10,"req_rear_ft":20,"over_unit_cap":false,"corner":true,"t_area":"short","t_frontage":"meets","front_ft":1.3,"side_ft":4.4,"rear_ft":18.2,"t_front":"short","t_side":"short","t_rear":"close","n_short":3,"measured":true},"geometry":{"type":"Polygon","coordinates":[[[-70.879989,42.555352],[-70.88026,42.555348],[-70.880157,42.555539],[-70.879993,42.555546],[-70.879989,42.555352]]]}},{"type":"Feature","properties":{"addr":"56 BARTLETT ST","units":2,"stories":2.0,"mbta":false,"lot_sf":4597,"req_lot_sf":8000,"frontage_ft":58.2,"req_frontage_ft":65,"req_front_ft":20,"req_side_ft":10,"req_rear_ft":20,"over_unit_cap":false,"corner":false,"t_area":"short","t_frontage":"short","front_ft":4.4,"side_ft":7.5,"rear_ft":40.9,"t_front":"short","t_side":"close","t_rear":"meets","n_short":3,"measured":true},"geometry":{"type":"Polygon","coordinates":[[[-70.880086,42.541253],[-70.880106,42.541205],[-70.880196,42.540996],[-70.8804,42.541081],[-70.880251,42.541263],[-70.880086,42.541253]]]}},{"type":"Feature","properties":{"addr":"35 MASON ST","units":2,"stories":2.0,"mbta":false,"lot_sf":5498,"req_lot_sf":8000,"frontage_ft":45.0,"req_frontage_ft":65,"req_front_ft":20,"req_side_ft":10,"req_rear_ft":20,"over_unit_cap":false,"corner":false,"t_area":"short","t_frontage":"short","front_ft":0.0,"side_ft":2.5,"rear_ft":66.1,"t_front":"short","t_side":"short","t_rear":"meets","n_short":4,"measured":true},"geometry":{"type":"Polygon","coordinates":[[[-70.879905,42.560789],[-70.880076,42.560755],[-70.88018,42.561056],[-70.88,42.561088],[-70.879905,42.560789]]]}},{"type":"Feature","properties":{"addr":"6-8 FOSSA TERR","units":2,"stories":2.0,"mbta":true,"lot_sf":3821,"req_lot_sf":8000,"frontage_ft":57.4,"req_frontage_ft":65,"req_front_ft":20,"req_side_ft":10,"req_rear_ft":20,"over_unit_cap":false,"corner":false,"t_area":"short","t_frontage":"short","front_ft":9.3,"side_ft":4.9,"rear_ft":23.4,"t_front":"short","t_side":"short","t_rear":"meets","n_short":4,"measured":true},"geometry":{"type":"Polygon","coordinates":[[[-70.880234,42.543216],[-70.880071,42.543193],[-70.880118,42.54303],[-70.880345,42.543062],[-70.880301,42.543226],[-70.880234,42.543216]]]}},{"type":"Feature","properties":{"addr":"2 WENTZELL AVE","units":1,"stories":1.75,"mbta":true,"lot_sf":2788,"req_lot_sf":8000,"frontage_ft":42.7,"req_frontage_ft":65,"req_front_ft":20,"req_side_ft":10,"req_rear_ft":20,"over_unit_cap":false,"corner":false,"t_area":"short","t_frontage":"short","front_ft":4.3,"side_ft":6.2,"rear_ft":12.2,"t_front":"short","t_side":"short","t_rear":"short","n_short":5,"measured":true},"geometry":{"type":"Polygon","coordinates":[[[-70.880098,42.543607],[-70.880133,42.543445],[-70.880307,42.543469],[-70.880274,42.543625],[-70.880098,42.543607]]]}},{"type":"Feature","properties":{"addr":"7 FOSSA TERR","units":2,"stories":2.0,"mbta":true,"lot_sf":2602,"req_lot_sf":8000,"frontage_ft":51.4,"req_frontage_ft":65,"req_front_ft":20,"req_side_ft":10,"req_rear_ft":20,"over_unit_cap":false,"corner":false,"t_area":"short","t_frontage":"short","front_ft":6.3,"side_ft":0.0,"rear_ft":10.9,"t_front":"short","t_side":"short","t_rear":"short","n_short":5,"measured":true},"geometry":{"type":"Polygon","coordinates":[[[-70.880083,42.542972],[-70.880125,42.542844],[-70.880316,42.542871],[-70.880288,42.543001],[-70.880083,42.542972]]]}},{"type":"Feature","properties":{"addr":"37 HERRICK ST","units":1,"stories":2.0,"mbta":false,"lot_sf":5602,"req_lot_sf":8000,"frontage_ft":102.4,"req_frontage_ft":65,"req_front_ft":20,"req_side_ft":10,"req_rear_ft":20,"over_unit_cap":false,"corner":false,"t_area":"short","t_frontage":"meets","front_ft":15.5,"side_ft":7.7,"rear_ft":6.7,"t_front":"short","t_side":"close","t_rear":"short","n_short":3,"measured":true},"geometry":{"type":"Polygon","coordinates":[[[-70.879824,42.562695],[-70.879841,42.562566],[-70.879901,42.562571],[-70.879916,42.562572],[-70.880211,42.562594],[-70.880205,42.562635],[-70.879954,42.562807],[-70.879824,42.562695]]]}},{"type":"Feature","properties":{"addr":"20 MYRTLE ST","units":1,"stories":1.75,"mbta":false,"lot_sf":2232,"req_lot_sf":8000,"frontage_ft":36.3,"req_frontage_ft":65,"req_front_ft":20,"req_side_ft":10,"req_rear_ft":20,"over_unit_cap":false,"corner":false,"t_area":"short","t_frontage":"short","front_ft":3.8,"side_ft":5.3,"rear_ft":18.7,"t_front":"short","t_side":"short","t_rear":"close","n_short":4,"measured":true},"geometry":{"type":"Polygon","coordinates":[[[-70.879967,42.556038],[-70.880125,42.556028],[-70.880137,42.556174],[-70.879985,42.556184],[-70.879967,42.556038]]]}},{"type":"Feature","properties":{"addr":"32 STONE ST","units":1,"stories":1.5,"mbta":true,"lot_sf":5231,"req_lot_sf":8000,"frontage_ft":53.8,"req_frontage_ft":65,"req_front_ft":20,"req_side_ft":10,"req_rear_ft":20,"over_unit_cap":false,"corner":false,"t_area":"short","t_frontage":"short","front_ft":5.9,"side_ft":7.5,"rear_ft":52.8,"t_front":"short","t_side":"close","t_rear":"meets","n_short":3,"measured":true},"geometry":{"type":"Polygon","coordinates":[[[-70.880041,42.542437],[-70.880118,42.542166],[-70.880326,42.542214],[-70.880232,42.54245],[-70.880041,42.542437]]]}},{"type":"Feature","properties":{"addr":"4 LOVETT ST","units":3,"stories":2.5,"mbta":true,"lot_sf":3711,"req_lot_sf":8000,"frontage_ft":55.0,"req_frontage_ft":65,"req_front_ft":20,"req_side_ft":10,"req_rear_ft":20,"over_unit_cap":false,"corner":false,"t_area":"short","t_frontage":"short","front_ft":6.7,"side_ft":11.9,"rear_ft":13.5,"t_front":"short","t_side":"meets","t_rear":"short","n_short":4,"measured":true},"geometry":{"type":"Polygon","coordinates":[[[-70.880025,42.543948],[-70.880243,42.54392],[-70.88028,42.544087],[-70.880282,42.544101],[-70.880076,42.544114],[-70.880025,42.543948]]]}},{"type":"Feature","properties":{"addr":"7 OXFORD TERR","units":1,"stories":2.0,"mbta":true,"lot_sf":7222,"req_lot_sf":8000,"frontage_ft":57.4,"req_frontage_ft":65,"req_front_ft":20,"req_side_ft":10,"req_rear_ft":20,"over_unit_cap":false,"corner":false,"t_area":"short","t_frontage":"short","front_ft":8.1,"side_ft":8.2,"rear_ft":46.8,"t_front":"short","t_side":"close","t_rear":"meets","n_short":3,"measured":true},"geometry":{"type":"Polygon","coordinates":[[[-70.879933,42.541607],[-70.880004,42.541444],[-70.880007,42.541437],[-70.880344,42.541469],[-70.880428,42.541476],[-70.880346,42.541629],[-70.880336,42.541647],[-70.879933,42.541607]]]}},{"type":"Feature","properties":{"addr":"5 OXFORD TERR","units":1,"stories":1.75,"mbta":true,"lot_sf":4330,"req_lot_sf":8000,"frontage_ft":11.6,"req_frontage_ft":65,"req_front_ft":20,"req_side_ft":10,"req_rear_ft":20,"over_unit_cap":false,"corner":false,"t_area":"short","t_frontage":"short","front_ft":77.5,"side_ft":7.9,"rear_ft":0.0,"t_front":"meets","t_side":"close","t_rear":"short","n_short":3,"measured":true},"geometry":{"type":"Polygon","coordinates":[[[-70.880115,42.541857],[-70.880113,42.541695],[-70.880113,42.541694],[-70.880113,42.541692],[-70.880113,42.54169],[-70.880113,42.541689],[-70.880112,42.541687],[-70.880112,42.541685],[-70.880111,42.541684],[-70.880111,42.541682],[-70.88011,42.541681],[-70.880109,42.541679],[-70.880109,42.541678],[-70.880108,42.541676],[-70.880107,42.541675],[-70.880106,42.541673],[-70.880105,42.541672],[-70.880103,42.54167],[-70.880102,42.541669],[-70.880101,42.541668],[-70.8801,42.541666],[-70.880098,42.541665],[-70.880097,42.541664],[-70.880095,42.541663],[-70.880094,42.541661],[-70.880092,42.54166],[-70.88009,42.541659],[-70.880089,42.541658],[-70.880087,42.541657],[-70.880085,42.541656],[-70.880083,42.541655],[-70.880081,42.541655],[-70.880079,42.541654],[-70.880077,42.541653],[-70.880075,42.541652],[-70.880073,42.541652],[-70.880071,42.541651],[-70.880068,42.54165],[-70.879957,42.541642],[-70.879954,42.541642],[-70.879952,42.541642],[-70.879949,42.541642],[-70.879947,42.541642],[-70.879944,42.541642],[-70.879942,42.541643],[-70.879939,42.541643],[-70.879937,42.541644],[-70.879934,42.541644],[-70.879932,42.541645],[-70.87993,42.541646],[-70.879927,42.541647],[-70.879925,42.541648],[-70.879923,42.541649],[-70.879921,42.54165],[-70.879919,42.541651],[-70.879917,42.541652],[-70.879916,42.541654],[-70.879912,42.541655],[-70.879933,42.541607],[-70.880336,42.541647],[-70.880264,42.541782],[-70.88022,42.541863],[-70.880115,42.541857]]]}},{"type":"Feature","properties":{"addr":"15 SUMMER ST","units":2,"stories":1.75,"mbta":false,"lot_sf":7960,"req_lot_sf":8000,"frontage_ft":53.1,"req_frontage_ft":65,"req_front_ft":20,"req_side_ft":10,"req_rear_ft":20,"over_unit_cap":false,"corner":false,"t_area":"close","t_frontage":"short","front_ft":13.2,"side_ft":5.2,"rear_ft":9.6,"t_front":"short","t_side":"short","t_rear":"short","n_short":4,"measured":true},"geometry":{"type":"Polygon","coordinates":[[[-70.879909,42.555659],[-70.880124,42.555649],[-70.880146,42.555933],[-70.880154,42.556026],[-70.880125,42.556028],[-70.879967,42.556038],[-70.879943,42.55604],[-70.879909,42.555659]]]}},{"type":"Feature","properties":{"addr":"33 ELLIOTT ST","units":6,"stories":2.0,"mbta":false,"lot_sf":6275,"req_lot_sf":24000,"frontage_ft":49.2,"req_frontage_ft":65,"req_front_ft":20,"req_side_ft":10,"req_rear_ft":20,"over_unit_cap":false,"corner":false,"t_area":"short","t_frontage":"short","front_ft":36.6,"side_ft":1.6,"rear_ft":0.0,"t_front":"meets","t_side":"short","t_rear":"short","n_short":4,"measured":true},"geometry":{"type":"Polygon","coordinates":[[[-70.879906,42.554316],[-70.880037,42.554093],[-70.88022,42.554153],[-70.880031,42.554456],[-70.879926,42.554456],[-70.879906,42.554316]]]}},{"type":"Feature","properties":{"addr":"75 CHASE ST","units":1,"stories":1.0,"mbta":false,"lot_sf":11517,"req_lot_sf":8000,"frontage_ft":60.0,"req_frontage_ft":65,"req_front_ft":20,"req_side_ft":10,"req_rear_ft":20,"over_unit_cap":false,"corner":false,"t_area":"meets","t_frontage":"short","front_ft":3.0,"side_ft":1.0,"rear_ft":0.3,"t_front":"short","t_side":"short","t_rear":"short","n_short":4,"measured":true},"geometry":{"type":"Polygon","coordinates":[[[-70.87976,42.55514],[-70.880054,42.55513],[-70.880196,42.555126],[-70.880351,42.555183],[-70.88026,42.555348],[-70.879989,42.555352],[-70.879765,42.555352],[-70.87976,42.55514]]]}},{"type":"Feature","properties":{"addr":"33 SWAN ST","units":1,"stories":2.0,"mbta":false,"lot_sf":5271,"req_lot_sf":8000,"frontage_ft":98.4,"req_frontage_ft":65,"req_front_ft":20,"req_side_ft":10,"req_rear_ft":20,"over_unit_cap":false,"corner":true,"t_area":"short","t_frontage":"meets","front_ft":3.6,"side_ft":0.6,"rear_ft":56.4,"t_front":"short","t_side":"short","t_rear":"meets","n_short":3,"measured":true},"geometry":{"type":"Polygon","coordinates":[[[-70.879863,42.560409],[-70.879902,42.560134],[-70.880011,42.560101],[-70.880118,42.560378],[-70.879891,42.560423],[-70.879863,42.560409]]]}},{"type":"Feature","properties":{"addr":"34 SWAN ST","units":1,"stories":1.0,"mbta":false,"lot_sf":6258,"req_lot_sf":8000,"frontage_ft":92.4,"req_frontage_ft":65,"req_front_ft":20,"req_side_ft":10,"req_rear_ft":20,"over_unit_cap":false,"corner":true,"t_area":"short","t_frontage":"meets","front_ft":1.2,"side_ft":13.2,"rear_ft":11.5,"t_front":"short","t_side":"meets","t_rear":"short","n_short":3,"measured":true},"geometry":{"type":"Polygon","coordinates":[[[-70.880022,42.560511],[-70.880114,42.560748],[-70.880076,42.560755],[-70.879905,42.560789],[-70.879802,42.560809],[-70.879833,42.560549],[-70.880022,42.560511]]]}},{"type":"Feature","properties":{"addr":"17 MAY ST","units":2,"stories":2.0,"mbta":true,"lot_sf":4517,"req_lot_sf":8000,"frontage_ft":83.1,"req_frontage_ft":65,"req_front_ft":20,"req_side_ft":10,"req_rear_ft":20,"over_unit_cap":false,"corner":false,"t_area":"short","t_frontage":"meets","front_ft":1.4,"side_ft":5.1,"rear_ft":6.3,"t_front":"short","t_side":"short","t_rear":"short","n_short":4,"measured":true},"geometry":{"type":"Polygon","coordinates":[[[-70.880004,42.544239],[-70.879915,42.544125],[-70.880076,42.544114],[-70.880282,42.544101],[-70.880299,42.544207],[-70.880207,42.544218],[-70.880125,42.544303],[-70.880004,42.544239]]]}},{"type":"Feature","properties":{"addr":"12H MAY ST","units":2,"stories":2.0,"mbta":true,"lot_sf":5764,"req_lot_sf":8000,"frontage_ft":4.1,"req_frontage_ft":65,"req_front_ft":20,"req_side_ft":10,"req_rear_ft":20,"over_unit_cap":false,"corner":false,"t_area":"short","t_frontage":"short","front_ft":59.7,"side_ft":0.0,"rear_ft":0.0,"t_front":"meets","t_side":"short","t_rear":"short","n_short":4,"measured":true},"geometry":{"type":"Polygon","coordinates":[[[-70.879914,42.544864],[-70.880079,42.544664],[-70.880153,42.544597],[-70.880232,42.544592],[-70.880325,42.544514],[-70.880351,42.544529],[-70.880209,42.544661],[-70.880257,42.544725],[-70.880007,42.544939],[-70.879914,42.544864]]]}},{"type":"Feature","properties":{"addr":"15 CHESTNUT ST","units":1,"stories":2.0,"mbta":false,"lot_sf":2381,"req_lot_sf":8000,"frontage_ft":46.0,"req_frontage_ft":65,"req_front_ft":20,"req_side_ft":10,"req_rear_ft":20,"over_unit_cap":false,"corner":false,"t_area":"short","t_frontage":"short","front_ft":1.7,"side_ft":5.7,"rear_ft":11.1,"t_front":"short","t_side":"short","t_rear":"short","n_short":5,"measured":true},"geometry":{"type":"Polygon","coordinates":[[[-70.879908,42.554781],[-70.880097,42.554776],[-70.880104,42.554908],[-70.879924,42.554912],[-70.879908,42.554781]]]}},{"type":"Feature","properties":{"addr":"16 CHESTNUT ST","units":1,"stories":1.75,"mbta":false,"lot_sf":3863,"req_lot_sf":8000,"frontage_ft":43.4,"req_frontage_ft":65,"req_front_ft":20,"req_side_ft":10,"req_rear_ft":20,"over_unit_cap":false,"corner":false,"t_area":"short","t_frontage":"short","front_ft":10.3,"side_ft":1.9,"rear_ft":34.8,"t_front":"short","t_side":"short","t_rear":"meets","n_short":4,"measured":true},"geometry":{"type":"Polygon","coordinates":[[[-70.879905,42.554457],[-70.879926,42.554456],[-70.880031,42.554456],[-70.880091,42.554455],[-70.880091,42.554669],[-70.879912,42.554674],[-70.879905,42.554457]]]}},{"type":"Feature","properties":{"addr":"1 WENTZELL AVE","units":1,"stories":1.75,"mbta":true,"lot_sf":3478,"req_lot_sf":8000,"frontage_ft":46.9,"req_frontage_ft":65,"req_front_ft":20,"req_side_ft":10,"req_rear_ft":20,"over_unit_cap":false,"corner":false,"t_area":"short","t_frontage":"short","front_ft":6.5,"side_ft":1.2,"rear_ft":21.4,"t_front":"short","t_side":"short","t_rear":"meets","n_short":4,"measured":true},"geometry":{"type":"Polygon","coordinates":[[[-70.879986,42.543366],[-70.88004,42.543189],[-70.880071,42.543193],[-70.880234,42.543216],[-70.880175,42.543393],[-70.879986,42.543366]]]}},{"type":"Feature","properties":{"addr":"38 SOHIER RD","units":2,"stories":2.0,"mbta":false,"lot_sf":7539,"req_lot_sf":8000,"frontage_ft":159.1,"req_frontage_ft":65,"req_front_ft":20,"req_side_ft":10,"req_rear_ft":20,"over_unit_cap":false,"corner":false,"t_area":"short","t_frontage":"meets","front_ft":5.3,"side_ft":11.2,"rear_ft":8.7,"t_front":"short","t_side":"meets","t_rear":"short","n_short":3,"measured":true},"geometry":{"type":"Polygon","coordinates":[[[-70.879699,42.561403],[-70.879721,42.561261],[-70.880125,42.561189],[-70.880111,42.561298],[-70.880093,42.561434],[-70.879699,42.561403]]]}},{"type":"Feature","properties":{"addr":"35 STONE ST","units":1,"stories":2.0,"mbta":true,"lot_sf":3346,"req_lot_sf":8000,"frontage_ft":45.5,"req_frontage_ft":65,"req_front_ft":20,"req_side_ft":10,"req_rear_ft":20,"over_unit_cap":false,"corner":false,"t_area":"short","t_frontage":"short","front_ft":10.5,"side_ft":6.5,"rear_ft":18.6,"t_front":"short","t_side":"short","t_rear":"close","n_short":4,"measured":true},"geometry":{"type":"Polygon","coordinates":[[[-70.879969,42.542012],[-70.880032,42.541852],[-70.880115,42.541857],[-70.88022,42.541863],[-70.880148,42.542054],[-70.879969,42.542012]]]}},{"type":"Feature","properties":{"addr":"12 MAY ST","units":3,"stories":2.0,"mbta":true,"lot_sf":4989,"req_lot_sf":8000,"frontage_ft":33.3,"req_frontage_ft":65,"req_front_ft":20,"req_side_ft":10,"req_rear_ft":20,"over_unit_cap":false,"corner":false,"t_area":"short","t_frontage":"short","front_ft":3.9,"side_ft":0.0,"rear_ft":44.1,"t_front":"short","t_side":"short","t_rear":"meets","n_short":4,"measured":true},"geometry":{"type":"Polygon","coordinates":[[[-70.879822,42.544791],[-70.879972,42.54466],[-70.880214,42.544449],[-70.880325,42.544514],[-70.880232,42.544592],[-70.880153,42.544597],[-70.880079,42.544664],[-70.879914,42.544864],[-70.879822,42.544791]]]}},{"type":"Feature","properties":{"addr":"40 SOHIER RD","units":2,"stories":2.0,"mbta":false,"lot_sf":4716,"req_lot_sf":8000,"frontage_ft":38.8,"req_frontage_ft":65,"req_front_ft":20,"req_side_ft":10,"req_rear_ft":20,"over_unit_cap":false,"corner":false,"t_area":"short","t_frontage":"short","front_ft":6.3,"side_ft":2.0,"rear_ft":51.9,"t_front":"short","t_side":"short","t_rear":"meets","n_short":4,"measured":true},"geometry":{"type":"Polygon","coordinates":[[[-70.879681,42.561522],[-70.879699,42.561403],[-70.880093,42.561434],[-70.880077,42.561555],[-70.879681,42.561522]]]}},{"type":"Feature","properties":{"addr":"16 LENOX ST","units":1,"stories":2.0,"mbta":false,"lot_sf":4411,"req_lot_sf":8000,"frontage_ft":48.4,"req_frontage_ft":65,"req_front_ft":20,"req_side_ft":10,"req_rear_ft":20,"over_unit_cap":false,"corner":false,"t_area":"short","t_frontage":"short","front_ft":10.2,"side_ft":11.1,"rear_ft":39.8,"t_front":"short","t_side":"meets","t_rear":"meets","n_short":3,"measured":true},"geometry":{"type":"Polygon","coordinates":[[[-70.879797,42.556388],[-70.879989,42.556371],[-70.880032,42.556597],[-70.879836,42.556616],[-70.879797,42.556388]]]}},{"type":"Feature","properties":{"addr":"37 MASON ST","units":2,"stories":2.0,"mbta":false,"lot_sf":5336,"req_lot_sf":8000,"frontage_ft":115.7,"req_frontage_ft":65,"req_front_ft":20,"req_side_ft":10,"req_rear_ft":20,"over_unit_cap":false,"corner":true,"t_area":"short","t_frontage":"meets","front_ft":0.0,"side_ft":7.9,"rear_ft":33.8,"t_front":"short","t_side":"close","t_rear":"meets","n_short":2,"measured":true},"geometry":{"type":"Polygon","coordinates":[[[-70.879796,42.560867],[-70.879802,42.560809],[-70.879905,42.560789],[-70.88,42.561088],[-70.879756,42.561131],[-70.879796,42.560867]]]}},{"type":"Feature","properties":{"addr":"4 WENTZELL AVE","units":1,"stories":2.0,"mbta":true,"lot_sf":4301,"req_lot_sf":8000,"frontage_ft":38.4,"req_frontage_ft":65,"req_front_ft":20,"req_side_ft":10,"req_rear_ft":20,"over_unit_cap":false,"corner":false,"t_area":"short","t_frontage":"short","front_ft":0.1,"side_ft":5.9,"rear_ft":20.0,"t_front":"short","t_side":"short","t_rear":"meets","n_short":4,"measured":true},"geometry":{"type":"Polygon","coordinates":[[[-70.879975,42.543422],[-70.880133,42.543445],[-70.880098,42.543607],[-70.880078,42.543701],[-70.879918,42.543716],[-70.879975,42.543422]]]}},{"type":"Feature","properties":{"addr":"14 MAY ST","units":2,"stories":1.75,"mbta":true,"lot_sf":4952,"req_lot_sf":8000,"frontage_ft":39.8,"req_frontage_ft":65,"req_front_ft":20,"req_side_ft":10,"req_rear_ft":20,"over_unit_cap":false,"corner":false,"t_area":"short","t_frontage":"short","front_ft":4.5,"side_ft":0.0,"rear_ft":40.9,"t_front":"short","t_side":"short","t_rear":"meets","n_short":4,"measured":true},"geometry":{"type":"Polygon","coordinates":[[[-70.879792,42.544572],[-70.879885,42.544531],[-70.880085,42.544372],[-70.880214,42.544449],[-70.879972,42.54466],[-70.879792,42.544572]]]}},{"type":"Feature","properties":{"addr":"39 LYMAN ST","units":2,"stories":2.0,"mbta":false,"lot_sf":6126,"req_lot_sf":8000,"frontage_ft":112.7,"req_frontage_ft":65,"req_front_ft":20,"req_side_ft":10,"req_rear_ft":20,"over_unit_cap":false,"corner":true,"t_area":"short","t_frontage":"meets","front_ft":2.3,"side_ft":7.1,"rear_ft":66.0,"t_front":"short","t_side":"close","t_rear":"meets","n_short":2,"measured":true},"geometry":{"type":"Polygon","coordinates":[[[-70.879681,42.561522],[-70.880077,42.561555],[-70.880064,42.561656],[-70.879649,42.561731],[-70.879681,42.561522]]]}},{"type":"Feature","properties":{"addr":"28R BARTLETT ST","units":4,"stories":2.0,"mbta":true,"lot_sf":15296,"req_lot_sf":8000,"frontage_ft":null,"req_frontage_ft":65,"req_front_ft":20,"req_side_ft":10,"req_rear_ft":20,"over_unit_cap":false,"corner":false,"t_area":"meets","t_frontage":null,"front_ft":null,"side_ft":null,"rear_ft":null,"t_front":null,"t_side":null,"t_rear":null,"n_short":0,"measured":false},"geometry":{"type":"Polygon","coordinates":[[[-70.880316,42.542871],[-70.880125,42.542844],[-70.879933,42.542817],[-70.87969,42.54281],[-70.879678,42.542599],[-70.880436,42.542647],[-70.88038,42.54288],[-70.880316,42.542871]]]}},{"type":"Feature","properties":{"addr":"10-12 FOSSA TERR","units":2,"stories":2.0,"mbta":true,"lot_sf":2712,"req_lot_sf":8000,"frontage_ft":92.5,"req_frontage_ft":65,"req_front_ft":20,"req_side_ft":10,"req_rear_ft":20,"over_unit_cap":false,"corner":false,"t_area":"short","t_frontage":"meets","front_ft":5.3,"side_ft":7.4,"rear_ft":7.0,"t_front":"short","t_side":"close","t_rear":"short","n_short":3,"measured":true},"geometry":{"type":"Polygon","coordinates":[[[-70.88004,42.543189],[-70.879901,42.543169],[-70.879929,42.543052],[-70.879932,42.54305],[-70.879934,42.543049],[-70.879936,42.543048],[-70.879937,42.543047],[-70.879939,42.543045],[-70.879942,42.543044],[-70.879944,42.543043],[-70.879946,42.543042],[-70.879948,42.543041],[-70.87995,42.54304],[-70.879952,42.543038],[-70.879954,42.543037],[-70.879957,42.543036],[-70.879959,42.543035],[-70.879961,42.543034],[-70.879963,42.543034],[-70.879966,42.543033],[-70.879968,42.543032],[-70.87997,42.543031],[-70.879973,42.54303],[-70.879975,42.543029],[-70.879978,42.543029],[-70.87998,42.543028],[-70.879982,42.543027],[-70.879985,42.543027],[-70.879987,42.543026],[-70.87999,42.543025],[-70.879992,42.543025],[-70.879995,42.543024],[-70.879997,42.543024],[-70.88,42.543023],[-70.880003,42.543023],[-70.880005,42.543022],[-70.880008,42.543022],[-70.88001,42.543022],[-70.880013,42.543021],[-70.880015,42.543021],[-70.880018,42.543021],[-70.880021,42.543021],[-70.880023,42.543021],[-70.880026,42.543021],[-70.880028,42.54302],[-70.880031,42.54302],[-70.880034,42.54302],[-70.880036,42.54302],[-70.880039,42.54302],[-70.880042,42.54302],[-70.880044,42.543021],[-70.880047,42.543021],[-70.880049,42.543021],[-70.880052,42.543021],[-70.880055,42.543021],[-70.880057,42.543022],[-70.88006,42.543022],[-70.880062,42.543022],[-70.880118,42.54303],[-70.880071,42.543193],[-70.88004,42.543189]]]}},{"type":"Feature","properties":{"addr":"18 MYRTLE ST","units":1,"stories":1.5,"mbta":false,"lot_sf":2727,"req_lot_sf":8000,"frontage_ft":46.7,"req_frontage_ft":65,"req_front_ft":20,"req_side_ft":10,"req_rear_ft":20,"over_unit_cap":false,"corner":false,"t_area":"short","t_frontage":"short","front_ft":3.3,"side_ft":1.9,"rear_ft":21.4,"t_front":"short","t_side":"short","t_rear":"meets","n_short":4,"measured":true},"geometry":{"type":"Polygon","coordinates":[[[-70.879782,42.55605],[-70.879943,42.55604],[-70.879967,42.556038],[-70.879985,42.556184],[-70.879794,42.556197],[-70.879782,42.55605]]]}},{"type":"Feature","properties":{"addr":"3 OXFORD TERR","units":2,"stories":2.0,"mbta":true,"lot_sf":2983,"req_lot_sf":8000,"frontage_ft":30.5,"req_frontage_ft":65,"req_front_ft":20,"req_side_ft":10,"req_rear_ft":20,"over_unit_cap":false,"corner":false,"t_area":"short","t_frontage":"short","front_ft":6.0,"side_ft":5.4,"rear_ft":6.6,"t_front":"short","t_side":"short","t_rear":"short","n_short":5,"measured":true},"geometry":{"type":"Polygon","coordinates":[[[-70.880032,42.541852],[-70.880064,42.541768],[-70.879872,42.541747],[-70.87991,42.541659],[-70.879912,42.541656],[-70.879912,42.541655],[-70.879916,42.541654],[-70.879917,42.541652],[-70.879919,42.541651],[-70.879921,42.54165],[-70.879923,42.541649],[-70.879925,42.541648],[-70.879927,42.541647],[-70.87993,42.541646],[-70.879932,42.541645],[-70.879934,42.541644],[-70.879937,42.541644],[-70.879939,42.541643],[-70.879942,42.541643],[-70.879944,42.541642],[-70.879947,42.541642],[-70.879949,42.541642],[-70.879952,42.541642],[-70.879954,42.541642],[-70.879957,42.541642],[-70.880068,42.54165],[-70.880071,42.541651],[-70.880073,42.541652],[-70.880075,42.541652],[-70.880077,42.541653],[-70.880079,42.541654],[-70.880081,42.541655],[-70.880083,42.541655],[-70.880085,42.541656],[-70.880087,42.541657],[-70.880089,42.541658],[-70.88009,42.541659],[-70.880092,42.54166],[-70.880094,42.541661],[-70.880095,42.541663],[-70.880097,42.541664],[-70.880098,42.541665],[-70.8801,42.541666],[-70.880101,42.541668],[-70.880102,42.541669],[-70.880103,42.54167],[-70.880105,42.541672],[-70.880106,42.541673],[-70.880107,42.541675],[-70.880108,42.541676],[-70.880109,42.541678],[-70.880109,42.541679],[-70.88011,42.541681],[-70.880111,42.541682],[-70.880111,42.541684],[-70.880112,42.541685],[-70.880112,42.541687],[-70.880113,42.541689],[-70.880113,42.54169],[-70.880113,42.541692],[-70.880113,42.541694],[-70.880113,42.541695],[-70.880115,42.541857],[-70.880032,42.541852]]]}},{"type":"Feature","properties":{"addr":"5 LOVETT ST","units":1,"stories":2.0,"mbta":true,"lot_sf":3975,"req_lot_sf":8000,"frontage_ft":69.7,"req_frontage_ft":65,"req_front_ft":20,"req_side_ft":10,"req_rear_ft":20,"over_unit_cap":false,"corner":false,"t_area":"short","t_frontage":"meets","front_ft":0.2,"side_ft":11.7,"rear_ft":25.1,"t_front":"short","t_side":"meets","t_rear":"meets","n_short":2,"measured":true},"geometry":{"type":"Polygon","coordinates":[[[-70.879865,42.543704],[-70.879918,42.543716],[-70.880078,42.543701],[-70.880105,42.543698],[-70.880152,42.543846],[-70.879879,42.54388],[-70.879865,42.543704]]]}},{"type":"Feature","properties":{"addr":"14 SUMMER ST","units":2,"stories":2.5,"mbta":false,"lot_sf":4227,"req_lot_sf":8000,"frontage_ft":51.7,"req_frontage_ft":65,"req_front_ft":20,"req_side_ft":10,"req_rear_ft":20,"over_unit_cap":false,"corner":false,"t_area":"short","t_frontage":"short","front_ft":2.2,"side_ft":6.2,"rear_ft":21.5,"t_front":"short","t_side":"short","t_rear":"meets","n_short":4,"measured":true},"geometry":{"type":"Polygon","coordinates":[[[-70.879765,42.555352],[-70.879989,42.555352],[-70.879993,42.555546],[-70.879783,42.555555],[-70.879765,42.555352]]]}},{"type":"Feature","properties":{"addr":"42 LYMAN ST","units":2,"stories":2.5,"mbta":false,"lot_sf":6955,"req_lot_sf":8000,"frontage_ft":152.2,"req_frontage_ft":65,"req_front_ft":20,"req_side_ft":10,"req_rear_ft":20,"over_unit_cap":false,"corner":false,"t_area":"short","t_frontage":"meets","front_ft":8.8,"side_ft":22.1,"rear_ft":10.3,"t_front":"short","t_side":"meets","t_rear":"short","n_short":3,"measured":true},"geometry":{"type":"Polygon","coordinates":[[[-70.879615,42.561996],[-70.879636,42.561844],[-70.880003,42.56178],[-70.879987,42.561888],[-70.879967,42.562025],[-70.879615,42.561996]]]}},{"type":"Feature","properties":{"addr":"34 STONE ST","units":3,"stories":2.0,"mbta":true,"lot_sf":4689,"req_lot_sf":8000,"frontage_ft":39.5,"req_frontage_ft":65,"req_front_ft":20,"req_side_ft":10,"req_rear_ft":20,"over_unit_cap":false,"corner":false,"t_area":"short","t_frontage":"short","front_ft":0.0,"side_ft":3.4,"rear_ft":77.1,"t_front":"short","t_side":"short","t_rear":"meets","n_short":4,"measured":true},"geometry":{"type":"Polygon","coordinates":[[[-70.879877,42.542426],[-70.879961,42.542129],[-70.880118,42.542166],[-70.880041,42.542437],[-70.879877,42.542426]]]}},{"type":"Feature","properties":{"addr":"17 MYRTLE ST","units":1,"stories":2.0,"mbta":false,"lot_sf":1879,"req_lot_sf":8000,"frontage_ft":63.6,"req_frontage_ft":65,"req_front_ft":20,"req_side_ft":10,"req_rear_ft":20,"over_unit_cap":false,"corner":false,"t_area":"short","t_frontage":"close","front_ft":0.0,"side_ft":2.5,"rear_ft":7.1,"t_front":"short","t_side":"short","t_rear":"short","n_short":4,"measured":true},"geometry":{"type":"Polygon","coordinates":[[[-70.879723,42.556316],[-70.879976,42.556298],[-70.879989,42.556371],[-70.879797,42.556388],[-70.879736,42.556393],[-70.879723,42.556316]]]}},{"type":"Feature","properties":{"addr":"54 SOHIER RD","units":1,"stories":1.0,"mbta":false,"lot_sf":4876,"req_lot_sf":8000,"frontage_ft":46.8,"req_frontage_ft":65,"req_front_ft":20,"req_side_ft":10,"req_rear_ft":20,"over_unit_cap":false,"corner":false,"t_area":"short","t_frontage":"short","front_ft":3.2,"side_ft":3.2,"rear_ft":38.2,"t_front":"short","t_side":"short","t_rear":"meets","n_short":4,"measured":true},"geometry":{"type":"Polygon","coordinates":[[[-70.879595,42.562138],[-70.879615,42.561996],[-70.879967,42.562025],[-70.879962,42.562055],[-70.87995,42.562163],[-70.879595,42.562138]]]}},{"type":"Feature","properties":{"addr":"8 LOVETT ST","units":2,"stories":2.0,"mbta":true,"lot_sf":3125,"req_lot_sf":8000,"frontage_ft":59.3,"req_frontage_ft":65,"req_front_ft":20,"req_side_ft":10,"req_rear_ft":20,"over_unit_cap":false,"corner":true,"t_area":"short","t_frontage":"short","front_ft":2.7,"side_ft":10.3,"rear_ft":6.1,"t_front":"short","t_side":"meets","t_rear":"short","n_short":4,"measured":true},"geometry":{"type":"Polygon","coordinates":[[[-70.879801,42.543978],[-70.880025,42.543948],[-70.880076,42.544114],[-70.879915,42.544125],[-70.879801,42.543978]]]}},{"type":"Feature","properties":{"addr":"14-16 FOSSA TERR","units":2,"stories":2.0,"mbta":true,"lot_sf":2330,"req_lot_sf":8000,"frontage_ft":54.6,"req_frontage_ft":65,"req_front_ft":20,"req_side_ft":10,"req_rear_ft":20,"over_unit_cap":false,"corner":true,"t_area":"short","t_frontage":"short","front_ft":7.5,"side_ft":7.7,"rear_ft":0.0,"t_front":"short","t_side":"close","t_rear":"short","n_short":4,"measured":true},"geometry":{"type":"Polygon","coordinates":[[[-70.879935,42.543359],[-70.879932,42.543358],[-70.87993,42.543358],[-70.879927,42.543357],[-70.879924,42.543357],[-70.879921,42.543356],[-70.879919,42.543355],[-70.879916,42.543354],[-70.879914,42.543353],[-70.879911,42.543352],[-70.879909,42.543351],[-70.879907,42.54335],[-70.879904,42.543349],[-70.879902,42.543348],[-70.8799,42.543346],[-70.879898,42.543345],[-70.879896,42.543343],[-70.879894,42.543342],[-70.879892,42.54334],[-70.87989,42.543339],[-70.879888,42.543337],[-70.879886,42.543335],[-70.879885,42.543334],[-70.879883,42.543332],[-70.879882,42.54333],[-70.87988,42.543328],[-70.879879,42.543327],[-70.879878,42.543325],[-70.879877,42.543323],[-70.879876,42.543321],[-70.879875,42.543319],[-70.879874,42.543317],[-70.879873,42.543315],[-70.879873,42.543313],[-70.879872,42.543311],[-70.879872,42.543309],[-70.879871,42.543306],[-70.879871,42.543304],[-70.879871,42.543302],[-70.879871,42.5433],[-70.879871,42.543298],[-70.879871,42.543296],[-70.879871,42.543294],[-70.879872,42.543292],[-70.879872,42.54329],[-70.879901,42.543169],[-70.88004,42.543189],[-70.879986,42.543366],[-70.879935,42.543359]]]}},{"type":"Feature","properties":{"addr":"56 SOHIER RD","units":1,"stories":2.0,"mbta":false,"lot_sf":4703,"req_lot_sf":8000,"frontage_ft":43.8,"req_frontage_ft":65,"req_front_ft":20,"req_side_ft":10,"req_rear_ft":20,"over_unit_cap":false,"corner":false,"t_area":"short","t_frontage":"short","front_ft":3.6,"side_ft":0.0,"rear_ft":52.2,"t_front":"short","t_side":"short","t_rear":"meets","n_short":4,"measured":true},"geometry":{"type":"Polygon","coordinates":[[[-70.879577,42.562271],[-70.879595,42.562138],[-70.87995,42.562163],[-70.879934,42.562297],[-70.879577,42.562271]]]}},{"type":"Feature","properties":{"addr":"13 CHESTNUT ST","units":1,"stories":1.75,"mbta":false,"lot_sf":2361,"req_lot_sf":8000,"frontage_ft":44.5,"req_frontage_ft":65,"req_front_ft":20,"req_side_ft":10,"req_rear_ft":20,"over_unit_cap":false,"corner":false,"t_area":"short","t_frontage":"short","front_ft":1.1,"side_ft":4.0,"rear_ft":13.0,"t_front":"short","t_side":"short","t_rear":"short","n_short":5,"measured":true},"geometry":{"type":"Polygon","coordinates":[[[-70.879725,42.554792],[-70.879908,42.554781],[-70.879924,42.554912],[-70.879736,42.55492],[-70.879725,42.554792]]]}},{"type":"Feature","properties":{"addr":"13 SUMMER ST","units":1,"stories":2.0,"mbta":false,"lot_sf":8833,"req_lot_sf":8000,"frontage_ft":56.1,"req_frontage_ft":65,"req_front_ft":20,"req_side_ft":10,"req_rear_ft":20,"over_unit_cap":false,"corner":false,"t_area":"meets","t_frontage":"short","front_ft":13.1,"side_ft":9.9,"rear_ft":91.5,"t_front":"short","t_side":"close","t_rear":"meets","n_short":2,"measured":true},"geometry":{"type":"Polygon","coordinates":[[[-70.879683,42.555669],[-70.879909,42.555659],[-70.879943,42.55604],[-70.879782,42.55605],[-70.879701,42.556055],[-70.879683,42.555669]]]}},{"type":"Feature","properties":{"addr":"58 SOHIER RD","units":1,"stories":1.75,"mbta":false,"lot_sf":4916,"req_lot_sf":8000,"frontage_ft":46.1,"req_frontage_ft":65,"req_front_ft":20,"req_side_ft":10,"req_rear_ft":20,"over_unit_cap":false,"corner":false,"t_area":"short","t_frontage":"short","front_ft":1.3,"side_ft":5.3,"rear_ft":39.4,"t_front":"short","t_side":"short","t_rear":"meets","n_short":4,"measured":true},"geometry":{"type":"Polygon","coordinates":[[[-70.879557,42.56241],[-70.879577,42.562271],[-70.879934,42.562297],[-70.879918,42.562434],[-70.879557,42.56241]]]}},{"type":"Feature","properties":{"addr":"14 CHESTNUT ST","units":3,"stories":3.0,"mbta":false,"lot_sf":3887,"req_lot_sf":12000,"frontage_ft":43.9,"req_frontage_ft":65,"req_front_ft":20,"req_side_ft":10,"req_rear_ft":20,"over_unit_cap":false,"corner":false,"t_area":"short","t_frontage":"short","front_ft":10.1,"side_ft":7.3,"rear_ft":22.5,"t_front":"short","t_side":"close","t_rear":"meets","n_short":3,"measured":true},"geometry":{"type":"Polygon","coordinates":[[[-70.879725,42.554458],[-70.879905,42.554457],[-70.879912,42.554674],[-70.879731,42.554679],[-70.879725,42.554458]]]}},{"type":"Feature","properties":{"addr":"13 LENOX ST","units":3,"stories":2.0,"mbta":false,"lot_sf":6184,"req_lot_sf":12000,"frontage_ft":68.7,"req_frontage_ft":65,"req_front_ft":20,"req_side_ft":10,"req_rear_ft":20,"over_unit_cap":false,"corner":false,"t_area":"short","t_frontage":"meets","front_ft":6.0,"side_ft":6.8,"rear_ft":12.4,"t_front":"short","t_side":"short","t_rear":"short","n_short":4,"measured":true},"geometry":{"type":"Polygon","coordinates":[[[-70.879625,42.556945],[-70.879688,42.556883],[-70.879664,42.556746],[-70.879935,42.556722],[-70.87995,42.556831],[-70.879921,42.556822],[-70.879851,42.556946],[-70.879792,42.557051],[-70.879625,42.556945]]]}},{"type":"Feature","properties":{"addr":"37 STONE ST","units":3,"stories":1.0,"mbta":true,"lot_sf":4693,"req_lot_sf":8000,"frontage_ft":81.7,"req_frontage_ft":65,"req_front_ft":20,"req_side_ft":10,"req_rear_ft":20,"over_unit_cap":false,"corner":true,"t_area":"short","t_frontage":"meets","front_ft":28.9,"side_ft":4.0,"rear_ft":0.0,"t_front":"meets","t_side":"short","t_rear":"short","n_short":3,"measured":true},"geometry":{"type":"Polygon","coordinates":[[[-70.879776,42.541967],[-70.879872,42.541747],[-70.880064,42.541768],[-70.880032,42.541852],[-70.879969,42.542012],[-70.879776,42.541967]]]}},{"type":"Feature","properties":{"addr":"16 MAY ST","units":2,"stories":2.75,"mbta":true,"lot_sf":4078,"req_lot_sf":8000,"frontage_ft":75.7,"req_frontage_ft":65,"req_front_ft":20,"req_side_ft":10,"req_rear_ft":20,"over_unit_cap":false,"corner":true,"t_area":"short","t_frontage":"meets","front_ft":5.4,"side_ft":0.0,"rear_ft":34.6,"t_front":"short","t_side":"short","t_rear":"meets","n_short":3,"measured":true},"geometry":{"type":"Polygon","coordinates":[[[-70.87974,42.544416],[-70.880002,42.544324],[-70.880085,42.544372],[-70.879885,42.544531],[-70.879792,42.544572],[-70.87974,42.544416]]]}},{"type":"Feature","properties":{"addr":"60 SOHIER RD","units":1,"stories":1.75,"mbta":false,"lot_sf":8688,"req_lot_sf":8000,"frontage_ft":90.4,"req_frontage_ft":65,"req_front_ft":20,"req_side_ft":10,"req_rear_ft":20,"over_unit_cap":false,"corner":false,"t_area":"meets","t_frontage":"meets","front_ft":3.7,"side_ft":18.9,"rear_ft":43.2,"t_front":"short","t_side":"meets","t_rear":"meets","n_short":1,"measured":true},"geometry":{"type":"Polygon","coordinates":[[[-70.879521,42.56267],[-70.879557,42.56241],[-70.879918,42.562434],[-70.879901,42.562571],[-70.879841,42.562566],[-70.879824,42.562695],[-70.879521,42.56267]]]}},{"type":"Feature","properties":{"addr":"11 FOSSA TERR","units":2,"stories":2.0,"mbta":true,"lot_sf":5358,"req_lot_sf":8000,"frontage_ft":48.6,"req_frontage_ft":65,"req_front_ft":20,"req_side_ft":10,"req_rear_ft":20,"over_unit_cap":false,"corner":false,"t_area":"short","t_frontage":"short","front_ft":8.5,"side_ft":8.2,"rear_ft":9.9,"t_front":"short","t_side":"close","t_rear":"short","n_short":4,"measured":true},"geometry":{"type":"Polygon","coordinates":[[[-70.879888,42.542944],[-70.879642,42.54291],[-70.87969,42.54281],[-70.879933,42.542817],[-70.880125,42.542844],[-70.880083,42.542972],[-70.879888,42.542944]]]}},{"type":"Feature","properties":{"addr":"31 ELLIOTT ST","units":14,"stories":1.0,"mbta":false,"lot_sf":14358,"req_lot_sf":56000,"frontage_ft":94.2,"req_frontage_ft":65,"req_front_ft":20,"req_side_ft":10,"req_rear_ft":20,"over_unit_cap":false,"corner":false,"t_area":"short","t_frontage":"meets","front_ft":7.6,"side_ft":8.1,"rear_ft":19.4,"t_front":"short","t_side":"close","t_rear":"close","n_short":2,"measured":true},"geometry":{"type":"Polygon","coordinates":[[[-70.879701,42.553982],[-70.879704,42.553983],[-70.880037,42.554093],[-70.879906,42.554316],[-70.879926,42.554456],[-70.879905,42.554457],[-70.879725,42.554458],[-70.879547,42.554459],[-70.879701,42.553982]]]}},{"type":"Feature","properties":{"addr":"64 SOHIER RD","units":2,"stories":1.0,"mbta":false,"lot_sf":9090,"req_lot_sf":8000,"frontage_ft":102.6,"req_frontage_ft":65,"req_front_ft":20,"req_side_ft":10,"req_rear_ft":20,"over_unit_cap":false,"corner":true,"t_area":"meets","t_frontage":"meets","front_ft":34.5,"side_ft":11.8,"rear_ft":11.1,"t_front":"meets","t_side":"meets","t_rear":"short","n_short":1,"measured":true},"geometry":{"type":"Polygon","coordinates":[[[-70.8795,42.562817],[-70.879521,42.56267],[-70.879824,42.562695],[-70.879954,42.562807],[-70.879661,42.563008],[-70.8795,42.562817]]]}},{"type":"Feature","properties":{"addr":"10 LOTHROP ST","units":3,"stories":2.0,"mbta":false,"lot_sf":9407,"req_lot_sf":12000,"frontage_ft":97.3,"req_frontage_ft":65,"req_front_ft":20,"req_side_ft":10,"req_rear_ft":20,"over_unit_cap":false,"corner":true,"t_area":"short","t_frontage":"meets","front_ft":13.4,"side_ft":18.0,"rear_ft":28.4,"t_front":"short","t_side":"meets","t_rear":"meets","n_short":2,"measured":true},"geometry":{"type":"Polygon","coordinates":[[[-70.879967,42.541162],[-70.879641,42.541062],[-70.879922,42.540882],[-70.880105,42.540958],[-70.880196,42.540996],[-70.880106,42.541205],[-70.879967,42.541162]]]}},{"type":"Feature","properties":{"addr":"14 LENOX ST","units":2,"stories":2.5,"mbta":false,"lot_sf":4226,"req_lot_sf":8000,"frontage_ft":46.5,"req_frontage_ft":65,"req_front_ft":20,"req_side_ft":10,"req_rear_ft":20,"over_unit_cap":false,"corner":false,"t_area":"short","t_frontage":"short","front_ft":4.8,"side_ft":7.1,"rear_ft":24.8,"t_front":"short","t_side":"close","t_rear":"meets","n_short":3,"measured":true},"geometry":{"type":"Polygon","coordinates":[[[-70.879614,42.556404],[-70.879736,42.556393],[-70.879797,42.556388],[-70.879836,42.556616],[-70.879646,42.556633],[-70.879614,42.556404]]]}},{"type":"Feature","properties":{"addr":"38 STONE ST","units":1,"stories":2.0,"mbta":true,"lot_sf":4974,"req_lot_sf":8000,"frontage_ft":37.8,"req_frontage_ft":65,"req_front_ft":20,"req_side_ft":10,"req_rear_ft":20,"over_unit_cap":false,"corner":false,"t_area":"short","t_frontage":"short","front_ft":3.1,"side_ft":0.0,"rear_ft":66.1,"t_front":"short","t_side":"short","t_rear":"meets","n_short":4,"measured":true},"geometry":{"type":"Polygon","coordinates":[[[-70.879715,42.542415],[-70.879728,42.542369],[-70.87981,42.542093],[-70.879961,42.542129],[-70.879877,42.542426],[-70.879715,42.542415]]]}},{"type":"Feature","properties":{"addr":"6 WENTZELL AVE","units":3,"stories":1.75,"mbta":true,"lot_sf":5701,"req_lot_sf":8000,"frontage_ft":77.3,"req_frontage_ft":65,"req_front_ft":20,"req_side_ft":10,"req_rear_ft":20,"over_unit_cap":false,"corner":true,"t_area":"short","t_frontage":"meets","front_ft":32.3,"side_ft":0.0,"rear_ft":3.0,"t_front":"meets","t_side":"short","t_rear":"short","n_short":3,"measured":true},"geometry":{"type":"Polygon","coordinates":[[[-70.879865,42.543704],[-70.879881,42.54358],[-70.879652,42.543556],[-70.879685,42.543381],[-70.879975,42.543422],[-70.879918,42.543716],[-70.879865,42.543704]]]}},{"type":"Feature","properties":{"addr":"16 MYRTLE ST","units":1,"stories":1.5,"mbta":false,"lot_sf":2622,"req_lot_sf":8000,"frontage_ft":43.6,"req_frontage_ft":65,"req_front_ft":20,"req_side_ft":10,"req_rear_ft":20,"over_unit_cap":false,"corner":false,"t_area":"short","t_frontage":"short","front_ft":5.3,"side_ft":0.0,"rear_ft":9.0,"t_front":"short","t_side":"short","t_rear":"short","n_short":5,"measured":true},"geometry":{"type":"Polygon","coordinates":[[[-70.879601,42.556062],[-70.879701,42.556055],[-70.879782,42.55605],[-70.879794,42.556197],[-70.879615,42.55621],[-70.879601,42.556062]]]}},{"type":"Feature","properties":{"addr":"12 SUMMER ST","units":1,"stories":1.75,"mbta":false,"lot_sf":9105,"req_lot_sf":8000,"frontage_ft":55.4,"req_frontage_ft":65,"req_front_ft":20,"req_side_ft":10,"req_rear_ft":20,"over_unit_cap":false,"corner":false,"t_area":"meets","t_frontage":"short","front_ft":3.4,"side_ft":7.9,"rear_ft":35.4,"t_front":"short","t_side":"close","t_rear":"meets","n_short":2,"measured":true},"geometry":{"type":"Polygon","coordinates":[[[-70.879533,42.555145],[-70.87976,42.55514],[-70.879765,42.555352],[-70.879783,42.555555],[-70.879559,42.555564],[-70.879533,42.555145]]]}},{"type":"Feature","properties":{"addr":"9 LOVETT ST","units":2,"stories":2.75,"mbta":true,"lot_sf":7065,"req_lot_sf":8000,"frontage_ft":128.0,"req_frontage_ft":65,"req_front_ft":20,"req_side_ft":10,"req_rear_ft":20,"over_unit_cap":false,"corner":true,"t_area":"short","t_frontage":"meets","front_ft":3.1,"side_ft":0.7,"rear_ft":18.8,"t_front":"short","t_side":"short","t_rear":"close","n_short":3,"measured":true},"geometry":{"type":"Polygon","coordinates":[[[-70.879622,42.543719],[-70.879652,42.543556],[-70.879881,42.54358],[-70.879865,42.543704],[-70.879879,42.54388],[-70.879707,42.543902],[-70.879622,42.543719]]]}},{"type":"Feature","properties":{"addr":"18 MAY ST","units":1,"stories":1.75,"mbta":true,"lot_sf":3495,"req_lot_sf":8000,"frontage_ft":86.3,"req_frontage_ft":65,"req_front_ft":20,"req_side_ft":10,"req_rear_ft":20,"over_unit_cap":false,"corner":true,"t_area":"short","t_frontage":"meets","front_ft":2.4,"side_ft":0.0,"rear_ft":45.5,"t_front":"short","t_side":"short","t_rear":"meets","n_short":3,"measured":true},"geometry":{"type":"Polygon","coordinates":[[[-70.879549,42.544291],[-70.879852,42.544195],[-70.87987,42.544218],[-70.879888,42.54424],[-70.879926,42.544284],[-70.879628,42.544388],[-70.879549,42.544291]]]}},{"type":"Feature","properties":{"addr":"12 CHESTNUT ST","units":1,"stories":2.0,"mbta":false,"lot_sf":4475,"req_lot_sf":8000,"frontage_ft":50.3,"req_frontage_ft":65,"req_front_ft":20,"req_side_ft":10,"req_rear_ft":20,"over_unit_cap":false,"corner":false,"t_area":"short","t_frontage":"short","front_ft":4.1,"side_ft":8.3,"rear_ft":39.7,"t_front":"short","t_side":"close","t_rear":"meets","n_short":3,"measured":true},"geometry":{"type":"Polygon","coordinates":[[[-70.879521,42.55446],[-70.879547,42.554459],[-70.879725,42.554458],[-70.879731,42.554679],[-70.879527,42.554685],[-70.879521,42.55446]]]}},{"type":"Feature","properties":{"addr":"SOHIER RD","units":1,"stories":null,"mbta":false,"lot_sf":3065,"req_lot_sf":8000,"frontage_ft":191.6,"req_frontage_ft":65,"req_front_ft":20,"req_side_ft":10,"req_rear_ft":20,"over_unit_cap":false,"corner":false,"t_area":"short","t_frontage":"meets","front_ft":null,"side_ft":null,"rear_ft":null,"t_front":null,"t_side":null,"t_rear":null,"n_short":1,"measured":false},"geometry":{"type":"Polygon","coordinates":[[[-70.8795,42.562817],[-70.879661,42.563008],[-70.879454,42.563149],[-70.8795,42.562817]]]}},{"type":"Feature","properties":{"addr":"17 FOSSA TERR","units":1,"stories":2.5,"mbta":true,"lot_sf":1529,"req_lot_sf":8000,"frontage_ft":42.0,"req_frontage_ft":65,"req_front_ft":20,"req_side_ft":10,"req_rear_ft":20,"over_unit_cap":false,"corner":true,"t_area":"short","t_frontage":"short","front_ft":0.0,"side_ft":4.3,"rear_ft":8.4,"t_front":"short","t_side":"short","t_rear":"short","n_short":5,"measured":true},"geometry":{"type":"Polygon","coordinates":[[[-70.879653,42.543315],[-70.879681,42.543203],[-70.879812,42.54322],[-70.879779,42.54334],[-70.879653,42.543315]]]}},{"type":"Feature","properties":{"addr":"15 MYRTLE ST","units":1,"stories":2.0,"mbta":false,"lot_sf":2248,"req_lot_sf":8000,"frontage_ft":71.9,"req_frontage_ft":65,"req_front_ft":20,"req_side_ft":10,"req_rear_ft":20,"over_unit_cap":false,"corner":false,"t_area":"short","t_frontage":"meets","front_ft":0.6,"side_ft":9.2,"rear_ft":6.4,"t_front":"short","t_side":"close","t_rear":"short","n_short":3,"measured":true},"geometry":{"type":"Polygon","coordinates":[[[-70.879439,42.556337],[-70.879723,42.556316],[-70.879736,42.556393],[-70.879614,42.556404],[-70.879449,42.556419],[-70.879439,42.556337]]]}},{"type":"Feature","properties":{"addr":"11 CHESTNUT ST","units":1,"stories":1.75,"mbta":false,"lot_sf":3374,"req_lot_sf":8000,"frontage_ft":68.6,"req_frontage_ft":65,"req_front_ft":20,"req_side_ft":10,"req_rear_ft":20,"over_unit_cap":false,"corner":false,"t_area":"short","t_frontage":"meets","front_ft":0.6,"side_ft":14.7,"rear_ft":12.2,"t_front":"short","t_side":"meets","t_rear":"short","n_short":3,"measured":true},"geometry":{"type":"Polygon","coordinates":[[[-70.879452,42.554802],[-70.879725,42.554792],[-70.879736,42.55492],[-70.879462,42.554925],[-70.879452,42.554802]]]}},{"type":"Feature","properties":{"addr":"15 FOSSA TERR","units":4,"stories":2.0,"mbta":true,"lot_sf":8259,"req_lot_sf":8000,"frontage_ft":97.8,"req_frontage_ft":65,"req_front_ft":20,"req_side_ft":10,"req_rear_ft":20,"over_unit_cap":false,"corner":true,"t_area":"meets","t_frontage":"meets","front_ft":3.1,"side_ft":11.8,"rear_ft":27.4,"t_front":"short","t_side":"meets","t_rear":"meets","n_short":1,"measured":true},"geometry":{"type":"Polygon","coordinates":[[[-70.879613,42.543308],[-70.879644,42.543211],[-70.879508,42.54319],[-70.879642,42.54291],[-70.879888,42.542944],[-70.879812,42.54322],[-70.879681,42.543203],[-70.879653,42.543315],[-70.879613,42.543308]]]}},{"type":"Feature","properties":{"addr":"11 SUMMER ST","units":5,"stories":3.0,"mbta":false,"lot_sf":8490,"req_lot_sf":20000,"frontage_ft":56.4,"req_frontage_ft":65,"req_front_ft":20,"req_side_ft":10,"req_rear_ft":20,"over_unit_cap":false,"corner":false,"t_area":"short","t_frontage":"short","front_ft":8.5,"side_ft":8.3,"rear_ft":84.1,"t_front":"short","t_side":"close","t_rear":"meets","n_short":3,"measured":true},"geometry":{"type":"Polygon","coordinates":[[[-70.879456,42.555679],[-70.879683,42.555669],[-70.879701,42.556055],[-70.879601,42.556062],[-70.879485,42.556069],[-70.879456,42.555679]]]}},{"type":"Feature","properties":{"addr":"11 LENOX ST","units":3,"stories":3.0,"mbta":false,"lot_sf":5173,"req_lot_sf":12000,"frontage_ft":58.5,"req_frontage_ft":65,"req_front_ft":20,"req_side_ft":10,"req_rear_ft":20,"over_unit_cap":false,"corner":false,"t_area":"short","t_frontage":"short","front_ft":11.3,"side_ft":5.6,"rear_ft":4.8,"t_front":"short","t_side":"short","t_rear":"short","n_short":5,"measured":true},"geometry":{"type":"Polygon","coordinates":[[[-70.879459,42.55699],[-70.87943,42.556766],[-70.879664,42.556746],[-70.879688,42.556883],[-70.879625,42.556945],[-70.879532,42.557036],[-70.879459,42.55699]]]}},{"type":"Feature","properties":{"addr":"12 LENOX ST","units":1,"stories":2.0,"mbta":false,"lot_sf":3734,"req_lot_sf":8000,"frontage_ft":39.1,"req_frontage_ft":65,"req_front_ft":20,"req_side_ft":10,"req_rear_ft":20,"over_unit_cap":false,"corner":false,"t_area":"short","t_frontage":"short","front_ft":2.4,"side_ft":6.7,"rear_ft":43.8,"t_front":"short","t_side":"short","t_rear":"meets","n_short":4,"measured":true},"geometry":{"type":"Polygon","coordinates":[[[-70.879449,42.556419],[-70.879614,42.556404],[-70.879646,42.556633],[-70.879484,42.556648],[-70.879449,42.556419]]]}},{"type":"Feature","properties":{"addr":"13 CENTRAL CT","units":1,"stories":1.75,"mbta":true,"lot_sf":4206,"req_lot_sf":8000,"frontage_ft":66.7,"req_frontage_ft":65,"req_front_ft":20,"req_side_ft":10,"req_rear_ft":20,"over_unit_cap":false,"corner":false,"t_area":"short","t_frontage":"meets","front_ft":0.0,"side_ft":5.2,"rear_ft":15.5,"t_front":"short","t_side":"short","t_rear":"short","n_short":4,"measured":true},"geometry":{"type":"Polygon","coordinates":[[[-70.87965,42.544615],[-70.87956,42.544637],[-70.8795,42.5445],[-70.87974,42.544416],[-70.879792,42.544572],[-70.879673,42.544661],[-70.87965,42.544615]]]}},{"type":"Feature","properties":{"addr":"12 LOTHROP ST","units":7,"stories":2.0,"mbta":false,"lot_sf":28547,"req_lot_sf":28000,"frontage_ft":177.8,"req_frontage_ft":65,"req_front_ft":20,"req_side_ft":10,"req_rear_ft":20,"over_unit_cap":false,"corner":true,"t_area":"meets","t_frontage":"meets","front_ft":6.7,"side_ft":11.9,"rear_ft":6.2,"t_front":"short","t_side":"meets","t_rear":"short","n_short":2,"measured":true},"geometry":{"type":"Polygon","coordinates":[[[-70.87917,42.541402],[-70.879127,42.54139],[-70.879641,42.541062],[-70.879967,42.541162],[-70.880106,42.541205],[-70.880086,42.541253],[-70.880007,42.541437],[-70.880004,42.541444],[-70.879956,42.541431],[-70.879879,42.541606],[-70.87917,42.541402]]]}},{"type":"Feature","properties":{"addr":"41 STONE ST","units":2,"stories":2.75,"mbta":false,"lot_sf":3452,"req_lot_sf":8000,"frontage_ft":63.8,"req_frontage_ft":65,"req_front_ft":20,"req_side_ft":10,"req_rear_ft":20,"over_unit_cap":false,"corner":true,"t_area":"short","t_frontage":"close","front_ft":0.0,"side_ft":9.0,"rear_ft":25.8,"t_front":"short","t_side":"close","t_rear":"meets","n_short":2,"measured":true},"geometry":{"type":"Polygon","coordinates":[[[-70.879539,42.541908],[-70.879616,42.54174],[-70.879802,42.541781],[-70.879727,42.541954],[-70.879539,42.541908]]]}},{"type":"Feature","properties":{"addr":"7 CENTRAL ST","units":6,"stories":3.0,"mbta":true,"lot_sf":17926,"req_lot_sf":8000,"frontage_ft":92.9,"req_frontage_ft":65,"req_front_ft":20,"req_side_ft":10,"req_rear_ft":20,"over_unit_cap":false,"corner":false,"t_area":"meets","t_frontage":"meets","front_ft":2.3,"side_ft":14.0,"rear_ft":33.8,"t_front":"short","t_side":"meets","t_rear":"meets","n_short":1,"measured":true},"geometry":{"type":"Polygon","coordinates":[[[-70.879384,42.545333],[-70.879545,42.545161],[-70.87936,42.545055],[-70.879483,42.544961],[-70.879504,42.544974],[-70.879618,42.544844],[-70.879887,42.545181],[-70.879813,42.54526],[-70.879766,42.545308],[-70.879836,42.545351],[-70.879671,42.545497],[-70.879384,42.545333]]]}},{"type":"Feature","properties":{"addr":"14 MYRTLE ST","units":2,"stories":2.0,"mbta":false,"lot_sf":2522,"req_lot_sf":8000,"frontage_ft":41.6,"req_frontage_ft":65,"req_front_ft":20,"req_side_ft":10,"req_rear_ft":20,"over_unit_cap":false,"corner":false,"t_area":"short","t_frontage":"short","front_ft":2.8,"side_ft":6.2,"rear_ft":2.3,"t_front":"short","t_side":"short","t_rear":"short","n_short":5,"measured":true},"geometry":{"type":"Polygon","coordinates":[[[-70.879431,42.556073],[-70.879485,42.556069],[-70.879601,42.556062],[-70.879615,42.55621],[-70.879443,42.556223],[-70.879431,42.556073]]]}},{"type":"Feature","properties":{"addr":"12 LOVETT ST","units":5,"stories":3.0,"mbta":true,"lot_sf":9101,"req_lot_sf":8000,"frontage_ft":101.2,"req_frontage_ft":65,"req_front_ft":20,"req_side_ft":10,"req_rear_ft":20,"over_unit_cap":false,"corner":true,"t_area":"meets","t_frontage":"meets","front_ft":4.2,"side_ft":0.0,"rear_ft":38.3,"t_front":"short","t_side":"short","t_rear":"meets","n_short":2,"measured":true},"geometry":{"type":"Polygon","coordinates":[[[-70.879343,42.544041],[-70.879345,42.544041],[-70.879347,42.54404],[-70.879721,42.54399],[-70.879734,42.544015],[-70.879748,42.544039],[-70.879762,42.544063],[-70.879777,42.544087],[-70.879792,42.544111],[-70.879808,42.544134],[-70.879825,42.544158],[-70.879852,42.544195],[-70.879549,42.544291],[-70.879527,42.544299],[-70.879343,42.544041]]]}},{"type":"Feature","properties":{"addr":"12 SMITH ST","units":1,"stories":1.75,"mbta":true,"lot_sf":1382,"req_lot_sf":8000,"frontage_ft":36.2,"req_frontage_ft":65,"req_front_ft":20,"req_side_ft":10,"req_rear_ft":20,"over_unit_cap":false,"corner":false,"t_area":"short","t_frontage":"short","front_ft":5.1,"side_ft":0.0,"rear_ft":1.7,"t_front":"short","t_side":"short","t_rear":"short","n_short":5,"measured":true},"geometry":{"type":"Polygon","coordinates":[[[-70.879466,42.543279],[-70.879508,42.54319],[-70.879644,42.543211],[-70.879613,42.543308],[-70.879466,42.543279]]]}},{"type":"Feature","properties":{"addr":"10 CHESTNUT ST","units":1,"stories":2.0,"mbta":false,"lot_sf":3427,"req_lot_sf":8000,"frontage_ft":36.4,"req_frontage_ft":65,"req_front_ft":20,"req_side_ft":10,"req_rear_ft":20,"over_unit_cap":false,"corner":false,"t_area":"short","t_frontage":"short","front_ft":4.6,"side_ft":2.8,"rear_ft":42.2,"t_front":"short","t_side":"short","t_rear":"meets","n_short":4,"measured":true},"geometry":{"type":"Polygon","coordinates":[[[-70.879367,42.554461],[-70.879521,42.55446],[-70.879527,42.554685],[-70.879373,42.554689],[-70.879367,42.554461]]]}},{"type":"Feature","properties":{"addr":"5 SOHIER RD","units":1,"stories":null,"mbta":false,"lot_sf":36052,"req_lot_sf":8000,"frontage_ft":315.8,"req_frontage_ft":65,"req_front_ft":20,"req_side_ft":10,"req_rear_ft":20,"over_unit_cap":false,"corner":true,"t_area":"meets","t_frontage":"meets","front_ft":null,"side_ft":null,"rear_ft":null,"t_front":null,"t_side":null,"t_rear":null,"n_short":0,"measured":false},"geometry":{"type":"Polygon","coordinates":[[[-70.878925,42.558981],[-70.879419,42.558738],[-70.87975,42.558539],[-70.879876,42.558464],[-70.879767,42.559201],[-70.879763,42.55923],[-70.879759,42.559256],[-70.879748,42.559331],[-70.878925,42.558981]]]}},{"type":"Feature","properties":{"addr":"10 SUMMER ST","units":3,"stories":2.75,"mbta":false,"lot_sf":9221,"req_lot_sf":12000,"frontage_ft":55.2,"req_frontage_ft":65,"req_front_ft":20,"req_side_ft":10,"req_rear_ft":20,"over_unit_cap":false,"corner":false,"t_area":"short","t_frontage":"short","front_ft":4.2,"side_ft":14.6,"rear_ft":97.4,"t_front":"short","t_side":"meets","t_rear":"meets","n_short":3,"measured":true},"geometry":{"type":"Polygon","coordinates":[[[-70.879309,42.555152],[-70.879533,42.555145],[-70.879559,42.555564],[-70.879337,42.555573],[-70.879309,42.555152]]]}},{"type":"Feature","properties":{"addr":"40 STONE ST","units":12,"stories":2.0,"mbta":true,"lot_sf":19000,"req_lot_sf":8000,"frontage_ft":79.9,"req_frontage_ft":65,"req_front_ft":20,"req_side_ft":10,"req_rear_ft":20,"over_unit_cap":true,"corner":false,"t_area":"meets","t_frontage":"meets","front_ft":95.9,"side_ft":7.0,"rear_ft":12.4,"t_front":"meets","t_side":"short","t_rear":"short","n_short":2,"measured":true},"geometry":{"type":"Polygon","coordinates":[[[-70.879285,42.542564],[-70.87951,42.542023],[-70.879515,42.542024],[-70.879731,42.542075],[-70.87981,42.542093],[-70.879728,42.542369],[-70.879715,42.542415],[-70.879678,42.542599],[-70.879437,42.542605],[-70.879285,42.542564]]]}},{"type":"Feature","properties":{"addr":"16 CENTRAL CT","units":1,"stories":2.5,"mbta":true,"lot_sf":1851,"req_lot_sf":8000,"frontage_ft":40.3,"req_frontage_ft":65,"req_front_ft":20,"req_side_ft":10,"req_rear_ft":20,"over_unit_cap":false,"corner":false,"t_area":"short","t_frontage":"short","front_ft":0.0,"side_ft":0.8,"rear_ft":6.2,"t_front":"short","t_side":"short","t_rear":"short","n_short":5,"measured":true},"geometry":{"type":"Polygon","coordinates":[[[-70.879398,42.544345],[-70.879527,42.544299],[-70.879549,42.544291],[-70.879628,42.544388],[-70.879477,42.544441],[-70.879398,42.544345]]]}},{"type":"Feature","properties":{"addr":"348R CABOT ST","units":18,"stories":2.0,"mbta":false,"lot_sf":30495,"req_lot_sf":72000,"frontage_ft":26.3,"req_frontage_ft":65,"req_front_ft":20,"req_side_ft":10,"req_rear_ft":20,"over_unit_cap":false,"corner":false,"t_area":"short","t_frontage":"short","front_ft":258.2,"side_ft":7.5,"rear_ft":7.4,"t_front":"meets","t_side":"close","t_rear":"short","n_short":3,"measured":true},"geometry":{"type":"Polygon","coordinates":[[[-70.878904,42.555011],[-70.878457,42.55503],[-70.878468,42.554944],[-70.878717,42.554939],[-70.878901,42.554935],[-70.87917,42.554929],[-70.879462,42.554925],[-70.879736,42.55492],[-70.879924,42.554912],[-70.880104,42.554908],[-70.880184,42.554906],[-70.880054,42.55513],[-70.87976,42.55514],[-70.879533,42.555145],[-70.879309,42.555152],[-70.879079,42.555159],[-70.878863,42.555165],[-70.878904,42.555011]]]}},{"type":"Feature","properties":{"addr":"11 CENTRAL CT","units":7,"stories":2.0,"mbta":true,"lot_sf":18639,"req_lot_sf":8000,"frontage_ft":134.2,"req_frontage_ft":65,"req_front_ft":20,"req_side_ft":10,"req_rear_ft":20,"over_unit_cap":false,"corner":false,"t_area":"meets","t_frontage":"meets","front_ft":17.1,"side_ft":10.6,"rear_ft":7.7,"t_front":"close","t_side":"meets","t_rear":"short","n_short":1,"measured":true},"geometry":{"type":"Polygon","coordinates":[[[-70.879483,42.544961],[-70.879205,42.544793],[-70.879095,42.544726],[-70.879276,42.544579],[-70.8795,42.5445],[-70.87956,42.544637],[-70.87965,42.544615],[-70.879673,42.544661],[-70.879792,42.544572],[-70.879972,42.54466],[-70.879822,42.544791],[-70.879753,42.544736],[-70.879609,42.544832],[-70.879618,42.544844],[-70.879504,42.544974],[-70.879483,42.544961]]]}},{"type":"Feature","properties":{"addr":"8 SMITH ST","units":1,"stories":1.0,"mbta":true,"lot_sf":2115,"req_lot_sf":8000,"frontage_ft":81.8,"req_frontage_ft":65,"req_front_ft":20,"req_side_ft":10,"req_rear_ft":20,"over_unit_cap":false,"corner":false,"t_area":"short","t_frontage":"meets","front_ft":0.0,"side_ft":9.7,"rear_ft":5.7,"t_front":"short","t_side":"close","t_rear":"short","n_short":3,"measured":true},"geometry":{"type":"Polygon","coordinates":[[[-70.879384,42.543448],[-70.879438,42.543334],[-70.879593,42.543359],[-70.87958,42.543479],[-70.879384,42.543448]]]}},{"type":"Feature","properties":{"addr":"6 SMITH ST","units":1,"stories":1.0,"mbta":true,"lot_sf":2962,"req_lot_sf":8000,"frontage_ft":92.4,"req_frontage_ft":65,"req_front_ft":20,"req_side_ft":10,"req_rear_ft":20,"over_unit_cap":false,"corner":false,"t_area":"short","t_frontage":"meets","front_ft":0.0,"side_ft":8.2,"rear_ft":12.8,"t_front":"short","t_side":"close","t_rear":"short","n_short":3,"measured":true},"geometry":{"type":"Polygon","coordinates":[[[-70.879406,42.543514],[-70.879363,42.543445],[-70.879384,42.543448],[-70.87958,42.543479],[-70.879552,42.543753],[-70.879406,42.543514]]]}},{"type":"Feature","properties":{"addr":"10 LENOX ST","units":1,"stories":2.0,"mbta":false,"lot_sf":4532,"req_lot_sf":8000,"frontage_ft":48.1,"req_frontage_ft":65,"req_front_ft":20,"req_side_ft":10,"req_rear_ft":20,"over_unit_cap":false,"corner":false,"t_area":"short","t_frontage":"short","front_ft":8.5,"side_ft":11.1,"rear_ft":43.6,"t_front":"short","t_side":"meets","t_rear":"meets","n_short":3,"measured":true},"geometry":{"type":"Polygon","coordinates":[[[-70.879247,42.556437],[-70.879449,42.556419],[-70.879484,42.556648],[-70.879289,42.556666],[-70.879247,42.556437]]]}},{"type":"Feature","properties":{"addr":"9 SUMMER ST","units":3,"stories":1.0,"mbta":false,"lot_sf":8681,"req_lot_sf":12000,"frontage_ft":56.4,"req_frontage_ft":65,"req_front_ft":20,"req_side_ft":10,"req_rear_ft":20,"over_unit_cap":false,"corner":false,"t_area":"short","t_frontage":"short","front_ft":4.3,"side_ft":4.9,"rear_ft":68.7,"t_front":"short","t_side":"short","t_rear":"meets","n_short":4,"measured":true},"geometry":{"type":"Polygon","coordinates":[[[-70.879228,42.555689],[-70.879456,42.555679],[-70.879485,42.556069],[-70.879431,42.556073],[-70.879263,42.556083],[-70.879228,42.555689]]]}},{"type":"Feature","properties":{"addr":"43 STONE ST","units":1,"stories":2.5,"mbta":false,"lot_sf":3201,"req_lot_sf":8000,"frontage_ft":45.5,"req_frontage_ft":65,"req_front_ft":20,"req_side_ft":10,"req_rear_ft":20,"over_unit_cap":false,"corner":false,"t_area":"short","t_frontage":"short","front_ft":4.7,"side_ft":0.0,"rear_ft":11.2,"t_front":"short","t_side":"short","t_rear":"short","n_short":5,"measured":true},"geometry":{"type":"Polygon","coordinates":[[[-70.879362,42.541864],[-70.879437,42.541701],[-70.879616,42.54174],[-70.879539,42.541908],[-70.879362,42.541864]]]}},{"type":"Feature","properties":{"addr":"7 LENOX ST","units":2,"stories":2.5,"mbta":false,"lot_sf":3626,"req_lot_sf":8000,"frontage_ft":52.0,"req_frontage_ft":65,"req_front_ft":20,"req_side_ft":10,"req_rear_ft":20,"over_unit_cap":false,"corner":false,"t_area":"short","t_frontage":"short","front_ft":4.7,"side_ft":0.9,"rear_ft":3.7,"t_front":"short","t_side":"short","t_rear":"short","n_short":5,"measured":true},"geometry":{"type":"Polygon","coordinates":[[[-70.879351,42.556922],[-70.879315,42.556949],[-70.879244,42.556949],[-70.87922,42.556785],[-70.87943,42.556766],[-70.879459,42.55699],[-70.879351,42.556922]]]}},{"type":"Feature","properties":{"addr":"11 MYRTLE ST","units":1,"stories":1.75,"mbta":false,"lot_sf":1700,"req_lot_sf":8000,"frontage_ft":51.2,"req_frontage_ft":65,"req_front_ft":20,"req_side_ft":10,"req_rear_ft":20,"over_unit_cap":false,"corner":false,"t_area":"short","t_frontage":"short","front_ft":0.0,"side_ft":0.1,"rear_ft":4.8,"t_front":"short","t_side":"short","t_rear":"short","n_short":5,"measured":true},"geometry":{"type":"Polygon","coordinates":[[[-70.879232,42.556351],[-70.879439,42.556337],[-70.879449,42.556419],[-70.879247,42.556437],[-70.879232,42.556351]]]}},{"type":"Feature","properties":{"addr":"12 MYRTLE ST","units":1,"stories":1.75,"mbta":false,"lot_sf":2915,"req_lot_sf":8000,"frontage_ft":48.7,"req_frontage_ft":65,"req_front_ft":20,"req_side_ft":10,"req_rear_ft":20,"over_unit_cap":false,"corner":false,"t_area":"short","t_frontage":"short","front_ft":2.0,"side_ft":5.5,"rear_ft":18.8,"t_front":"short","t_side":"short","t_rear":"close","n_short":4,"measured":true},"geometry":{"type":"Polygon","coordinates":[[[-70.879237,42.556085],[-70.879263,42.556083],[-70.879431,42.556073],[-70.879443,42.556223],[-70.879245,42.556235],[-70.879237,42.556085]]]}},{"type":"Feature","properties":{"addr":"9 CHESTNUT ST","units":1,"stories":2.0,"mbta":false,"lot_sf":3451,"req_lot_sf":8000,"frontage_ft":73.6,"req_frontage_ft":65,"req_front_ft":20,"req_side_ft":10,"req_rear_ft":20,"over_unit_cap":false,"corner":false,"t_area":"short","t_frontage":"meets","front_ft":0.4,"side_ft":3.6,"rear_ft":0.1,"t_front":"short","t_side":"short","t_rear":"short","n_short":4,"measured":true},"geometry":{"type":"Polygon","coordinates":[[[-70.879161,42.554811],[-70.879452,42.554802],[-70.879462,42.554925],[-70.87917,42.554929],[-70.879161,42.554811]]]}},{"type":"Feature","properties":{"addr":"45 STONE ST","units":6,"stories":3.0,"mbta":false,"lot_sf":20504,"req_lot_sf":24000,"frontage_ft":80.2,"req_frontage_ft":65,"req_front_ft":20,"req_side_ft":10,"req_rear_ft":20,"over_unit_cap":false,"corner":true,"t_area":"short","t_frontage":"meets","front_ft":106.7,"side_ft":2.5,"rear_ft":7.4,"t_front":"meets","t_side":"short","t_rear":"short","n_short":3,"measured":true},"geometry":{"type":"Polygon","coordinates":[[[-70.879062,42.54179],[-70.879155,42.541459],[-70.87917,42.541402],[-70.879879,42.541606],[-70.879802,42.541781],[-70.879616,42.54174],[-70.879437,42.541701],[-70.879362,42.541864],[-70.879062,42.54179]]]}},{"type":"Feature","properties":{"addr":"8 CHESTNUT ST","units":2,"stories":1.0,"mbta":false,"lot_sf":3681,"req_lot_sf":8000,"frontage_ft":39.0,"req_frontage_ft":65,"req_front_ft":20,"req_side_ft":10,"req_rear_ft":20,"over_unit_cap":false,"corner":false,"t_area":"short","t_frontage":"short","front_ft":4.9,"side_ft":0.0,"rear_ft":19.1,"t_front":"short","t_side":"short","t_rear":"close","n_short":4,"measured":true},"geometry":{"type":"Polygon","coordinates":[[[-70.879204,42.554462],[-70.879367,42.554461],[-70.879373,42.554689],[-70.87921,42.554694],[-70.879204,42.554462]]]}},{"type":"Feature","properties":{"addr":"13 LOVETT ST","units":1,"stories":1.0,"mbta":true,"lot_sf":5031,"req_lot_sf":8000,"frontage_ft":41.9,"req_frontage_ft":65,"req_front_ft":20,"req_side_ft":10,"req_rear_ft":20,"over_unit_cap":false,"corner":false,"t_area":"short","t_frontage":"short","front_ft":4.6,"side_ft":11.1,"rear_ft":58.8,"t_front":"short","t_side":"meets","t_rear":"meets","n_short":3,"measured":true},"geometry":{"type":"Polygon","coordinates":[[[-70.879222,42.54357],[-70.879406,42.543514],[-70.879552,42.543753],[-70.87941,42.543827],[-70.879222,42.54357]]]}},{"type":"Feature","properties":{"addr":"37 SOHIER RD","units":1,"stories":2.0,"mbta":false,"lot_sf":9653,"req_lot_sf":8000,"frontage_ft":124.1,"req_frontage_ft":65,"req_front_ft":20,"req_side_ft":10,"req_rear_ft":20,"over_unit_cap":false,"corner":false,"t_area":"meets","t_frontage":"meets","front_ft":78.1,"side_ft":4.7,"rear_ft":3.4,"t_front":"meets","t_side":"short","t_rear":"short","n_short":2,"measured":true},"geometry":{"type":"Polygon","coordinates":[[[-70.878924,42.561315],[-70.878904,42.561234],[-70.87906,42.561175],[-70.879226,42.56107],[-70.879403,42.560997],[-70.87935,42.56135],[-70.878924,42.561315]]]}},{"type":"Feature","properties":{"addr":"9 CENTRAL ST","units":4,"stories":2.0,"mbta":true,"lot_sf":5408,"req_lot_sf":8000,"frontage_ft":68.0,"req_frontage_ft":65,"req_front_ft":20,"req_side_ft":10,"req_rear_ft":20,"over_unit_cap":false,"corner":false,"t_area":"short","t_frontage":"meets","front_ft":0.0,"side_ft":7.9,"rear_ft":7.5,"t_front":"short","t_side":"close","t_rear":"short","n_short":3,"measured":true},"geometry":{"type":"Polygon","coordinates":[[[-70.87917,42.545211],[-70.879343,42.545045],[-70.87936,42.545055],[-70.879545,42.545161],[-70.879384,42.545333],[-70.87917,42.545211]]]}},{"type":"Feature","properties":{"addr":"14 LOVETT ST","units":2,"stories":1.0,"mbta":true,"lot_sf":4985,"req_lot_sf":8000,"frontage_ft":43.6,"req_frontage_ft":65,"req_front_ft":20,"req_side_ft":10,"req_rear_ft":20,"over_unit_cap":false,"corner":false,"t_area":"short","t_frontage":"short","front_ft":8.1,"side_ft":0.0,"rear_ft":7.6,"t_front":"short","t_side":"short","t_rear":"short","n_short":5,"measured":true},"geometry":{"type":"Polygon","coordinates":[[[-70.879293,42.54424],[-70.879179,42.544095],[-70.879196,42.544087],[-70.879204,42.544084],[-70.879212,42.54408],[-70.879219,42.544077],[-70.879227,42.544074],[-70.879235,42.544071],[-70.879243,42.544068],[-70.879251,42.544065],[-70.879259,42.544062],[-70.879267,42.54406],[-70.879275,42.544057],[-70.879284,42.544055],[-70.879292,42.544053],[-70.8793,42.54405],[-70.879309,42.544048],[-70.879317,42.544046],[-70.879326,42.544044],[-70.879343,42.544041],[-70.879527,42.544299],[-70.879398,42.544345],[-70.87938,42.544351],[-70.879293,42.54424]]]}},{"type":"Feature","properties":{"addr":"14 CENTRAL CT","units":2,"stories":3.0,"mbta":true,"lot_sf":2240,"req_lot_sf":8000,"frontage_ft":90.8,"req_frontage_ft":65,"req_front_ft":20,"req_side_ft":10,"req_rear_ft":20,"over_unit_cap":false,"corner":false,"t_area":"short","t_frontage":"meets","front_ft":0.0,"side_ft":10.8,"rear_ft":6.7,"t_front":"short","t_side":"meets","t_rear":"short","n_short":3,"measured":true},"geometry":{"type":"Polygon","coordinates":[[[-70.879214,42.54441],[-70.87938,42.544351],[-70.879398,42.544345],[-70.879477,42.544441],[-70.879292,42.544506],[-70.879214,42.54441]]]}},{"type":"Feature","properties":{"addr":"33 SOHIER RD","units":2,"stories":2.0,"mbta":false,"lot_sf":7307,"req_lot_sf":8000,"frontage_ft":46.5,"req_frontage_ft":65,"req_front_ft":20,"req_side_ft":10,"req_rear_ft":20,"over_unit_cap":false,"corner":false,"t_area":"short","t_frontage":"short","front_ft":18.4,"side_ft":6.1,"rear_ft":70.7,"t_front":"close","t_side":"short","t_rear":"meets","n_short":3,"measured":true},"geometry":{"type":"Polygon","coordinates":[[[-70.878914,42.560785],[-70.879458,42.56063],[-70.879437,42.560771],[-70.878882,42.560929],[-70.878914,42.560785]]]}},{"type":"Feature","properties":{"addr":"14 SMITH ST","units":1,"stories":1.75,"mbta":true,"lot_sf":1788,"req_lot_sf":8000,"frontage_ft":null,"req_frontage_ft":65,"req_front_ft":20,"req_side_ft":10,"req_rear_ft":20,"over_unit_cap":false,"corner":false,"t_area":"short","t_frontage":null,"front_ft":null,"side_ft":null,"rear_ft":null,"t_front":null,"t_side":null,"t_rear":null,"n_short":1,"measured":false},"geometry":{"type":"Polygon","coordinates":[[[-70.879363,42.543445],[-70.879232,42.543424],[-70.879276,42.543318],[-70.879438,42.543334],[-70.879384,42.543448],[-70.879363,42.543445]]]}},{"type":"Feature","properties":{"addr":"8 SUMMER ST","units":3,"stories":3.0,"mbta":false,"lot_sf":9585,"req_lot_sf":12000,"frontage_ft":57.3,"req_frontage_ft":65,"req_front_ft":20,"req_side_ft":10,"req_rear_ft":20,"over_unit_cap":false,"corner":false,"t_area":"short","t_frontage":"short","front_ft":5.7,"side_ft":8.0,"rear_ft":50.9,"t_front":"short","t_side":"close","t_rear":"meets","n_short":3,"measured":true},"geometry":{"type":"Polygon","coordinates":[[[-70.879089,42.555315],[-70.879079,42.555159],[-70.879309,42.555152],[-70.879337,42.555573],[-70.879106,42.555583],[-70.879089,42.555315]]]}},{"type":"Feature","properties":{"addr":"43 SOHIER RD","units":2,"stories":1.0,"mbta":false,"lot_sf":4633,"req_lot_sf":8000,"frontage_ft":139.2,"req_frontage_ft":65,"req_front_ft":20,"req_side_ft":10,"req_rear_ft":20,"over_unit_cap":false,"corner":false,"t_area":"short","t_frontage":"meets","front_ft":15.4,"side_ft":16.3,"rear_ft":6.4,"t_front":"short","t_side":"meets","t_rear":"short","n_short":3,"measured":true},"geometry":{"type":"Polygon","coordinates":[[[-70.878966,42.561707],[-70.878973,42.561568],[-70.879313,42.561585],[-70.879291,42.561728],[-70.878966,42.561707]]]}},{"type":"Feature","properties":{"addr":"39 SOHIER RD","units":1,"stories":1.75,"mbta":false,"lot_sf":5213,"req_lot_sf":8000,"frontage_ft":98.1,"req_frontage_ft":65,"req_front_ft":20,"req_side_ft":10,"req_rear_ft":20,"over_unit_cap":false,"corner":true,"t_area":"short","t_frontage":"meets","front_ft":17.8,"side_ft":6.2,"rear_ft":33.1,"t_front":"close","t_side":"short","t_rear":"meets","n_short":2,"measured":true},"geometry":{"type":"Polygon","coordinates":[[[-70.878958,42.561454],[-70.878924,42.561315],[-70.87935,42.56135],[-70.879329,42.561479],[-70.878958,42.561454]]]}},{"type":"Feature","properties":{"addr":"6 LENOX ST","units":2,"stories":2.0,"mbta":false,"lot_sf":4413,"req_lot_sf":8000,"frontage_ft":48.1,"req_frontage_ft":65,"req_front_ft":20,"req_side_ft":10,"req_rear_ft":20,"over_unit_cap":false,"corner":false,"t_area":"short","t_frontage":"short","front_ft":9.0,"side_ft":7.8,"rear_ft":32.9,"t_front":"short","t_side":"close","t_rear":"meets","n_short":3,"measured":true},"geometry":{"type":"Polygon","coordinates":[[[-70.879057,42.556454],[-70.879247,42.556437],[-70.879289,42.556666],[-70.879094,42.556684],[-70.879057,42.556454]]]}},{"type":"Feature","properties":{"addr":"45 SOHIER RD","units":2,"stories":1.0,"mbta":false,"lot_sf":4477,"req_lot_sf":8000,"frontage_ft":45.5,"req_frontage_ft":65,"req_front_ft":20,"req_side_ft":10,"req_rear_ft":20,"over_unit_cap":false,"corner":false,"t_area":"short","t_frontage":"short","front_ft":14.8,"side_ft":0.5,"rear_ft":24.6,"t_front":"short","t_side":"short","t_rear":"meets","n_short":4,"measured":true},"geometry":{"type":"Polygon","coordinates":[[[-70.878959,42.561855],[-70.878966,42.561707],[-70.879291,42.561728],[-70.87927,42.561865],[-70.878959,42.561855]]]}},{"type":"Feature","properties":{"addr":"10 MYRTLE ST","units":3,"stories":2.75,"mbta":false,"lot_sf":2555,"req_lot_sf":12000,"frontage_ft":41.2,"req_frontage_ft":65,"req_front_ft":20,"req_side_ft":10,"req_rear_ft":20,"over_unit_cap":false,"corner":false,"t_area":"short","t_frontage":"short","front_ft":1.6,"side_ft":5.5,"rear_ft":17.7,"t_front":"short","t_side":"short","t_rear":"close","n_short":4,"measured":true},"geometry":{"type":"Polygon","coordinates":[[[-70.879063,42.556096],[-70.879237,42.556085],[-70.879245,42.556235],[-70.879074,42.556247],[-70.879063,42.556096]]]}},{"type":"Feature","properties":{"addr":"51 SOHIER RD","units":2,"stories":2.0,"mbta":false,"lot_sf":5984,"req_lot_sf":8000,"frontage_ft":118.3,"req_frontage_ft":65,"req_front_ft":20,"req_side_ft":10,"req_rear_ft":20,"over_unit_cap":false,"corner":false,"t_area":"short","t_frontage":"meets","front_ft":12.2,"side_ft":12.2,"rear_ft":0.7,"t_front":"short","t_side":"meets","t_rear":"short","n_short":3,"measured":true},"geometry":{"type":"Polygon","coordinates":[[[-70.878874,42.562121],[-70.879227,42.562146],[-70.879182,42.562446],[-70.879175,42.562486],[-70.878874,42.562121]]]}},{"type":"Feature","properties":{"addr":"2 LOVETT CT","units":1,"stories":3.0,"mbta":true,"lot_sf":2218,"req_lot_sf":8000,"frontage_ft":null,"req_frontage_ft":65,"req_front_ft":20,"req_side_ft":10,"req_rear_ft":20,"over_unit_cap":false,"corner":false,"t_area":"short","t_frontage":null,"front_ft":null,"side_ft":null,"rear_ft":null,"t_front":null,"t_side":null,"t_rear":null,"n_short":1,"measured":false},"geometry":{"type":"Polygon","coordinates":[[[-70.879134,42.544311],[-70.879293,42.54424],[-70.87938,42.544351],[-70.879214,42.54441],[-70.879134,42.544311]]]}},{"type":"Feature","properties":{"addr":"5 LENOX ST","units":2,"stories":1.75,"mbta":false,"lot_sf":3344,"req_lot_sf":8000,"frontage_ft":54.2,"req_frontage_ft":65,"req_front_ft":20,"req_side_ft":10,"req_rear_ft":20,"over_unit_cap":false,"corner":false,"t_area":"short","t_frontage":"short","front_ft":4.6,"side_ft":6.8,"rear_ft":15.6,"t_front":"short","t_side":"short","t_rear":"short","n_short":5,"measured":true},"geometry":{"type":"Polygon","coordinates":[[[-70.879002,42.556804],[-70.87922,42.556785],[-70.879244,42.556949],[-70.879026,42.556949],[-70.879002,42.556804]]]}},{"type":"Feature","properties":{"addr":"7 SUMMER ST","units":1,"stories":1.75,"mbta":false,"lot_sf":9340,"req_lot_sf":8000,"frontage_ft":62.2,"req_frontage_ft":65,"req_front_ft":20,"req_side_ft":10,"req_rear_ft":20,"over_unit_cap":false,"corner":false,"t_area":"meets","t_frontage":"close","front_ft":9.0,"side_ft":4.2,"rear_ft":93.8,"t_front":"short","t_side":"short","t_rear":"meets","n_short":2,"measured":true},"geometry":{"type":"Polygon","coordinates":[[[-70.87898,42.5557],[-70.879228,42.555689],[-70.879263,42.556083],[-70.879237,42.556085],[-70.879063,42.556096],[-70.879034,42.556098],[-70.87898,42.5557]]]}},{"type":"Feature","properties":{"addr":"13 CENTRAL ST","units":3,"stories":3.0,"mbta":true,"lot_sf":1885,"req_lot_sf":8000,"frontage_ft":20.5,"req_frontage_ft":65,"req_front_ft":20,"req_side_ft":10,"req_rear_ft":20,"over_unit_cap":false,"corner":false,"t_area":"short","t_frontage":"short","front_ft":0.0,"side_ft":0.0,"rear_ft":21.4,"t_front":"short","t_side":"short","t_rear":"meets","n_short":4,"measured":true},"geometry":{"type":"Polygon","coordinates":[[[-70.879095,42.545168],[-70.879273,42.545004],[-70.879343,42.545045],[-70.87917,42.545211],[-70.879095,42.545168]]]}},{"type":"Feature","properties":{"addr":"9 MYRTLE ST","units":1,"stories":1.75,"mbta":false,"lot_sf":2308,"req_lot_sf":8000,"frontage_ft":65.5,"req_frontage_ft":65,"req_front_ft":20,"req_side_ft":10,"req_rear_ft":20,"over_unit_cap":false,"corner":false,"t_area":"short","t_frontage":"meets","front_ft":1.4,"side_ft":2.2,"rear_ft":3.7,"t_front":"short","t_side":"short","t_rear":"short","n_short":4,"measured":true},"geometry":{"type":"Polygon","coordinates":[[[-70.878972,42.55637],[-70.879232,42.556351],[-70.879247,42.556437],[-70.879057,42.556454],[-70.87898,42.556461],[-70.878972,42.55637]]]}},{"type":"Feature","properties":{"addr":"47 SOHIER RD","units":2,"stories":1.0,"mbta":false,"lot_sf":5105,"req_lot_sf":8000,"frontage_ft":44.0,"req_frontage_ft":65,"req_front_ft":20,"req_side_ft":10,"req_rear_ft":20,"over_unit_cap":false,"corner":false,"t_area":"short","t_frontage":"short","front_ft":14.6,"side_ft":8.5,"rear_ft":21.3,"t_front":"short","t_side":"close","t_rear":"meets","n_short":3,"measured":true},"geometry":{"type":"Polygon","coordinates":[[[-70.878744,42.561963],[-70.87891,42.56188],[-70.878959,42.561855],[-70.87927,42.561865],[-70.87925,42.561999],[-70.878744,42.561963]]]}},{"type":"Feature","properties":{"addr":"15R LOVETT ST","units":11,"stories":2.0,"mbta":true,"lot_sf":6157,"req_lot_sf":8000,"frontage_ft":48.0,"req_frontage_ft":65,"req_front_ft":20,"req_side_ft":10,"req_rear_ft":20,"over_unit_cap":true,"corner":false,"t_area":"short","t_frontage":"short","front_ft":1.0,"side_ft":3.2,"rear_ft":0.0,"t_front":"short","t_side":"short","t_rear":"short","n_short":5,"measured":true},"geometry":{"type":"Polygon","coordinates":[[[-70.879098,42.543708],[-70.879111,42.543702],[-70.879052,42.543613],[-70.8792,42.54354],[-70.879222,42.54357],[-70.87941,42.543827],[-70.879249,42.54391],[-70.879098,42.543708]]]}},{"type":"Feature","properties":{"addr":"17 CENTRAL ST","units":2,"stories":2.0,"mbta":true,"lot_sf":7196,"req_lot_sf":8000,"frontage_ft":24.8,"req_frontage_ft":65,"req_front_ft":20,"req_side_ft":10,"req_rear_ft":20,"over_unit_cap":false,"corner":false,"t_area":"short","t_frontage":"short","front_ft":56.6,"side_ft":0.1,"rear_ft":0.0,"t_front":"meets","t_side":"short","t_rear":"short","n_short":4,"measured":true},"geometry":{"type":"Polygon","coordinates":[[[-70.878898,42.545056],[-70.879086,42.544895],[-70.879205,42.544793],[-70.879483,42.544961],[-70.87936,42.545055],[-70.879343,42.545045],[-70.879273,42.545004],[-70.879224,42.544976],[-70.879199,42.544998],[-70.879116,42.544993],[-70.878986,42.545106],[-70.878898,42.545056]]]}},{"type":"Feature","properties":{"addr":"6 CHESTNUT ST","units":2,"stories":1.5,"mbta":false,"lot_sf":4883,"req_lot_sf":8000,"frontage_ft":52.9,"req_frontage_ft":65,"req_front_ft":20,"req_side_ft":10,"req_rear_ft":20,"over_unit_cap":false,"corner":false,"t_area":"short","t_frontage":"short","front_ft":8.6,"side_ft":6.4,"rear_ft":24.1,"t_front":"short","t_side":"short","t_rear":"meets","n_short":4,"measured":true},"geometry":{"type":"Polygon","coordinates":[[[-70.878991,42.55453],[-70.878992,42.554526],[-70.879005,42.554464],[-70.879204,42.554462],[-70.87921,42.554694],[-70.878996,42.5547],[-70.878991,42.55453]]]}},{"type":"Feature","properties":{"addr":"49 SOHIER RD","units":2,"stories":2.0,"mbta":false,"lot_sf":6274,"req_lot_sf":8000,"frontage_ft":49.2,"req_frontage_ft":65,"req_front_ft":20,"req_side_ft":10,"req_rear_ft":20,"over_unit_cap":false,"corner":false,"t_area":"short","t_frontage":"short","front_ft":12.7,"side_ft":12.0,"rear_ft":29.0,"t_front":"short","t_side":"meets","t_rear":"meets","n_short":3,"measured":true},"geometry":{"type":"Polygon","coordinates":[[[-70.878874,42.562121],[-70.878744,42.561963],[-70.87925,42.561999],[-70.879227,42.562146],[-70.878874,42.562121]]]}},{"type":"Feature","properties":{"addr":"16 LOVETT ST","units":1,"stories":1.5,"mbta":true,"lot_sf":3067,"req_lot_sf":8000,"frontage_ft":106.3,"req_frontage_ft":65,"req_front_ft":20,"req_side_ft":10,"req_rear_ft":20,"over_unit_cap":false,"corner":false,"t_area":"short","t_frontage":"meets","front_ft":0.0,"side_ft":15.8,"rear_ft":5.5,"t_front":"short","t_side":"meets","t_rear":"short","n_short":3,"measured":true},"geometry":{"type":"Polygon","coordinates":[[[-70.879019,42.54417],[-70.879179,42.544095],[-70.879293,42.54424],[-70.879134,42.544311],[-70.879019,42.54417]]]}},{"type":"Feature","properties":{"addr":"46 STONE ST","units":1,"stories":1.5,"mbta":false,"lot_sf":3027,"req_lot_sf":8000,"frontage_ft":38.2,"req_frontage_ft":65,"req_front_ft":20,"req_side_ft":10,"req_rear_ft":20,"over_unit_cap":false,"corner":false,"t_area":"short","t_frontage":"short","front_ft":0.1,"side_ft":0.0,"rear_ft":40.1,"t_front":"short","t_side":"short","t_rear":"meets","n_short":4,"measured":true},"geometry":{"type":"Polygon","coordinates":[[[-70.879048,42.542118],[-70.879126,42.541932],[-70.879279,42.541968],[-70.879204,42.542148],[-70.879048,42.542118]]]}},{"type":"Feature","properties":{"addr":"5 CHESTNUT ST","units":3,"stories":2.75,"mbta":false,"lot_sf":3064,"req_lot_sf":12000,"frontage_ft":67.6,"req_frontage_ft":65,"req_front_ft":20,"req_side_ft":10,"req_rear_ft":20,"over_unit_cap":false,"corner":false,"t_area":"short","t_frontage":"meets","front_ft":0.0,"side_ft":0.0,"rear_ft":3.9,"t_front":"short","t_side":"short","t_rear":"short","n_short":4,"measured":true},"geometry":{"type":"Polygon","coordinates":[[[-70.878893,42.554821],[-70.879161,42.554811],[-70.87917,42.554929],[-70.878901,42.554935],[-70.878893,42.554821]]]}},{"type":"Feature","properties":{"addr":"15 CENTRAL ST","units":3,"stories":1.0,"mbta":true,"lot_sf":2457,"req_lot_sf":8000,"frontage_ft":32.3,"req_frontage_ft":65,"req_front_ft":20,"req_side_ft":10,"req_rear_ft":20,"over_unit_cap":false,"corner":false,"t_area":"short","t_frontage":"short","front_ft":0.0,"side_ft":0.0,"rear_ft":13.9,"t_front":"short","t_side":"short","t_rear":"short","n_short":5,"measured":true},"geometry":{"type":"Polygon","coordinates":[[[-70.878986,42.545106],[-70.879116,42.544993],[-70.879199,42.544998],[-70.879224,42.544976],[-70.879273,42.545004],[-70.879095,42.545168],[-70.878986,42.545106]]]}},{"type":"Feature","properties":{"addr":"1 LOVETT CT","units":2,"stories":2.0,"mbta":true,"lot_sf":4002,"req_lot_sf":8000,"frontage_ft":120.5,"req_frontage_ft":65,"req_front_ft":20,"req_side_ft":10,"req_rear_ft":20,"over_unit_cap":false,"corner":false,"t_area":"short","t_frontage":"meets","front_ft":11.4,"side_ft":8.5,"rear_ft":13.5,"t_front":"short","t_side":"close","t_rear":"short","n_short":3,"measured":true},"geometry":{"type":"Polygon","coordinates":[[[-70.87895,42.54444],[-70.878969,42.544431],[-70.879136,42.544351],[-70.879271,42.544512],[-70.879197,42.54454],[-70.879112,42.544608],[-70.87895,42.54444]]]}},{"type":"Feature","properties":{"addr":"HERRICK ST","units":1,"stories":1.0,"mbta":false,"lot_sf":5298,"req_lot_sf":8000,"frontage_ft":128.2,"req_frontage_ft":65,"req_front_ft":20,"req_side_ft":10,"req_rear_ft":20,"over_unit_cap":false,"corner":true,"t_area":"short","t_frontage":"meets","front_ft":13.8,"side_ft":12.9,"rear_ft":0.0,"t_front":"short","t_side":"meets","t_rear":"short","n_short":3,"measured":true},"geometry":{"type":"Polygon","coordinates":[[[-70.878757,42.563768],[-70.878857,42.563694],[-70.87886,42.563693],[-70.878862,42.563692],[-70.878863,42.563692],[-70.878865,42.563691],[-70.878867,42.56369],[-70.878868,42.563689],[-70.87887,42.563689],[-70.878872,42.563688],[-70.878874,42.563688],[-70.878875,42.563687],[-70.878877,42.563686],[-70.878879,42.563686],[-70.878881,42.563685],[-70.878882,42.563685],[-70.878884,42.563684],[-70.878886,42.563684],[-70.878888,42.563684],[-70.87889,42.563683],[-70.878892,42.563683],[-70.878894,42.563682],[-70.878895,42.563682],[-70.878897,42.563682],[-70.878899,42.563682],[-70.878901,42.563681],[-70.878903,42.563681],[-70.878905,42.563681],[-70.878907,42.563681],[-70.878909,42.563681],[-70.878911,42.56368],[-70.878913,42.56368],[-70.878914,42.56368],[-70.878916,42.56368],[-70.878918,42.56368],[-70.87892,42.56368],[-70.878922,42.56368],[-70.878924,42.56368],[-70.878926,42.56368],[-70.878928,42.56368],[-70.87893,42.563681],[-70.878932,42.563681],[-70.878934,42.563681],[-70.878936,42.563681],[-70.878937,42.563681],[-70.878939,42.563682],[-70.878941,42.563682],[-70.878943,42.563682],[-70.878945,42.563682],[-70.878947,42.563683],[-70.878949,42.563683],[-70.878951,42.563684],[-70.878952,42.563684],[-70.878954,42.563684],[-70.878956,42.563685],[-70.878958,42.563685],[-70.87896,42.563686],[-70.878961,42.563686],[-70.878963,42.563687],[-70.878965,42.563688],[-70.878967,42.563688],[-70.878968,42.563689],[-70.87897,42.563689],[-70.878972,42.56369],[-70.878974,42.563691],[-70.878975,42.563692],[-70.878977,42.563692],[-70.878978,42.563693],[-70.87898,42.563694],[-70.878982,42.563695],[-70.878983,42.563695],[-70.878985,42.563696],[-70.878986,42.563697],[-70.878988,42.563698],[-70.878989,42.563699],[-70.878991,42.5637],[-70.878992,42.563701],[-70.878994,42.563702],[-70.878995,42.563703],[-70.878997,42.563704],[-70.878998,42.563705],[-70.878999,42.563706],[-70.879001,42.563707],[-70.879002,42.563708],[-70.879003,42.563709],[-70.879004,42.56371],[-70.879006,42.563711],[-70.879007,42.563712],[-70.879008,42.563713],[-70.879009,42.563714],[-70.87901,42.563716],[-70.879011,42.563717],[-70.879012,42.563718],[-70.879013,42.563719],[-70.879014,42.56372],[-70.879015,42.563722],[-70.879016,42.563723],[-70.879017,42.563724],[-70.879018,42.563725],[-70.879019,42.563727],[-70.87902,42.563728],[-70.87902,42.563729],[-70.879021,42.563731],[-70.879022,42.563732],[-70.879023,42.563733],[-70.879023,42.563734],[-70.879024,42.563736],[-70.879024,42.563737],[-70.879025,42.563739],[-70.879025,42.56374],[-70.879026,42.563741],[-70.879026,42.563743],[-70.879027,42.563744],[-70.879027,42.563745],[-70.879028,42.563747],[-70.879028,42.563748],[-70.879028,42.56375],[-70.879029,42.563751],[-70.879029,42.563752],[-70.879029,42.563754],[-70.879029,42.563755],[-70.879029,42.563757],[-70.879029,42.563758],[-70.879029,42.56376],[-70.87903,42.563761],[-70.87903,42.563762],[-70.879029,42.563764],[-70.879029,42.563765],[-70.879029,42.563767],[-70.879029,42.563768],[-70.879029,42.563769],[-70.878993,42.564043],[-70.878757,42.563768]]]}},{"type":"Feature","properties":{"addr":"8 LENOX ST","units":2,"stories":2.0,"mbta":false,"lot_sf":3967,"req_lot_sf":8000,"frontage_ft":41.6,"req_frontage_ft":65,"req_front_ft":20,"req_side_ft":10,"req_rear_ft":20,"over_unit_cap":false,"corner":false,"t_area":"short","t_frontage":"short","front_ft":24.1,"side_ft":5.9,"rear_ft":27.2,"t_front":"meets","t_side":"short","t_rear":"meets","n_short":3,"measured":true},"geometry":{"type":"Polygon","coordinates":[[[-70.878883,42.556469],[-70.87898,42.556461],[-70.879057,42.556454],[-70.879094,42.556684],[-70.878923,42.5567],[-70.878883,42.556469]]]}},{"type":"Feature","properties":{"addr":"5 CENTRAL CT","units":1,"stories":1.75,"mbta":true,"lot_sf":1893,"req_lot_sf":8000,"frontage_ft":42.8,"req_frontage_ft":65,"req_front_ft":20,"req_side_ft":10,"req_rear_ft":20,"over_unit_cap":false,"corner":false,"t_area":"short","t_frontage":"short","front_ft":11.3,"side_ft":4.2,"rear_ft":3.1,"t_front":"short","t_side":"short","t_rear":"short","n_short":5,"measured":true},"geometry":{"type":"Polygon","coordinates":[[[-70.878976,42.544822],[-70.879095,42.544726],[-70.879205,42.544793],[-70.879086,42.544895],[-70.878976,42.544822]]]}},{"type":"Feature","properties":{"addr":"8 MYRTLE ST","units":3,"stories":3.0,"mbta":false,"lot_sf":3281,"req_lot_sf":12000,"frontage_ft":53.8,"req_frontage_ft":65,"req_front_ft":20,"req_side_ft":10,"req_rear_ft":20,"over_unit_cap":false,"corner":false,"t_area":"short","t_frontage":"short","front_ft":2.0,"side_ft":3.6,"rear_ft":15.4,"t_front":"short","t_side":"short","t_rear":"short","n_short":5,"measured":true},"geometry":{"type":"Polygon","coordinates":[[[-70.878841,42.55611],[-70.879034,42.556098],[-70.879063,42.556096],[-70.879074,42.556247],[-70.878857,42.556262],[-70.878841,42.55611]]]}},{"type":"Feature","properties":{"addr":"6 BEAVER ST","units":1,"stories":null,"mbta":false,"lot_sf":3818,"req_lot_sf":8000,"frontage_ft":63.5,"req_frontage_ft":65,"req_front_ft":20,"req_side_ft":10,"req_rear_ft":20,"over_unit_cap":false,"corner":false,"t_area":"short","t_frontage":"close","front_ft":null,"side_ft":null,"rear_ft":null,"t_front":null,"t_side":null,"t_rear":null,"n_short":1,"measured":false},"geometry":{"type":"Polygon","coordinates":[[[-70.878749,42.561659],[-70.878973,42.561568],[-70.878966,42.561707],[-70.878959,42.561855],[-70.87891,42.56188],[-70.878749,42.561659]]]}},{"type":"Feature","properties":{"addr":"372 CABOT ST","units":3,"stories":1.0,"mbta":false,"lot_sf":8618,"req_lot_sf":12000,"frontage_ft":113.9,"req_frontage_ft":65,"req_front_ft":20,"req_side_ft":10,"req_rear_ft":20,"over_unit_cap":false,"corner":false,"t_area":"short","t_frontage":"meets","front_ft":4.9,"side_ft":5.4,"rear_ft":32.2,"t_front":"short","t_side":"short","t_rear":"meets","n_short":3,"measured":true},"geometry":{"type":"Polygon","coordinates":[[[-70.878823,42.557123],[-70.878786,42.557087],[-70.878768,42.557069],[-70.87875,42.55705],[-70.878733,42.557031],[-70.878716,42.557012],[-70.8787,42.556993],[-70.878684,42.556973],[-70.878668,42.556953],[-70.878653,42.556934],[-70.878639,42.556913],[-70.878625,42.556893],[-70.878611,42.556873],[-70.878598,42.556852],[-70.878708,42.556855],[-70.878784,42.556949],[-70.879026,42.556949],[-70.879244,42.556949],[-70.879315,42.556949],[-70.879128,42.557091],[-70.87883,42.557129],[-70.878823,42.557123]]]}},{"type":"Feature","properties":{"addr":"14 LOTHROP ST","units":1,"stories":null,"mbta":false,"lot_sf":1548,"req_lot_sf":8000,"frontage_ft":59.1,"req_frontage_ft":65,"req_front_ft":20,"req_side_ft":10,"req_rear_ft":20,"over_unit_cap":false,"corner":false,"t_area":"short","t_frontage":"short","front_ft":8.1,"side_ft":0.1,"rear_ft":0.0,"t_front":"short","t_side":"short","t_rear":"short","n_short":5,"measured":true},"geometry":{"type":"Polygon","coordinates":[[[-70.878947,42.541504],[-70.879127,42.54139],[-70.87917,42.541402],[-70.879155,42.541459],[-70.87901,42.541554],[-70.878947,42.541504]]]}},{"type":"Feature","properties":{"addr":"5 SUMMER ST","units":1,"stories":2.0,"mbta":false,"lot_sf":7407,"req_lot_sf":8000,"frontage_ft":44.1,"req_frontage_ft":65,"req_front_ft":20,"req_side_ft":10,"req_rear_ft":20,"over_unit_cap":false,"corner":false,"t_area":"short","t_frontage":"short","front_ft":9.8,"side_ft":5.8,"rear_ft":45.8,"t_front":"short","t_side":"short","t_rear":"meets","n_short":4,"measured":true},"geometry":{"type":"Polygon","coordinates":[[[-70.878826,42.555973],[-70.878798,42.555708],[-70.87898,42.5557],[-70.879034,42.556098],[-70.878841,42.55611],[-70.878826,42.555973]]]}},{"type":"Feature","properties":{"addr":"6 SUMMER ST","units":3,"stories":2.0,"mbta":false,"lot_sf":9645,"req_lot_sf":12000,"frontage_ft":94.3,"req_frontage_ft":65,"req_front_ft":20,"req_side_ft":10,"req_rear_ft":20,"over_unit_cap":false,"corner":false,"t_area":"short","t_frontage":"meets","front_ft":5.4,"side_ft":23.6,"rear_ft":35.6,"t_front":"short","t_side":"meets","t_rear":"meets","n_short":2,"measured":true},"geometry":{"type":"Polygon","coordinates":[[[-70.878731,42.555478],[-70.878721,42.555334],[-70.879089,42.555315],[-70.879106,42.555583],[-70.878738,42.555598],[-70.878731,42.555478]]]}},{"type":"Feature","properties":{"addr":"19 LOVETT ST","units":1,"stories":1.0,"mbta":true,"lot_sf":6146,"req_lot_sf":8000,"frontage_ft":47.6,"req_frontage_ft":65,"req_front_ft":20,"req_side_ft":10,"req_rear_ft":20,"over_unit_cap":false,"corner":false,"t_area":"short","t_frontage":"short","front_ft":5.4,"side_ft":5.4,"rear_ft":71.5,"t_front":"short","t_side":"short","t_rear":"meets","n_short":4,"measured":true},"geometry":{"type":"Polygon","coordinates":[[[-70.878867,42.543733],[-70.878834,42.543678],[-70.878968,42.543625],[-70.879197,42.543937],[-70.879037,42.544019],[-70.878867,42.543733]]]}},{"type":"Feature","properties":{"addr":"3 LENOX ST","units":2,"stories":2.5,"mbta":false,"lot_sf":3883,"req_lot_sf":8000,"frontage_ft":111.8,"req_frontage_ft":65,"req_front_ft":20,"req_side_ft":10,"req_rear_ft":20,"over_unit_cap":false,"corner":false,"t_area":"short","t_frontage":"meets","front_ft":10.1,"side_ft":9.0,"rear_ft":4.6,"t_front":"short","t_side":"close","t_rear":"short","n_short":3,"measured":true},"geometry":{"type":"Polygon","coordinates":[[[-70.878708,42.556855],[-70.878598,42.556852],[-70.878594,42.556846],[-70.87859,42.55684],[-70.879002,42.556804],[-70.879026,42.556949],[-70.878784,42.556949],[-70.878708,42.556855]]]}},{"type":"Feature","properties":{"addr":"17R LOVETT ST","units":1,"stories":null,"mbta":true,"lot_sf":16127,"req_lot_sf":8000,"frontage_ft":12.2,"req_frontage_ft":65,"req_front_ft":20,"req_side_ft":10,"req_rear_ft":20,"over_unit_cap":false,"corner":false,"t_area":"meets","t_frontage":"short","front_ft":null,"side_ft":null,"rear_ft":null,"t_front":null,"t_side":null,"t_rear":null,"n_short":1,"measured":false},"geometry":{"type":"Polygon","coordinates":[[[-70.878968,42.543625],[-70.878834,42.543678],[-70.878753,42.543709],[-70.878643,42.543506],[-70.878858,42.543364],[-70.879232,42.543424],[-70.879363,42.543445],[-70.879406,42.543514],[-70.879222,42.54357],[-70.8792,42.54354],[-70.879052,42.543613],[-70.879111,42.543702],[-70.879098,42.543708],[-70.879249,42.54391],[-70.879197,42.543937],[-70.878968,42.543625]]]}},{"type":"Feature","properties":{"addr":"77 SOHIER RD","units":9,"stories":2.0,"mbta":false,"lot_sf":12155,"req_lot_sf":36000,"frontage_ft":94.6,"req_frontage_ft":65,"req_front_ft":20,"req_side_ft":10,"req_rear_ft":20,"over_unit_cap":false,"corner":true,"t_area":"short","t_frontage":"meets","front_ft":10.2,"side_ft":10.5,"rear_ft":31.7,"t_front":"short","t_side":"meets","t_rear":"meets","n_short":2,"measured":true},"geometry":{"type":"Polygon","coordinates":[[[-70.878509,42.563953],[-70.878757,42.563768],[-70.878993,42.564043],[-70.878958,42.564317],[-70.878509,42.563953]]]}},{"type":"Feature","properties":{"addr":"7 MYRTLE ST","units":1,"stories":1.75,"mbta":false,"lot_sf":2071,"req_lot_sf":8000,"frontage_ft":55.5,"req_frontage_ft":65,"req_front_ft":20,"req_side_ft":10,"req_rear_ft":20,"over_unit_cap":false,"corner":false,"t_area":"short","t_frontage":"short","front_ft":1.7,"side_ft":11.5,"rear_ft":4.4,"t_front":"short","t_side":"meets","t_rear":"short","n_short":4,"measured":true},"geometry":{"type":"Polygon","coordinates":[[[-70.878748,42.556386],[-70.878972,42.55637],[-70.87898,42.556461],[-70.878883,42.556469],[-70.878752,42.556481],[-70.878748,42.556386]]]}},{"type":"Feature","properties":{"addr":"18 LOVETT ST","units":3,"stories":3.0,"mbta":true,"lot_sf":4130,"req_lot_sf":8000,"frontage_ft":129.7,"req_frontage_ft":65,"req_front_ft":20,"req_side_ft":10,"req_rear_ft":20,"over_unit_cap":false,"corner":false,"t_area":"short","t_frontage":"meets","front_ft":0.6,"side_ft":6.3,"rear_ft":5.8,"t_front":"short","t_side":"short","t_rear":"short","n_short":4,"measured":true},"geometry":{"type":"Polygon","coordinates":[[[-70.878808,42.544278],[-70.878992,42.54418],[-70.879136,42.544351],[-70.878969,42.544431],[-70.878808,42.544278]]]}},{"type":"Feature","properties":{"addr":"19 CENTRAL ST","units":3,"stories":2.0,"mbta":true,"lot_sf":3214,"req_lot_sf":8000,"frontage_ft":77.9,"req_frontage_ft":65,"req_front_ft":20,"req_side_ft":10,"req_rear_ft":20,"over_unit_cap":false,"corner":true,"t_area":"short","t_frontage":"meets","front_ft":5.8,"side_ft":0.0,"rear_ft":27.7,"t_front":"short","t_side":"short","t_rear":"meets","n_short":3,"measured":true},"geometry":{"type":"Polygon","coordinates":[[[-70.878775,42.544985],[-70.878976,42.544822],[-70.879086,42.544895],[-70.878898,42.545056],[-70.878775,42.544985]]]}},{"type":"Feature","properties":{"addr":"18 LOTHROP ST","units":1,"stories":1.0,"mbta":false,"lot_sf":7564,"req_lot_sf":8000,"frontage_ft":101.5,"req_frontage_ft":65,"req_front_ft":20,"req_side_ft":10,"req_rear_ft":20,"over_unit_cap":false,"corner":true,"t_area":"short","t_frontage":"meets","front_ft":32.4,"side_ft":27.0,"rear_ft":0.0,"t_front":"meets","t_side":"meets","t_rear":"short","n_short":2,"measured":true},"geometry":{"type":"Polygon","coordinates":[[[-70.878696,42.5417],[-70.878707,42.541657],[-70.878947,42.541504],[-70.87901,42.541554],[-70.879155,42.541459],[-70.879062,42.54179],[-70.878696,42.5417]]]}},{"type":"Feature","properties":{"addr":"4 LENOX ST","units":2,"stories":2.0,"mbta":false,"lot_sf":4745,"req_lot_sf":8000,"frontage_ft":50.2,"req_frontage_ft":65,"req_front_ft":20,"req_side_ft":10,"req_rear_ft":20,"over_unit_cap":false,"corner":false,"t_area":"short","t_frontage":"short","front_ft":4.1,"side_ft":3.1,"rear_ft":28.4,"t_front":"short","t_side":"short","t_rear":"meets","n_short":4,"measured":true},"geometry":{"type":"Polygon","coordinates":[[[-70.87868,42.556525],[-70.878678,42.556487],[-70.878752,42.556481],[-70.878883,42.556469],[-70.878923,42.5567],[-70.87872,42.556718],[-70.87868,42.556525]]]}},{"type":"Feature","properties":{"addr":"8 BEAVER ST","units":1,"stories":2.0,"mbta":false,"lot_sf":5308,"req_lot_sf":8000,"frontage_ft":54.1,"req_frontage_ft":65,"req_front_ft":20,"req_side_ft":10,"req_rear_ft":20,"over_unit_cap":false,"corner":false,"t_area":"short","t_frontage":"short","front_ft":10.9,"side_ft":11.0,"rear_ft":42.7,"t_front":"short","t_side":"meets","t_rear":"meets","n_short":3,"measured":true},"geometry":{"type":"Polygon","coordinates":[[[-70.878558,42.561737],[-70.878749,42.561659],[-70.87891,42.56188],[-70.878744,42.561963],[-70.878558,42.561737]]]}},{"type":"Feature","properties":{"addr":"336 CABOT ST","units":7,"stories":2.0,"mbta":false,"lot_sf":11009,"req_lot_sf":28000,"frontage_ft":88.2,"req_frontage_ft":65,"req_front_ft":20,"req_side_ft":10,"req_rear_ft":20,"over_unit_cap":false,"corner":false,"t_area":"short","t_frontage":"meets","front_ft":5.5,"side_ft":0.9,"rear_ft":41.9,"t_front":"short","t_side":"short","t_rear":"meets","n_short":3,"measured":true},"geometry":{"type":"Polygon","coordinates":[[[-70.878566,42.554394],[-70.878566,42.554392],[-70.878621,42.554142],[-70.879068,42.55416],[-70.879018,42.554401],[-70.879017,42.554404],[-70.878566,42.554394]]]}},{"type":"Feature","properties":{"addr":"20 COLON ST","units":91,"stories":3.0,"mbta":false,"lot_sf":214617,"req_lot_sf":364000,"frontage_ft":454.0,"req_frontage_ft":65,"req_front_ft":20,"req_side_ft":10,"req_rear_ft":20,"over_unit_cap":false,"corner":true,"t_area":"short","t_frontage":"meets","front_ft":93.3,"side_ft":52.8,"rear_ft":50.1,"t_front":"meets","t_side":"meets","t_rear":"meets","n_short":1,"measured":true},"geometry":{"type":"Polygon","coordinates":[[[-70.878925,42.558981],[-70.879748,42.559331],[-70.879735,42.559418],[-70.879661,42.559923],[-70.879653,42.559976],[-70.879622,42.560183],[-70.879528,42.560211],[-70.879482,42.560489],[-70.879478,42.560512],[-70.879474,42.560535],[-70.879474,42.560535],[-70.878739,42.560748],[-70.878716,42.560754],[-70.878678,42.560765],[-70.878353,42.560175],[-70.878136,42.560026],[-70.878065,42.559929],[-70.877746,42.559495],[-70.87776,42.559489],[-70.877939,42.559419],[-70.878117,42.559346],[-70.878292,42.559272],[-70.878548,42.559168],[-70.878925,42.558981]]]}},{"type":"Feature","properties":{"addr":"3 CHESTNUT ST","units":3,"stories":2.5,"mbta":false,"lot_sf":2059,"req_lot_sf":12000,"frontage_ft":45.4,"req_frontage_ft":65,"req_front_ft":20,"req_side_ft":10,"req_rear_ft":20,"over_unit_cap":false,"corner":false,"t_area":"short","t_frontage":"short","front_ft":0.0,"side_ft":7.6,"rear_ft":0.0,"t_front":"short","t_side":"close","t_rear":"short","n_short":4,"measured":true},"geometry":{"type":"Polygon","coordinates":[[[-70.878706,42.554827],[-70.878893,42.554821],[-70.878901,42.554935],[-70.878717,42.554939],[-70.878706,42.554827]]]}},{"type":"Feature","properties":{"addr":"7 BEAVER ST","units":1,"stories":1.75,"mbta":false,"lot_sf":9612,"req_lot_sf":8000,"frontage_ft":92.6,"req_frontage_ft":65,"req_front_ft":20,"req_side_ft":10,"req_rear_ft":20,"over_unit_cap":false,"corner":false,"t_area":"meets","t_frontage":"meets","front_ft":9.6,"side_ft":29.9,"rear_ft":42.4,"t_front":"short","t_side":"meets","t_rear":"meets","n_short":1,"measured":true},"geometry":{"type":"Polygon","coordinates":[[[-70.878454,42.561336],[-70.878753,42.56129],[-70.878904,42.561234],[-70.878924,42.561315],[-70.878958,42.561454],[-70.878638,42.56158],[-70.878454,42.561336]]]}},{"type":"Feature","properties":{"addr":"21 LOVETT ST","units":2,"stories":3.0,"mbta":true,"lot_sf":5549,"req_lot_sf":8000,"frontage_ft":53.2,"req_frontage_ft":65,"req_front_ft":20,"req_side_ft":10,"req_rear_ft":20,"over_unit_cap":false,"corner":false,"t_area":"short","t_frontage":"short","front_ft":2.0,"side_ft":2.1,"rear_ft":54.7,"t_front":"short","t_side":"short","t_rear":"meets","n_short":4,"measured":true},"geometry":{"type":"Polygon","coordinates":[[[-70.878812,42.544049],[-70.878743,42.543884],[-70.878846,42.543807],[-70.878814,42.543756],[-70.878867,42.543733],[-70.879037,42.544019],[-70.87886,42.544111],[-70.878812,42.544049]]]}},{"type":"Feature","properties":{"addr":"6 MYRTLE ST","units":1,"stories":1.75,"mbta":false,"lot_sf":2644,"req_lot_sf":8000,"frontage_ft":42.9,"req_frontage_ft":65,"req_front_ft":20,"req_side_ft":10,"req_rear_ft":20,"over_unit_cap":false,"corner":false,"t_area":"short","t_frontage":"short","front_ft":2.5,"side_ft":1.4,"rear_ft":6.1,"t_front":"short","t_side":"short","t_rear":"short","n_short":5,"measured":true},"geometry":{"type":"Polygon","coordinates":[[[-70.878666,42.556121],[-70.878841,42.55611],[-70.878857,42.556262],[-70.878681,42.556274],[-70.878666,42.556121]]]}},{"type":"Feature","properties":{"addr":"338 CABOT ST","units":2,"stories":2.0,"mbta":false,"lot_sf":5712,"req_lot_sf":8000,"frontage_ft":44.4,"req_frontage_ft":65,"req_front_ft":20,"req_side_ft":10,"req_rear_ft":20,"over_unit_cap":false,"corner":false,"t_area":"short","t_frontage":"short","front_ft":13.9,"side_ft":4.6,"rear_ft":48.3,"t_front":"short","t_side":"short","t_rear":"meets","n_short":4,"measured":true},"geometry":{"type":"Polygon","coordinates":[[[-70.878566,42.554394],[-70.879017,42.554404],[-70.879005,42.554464],[-70.878992,42.554526],[-70.878536,42.554528],[-70.878566,42.554394]]]}},{"type":"Feature","properties":{"addr":"350 CABOT ST","units":3,"stories":2.75,"mbta":false,"lot_sf":9900,"req_lot_sf":12000,"frontage_ft":44.9,"req_frontage_ft":65,"req_front_ft":20,"req_side_ft":10,"req_rear_ft":20,"over_unit_cap":false,"corner":false,"t_area":"short","t_frontage":"short","front_ft":0.0,"side_ft":1.7,"rear_ft":24.7,"t_front":"short","t_side":"short","t_rear":"meets","n_short":4,"measured":true},"geometry":{"type":"Polygon","coordinates":[[[-70.87872,42.555324],[-70.87842,42.555314],[-70.878438,42.555177],[-70.878863,42.555165],[-70.879079,42.555159],[-70.879089,42.555315],[-70.878721,42.555334],[-70.87872,42.555324]]]}},{"type":"Feature","properties":{"addr":"20 LOVETT ST","units":6,"stories":1.0,"mbta":true,"lot_sf":9165,"req_lot_sf":8000,"frontage_ft":71.1,"req_frontage_ft":65,"req_front_ft":20,"req_side_ft":10,"req_rear_ft":20,"over_unit_cap":false,"corner":true,"t_area":"meets","t_frontage":"meets","front_ft":52.4,"side_ft":12.0,"rear_ft":4.7,"t_front":"meets","t_side":"meets","t_rear":"short","n_short":1,"measured":true},"geometry":{"type":"Polygon","coordinates":[[[-70.878787,42.544548],[-70.878579,42.5444],[-70.878808,42.544278],[-70.878969,42.544431],[-70.87895,42.54444],[-70.879112,42.544608],[-70.878999,42.544699],[-70.878787,42.544548]]]}},{"type":"Feature","properties":{"addr":"48R STONE ST","units":1,"stories":1.75,"mbta":false,"lot_sf":8705,"req_lot_sf":8000,"frontage_ft":49.3,"req_frontage_ft":65,"req_front_ft":20,"req_side_ft":10,"req_rear_ft":20,"over_unit_cap":false,"corner":false,"t_area":"meets","t_frontage":"short","front_ft":2.4,"side_ft":1.9,"rear_ft":113.7,"t_front":"short","t_side":"short","t_rear":"meets","n_short":3,"measured":true},"geometry":{"type":"Polygon","coordinates":[[[-70.878728,42.542268],[-70.878706,42.54225],[-70.878864,42.541869],[-70.879055,42.541915],[-70.878861,42.54238],[-70.878728,42.542268]]]}},{"type":"Feature","properties":{"addr":"344 CABOT ST","units":4,"stories":3.0,"mbta":false,"lot_sf":8413,"req_lot_sf":16000,"frontage_ft":132.4,"req_frontage_ft":65,"req_front_ft":20,"req_side_ft":10,"req_rear_ft":20,"over_unit_cap":false,"corner":true,"t_area":"short","t_frontage":"meets","front_ft":0.0,"side_ft":0.0,"rear_ft":32.3,"t_front":"short","t_side":"short","t_rear":"meets","n_short":3,"measured":true},"geometry":{"type":"Polygon","coordinates":[[[-70.878536,42.554528],[-70.878992,42.554526],[-70.878991,42.55453],[-70.878996,42.5547],[-70.878496,42.554714],[-70.878536,42.554528]]]}},{"type":"Feature","properties":{"addr":"4 CENTRAL CT","units":2,"stories":1.5,"mbta":true,"lot_sf":3780,"req_lot_sf":8000,"frontage_ft":39.9,"req_frontage_ft":65,"req_front_ft":20,"req_side_ft":10,"req_rear_ft":20,"over_unit_cap":false,"corner":false,"t_area":"short","t_frontage":"short","front_ft":0.7,"side_ft":1.9,"rear_ft":14.4,"t_front":"short","t_side":"short","t_rear":"short","n_short":5,"measured":true},"geometry":{"type":"Polygon","coordinates":[[[-70.878714,42.544689],[-70.878665,42.54466],[-70.878787,42.544548],[-70.878999,42.544699],[-70.878887,42.54479],[-70.878714,42.544689]]]}},{"type":"Feature","properties":{"addr":"3 SUMMER ST","units":4,"stories":3.0,"mbta":false,"lot_sf":5125,"req_lot_sf":16000,"frontage_ft":47.8,"req_frontage_ft":65,"req_front_ft":20,"req_side_ft":10,"req_rear_ft":20,"over_unit_cap":false,"corner":false,"t_area":"short","t_frontage":"short","front_ft":7.4,"side_ft":5.0,"rear_ft":14.1,"t_front":"short","t_side":"short","t_rear":"short","n_short":5,"measured":true},"geometry":{"type":"Polygon","coordinates":[[[-70.878616,42.555874],[-70.878603,42.555717],[-70.878798,42.555708],[-70.878826,42.555973],[-70.878624,42.555975],[-70.878616,42.555874]]]}},{"type":"Feature","properties":{"addr":"348 CABOT ST","units":5,"stories":2.0,"mbta":false,"lot_sf":6424,"req_lot_sf":20000,"frontage_ft":49.1,"req_frontage_ft":65,"req_front_ft":20,"req_side_ft":10,"req_rear_ft":20,"over_unit_cap":false,"corner":false,"t_area":"short","t_frontage":"short","front_ft":0.2,"side_ft":0.0,"rear_ft":57.7,"t_front":"short","t_side":"short","t_rear":"meets","n_short":4,"measured":true},"geometry":{"type":"Polygon","coordinates":[[[-70.878457,42.55503],[-70.878904,42.555011],[-70.878863,42.555165],[-70.878438,42.555177],[-70.878457,42.55503]]]}},{"type":"Feature","properties":{"addr":"5 MYRTLE ST","units":1,"stories":1.75,"mbta":false,"lot_sf":2168,"req_lot_sf":8000,"frontage_ft":47.4,"req_frontage_ft":65,"req_front_ft":20,"req_side_ft":10,"req_rear_ft":20,"over_unit_cap":false,"corner":false,"t_area":"short","t_frontage":"short","front_ft":0.7,"side_ft":3.4,"rear_ft":9.8,"t_front":"short","t_side":"short","t_rear":"short","n_short":5,"measured":true},"geometry":{"type":"Polygon","coordinates":[[[-70.878555,42.556399],[-70.878748,42.556386],[-70.878752,42.556481],[-70.878678,42.556487],[-70.87868,42.556525],[-70.878618,42.55654],[-70.878591,42.556546],[-70.878555,42.556399]]]}},{"type":"Feature","properties":{"addr":"77 SOHIER RD","units":53,"stories":2.0,"mbta":false,"lot_sf":62517,"req_lot_sf":212000,"frontage_ft":293.4,"req_frontage_ft":65,"req_front_ft":20,"req_side_ft":10,"req_rear_ft":20,"over_unit_cap":false,"corner":true,"t_area":"short","t_frontage":"meets","front_ft":29.7,"side_ft":8.9,"rear_ft":70.0,"t_front":"meets","t_side":"close","t_rear":"meets","n_short":1,"measured":true},"geometry":{"type":"Polygon","coordinates":[[[-70.878459,42.564835],[-70.877909,42.56441],[-70.878475,42.563978],[-70.878509,42.563953],[-70.878958,42.564317],[-70.8789,42.564765],[-70.878845,42.565134],[-70.878459,42.564835]]]}},{"type":"Feature","properties":{"addr":"4 MYRTLE ST","units":1,"stories":1.75,"mbta":false,"lot_sf":2002,"req_lot_sf":8000,"frontage_ft":30.7,"req_frontage_ft":65,"req_front_ft":20,"req_side_ft":10,"req_rear_ft":20,"over_unit_cap":false,"corner":false,"t_area":"short","t_frontage":"short","front_ft":3.0,"side_ft":1.7,"rear_ft":14.2,"t_front":"short","t_side":"short","t_rear":"short","n_short":5,"measured":true},"geometry":{"type":"Polygon","coordinates":[[[-70.878533,42.55613],[-70.878666,42.556121],[-70.878681,42.556274],[-70.878549,42.556283],[-70.878533,42.55613]]]}},{"type":"Feature","properties":{"addr":"366 CABOT ST","units":1,"stories":2.5,"mbta":false,"lot_sf":3542,"req_lot_sf":8000,"frontage_ft":52.5,"req_frontage_ft":65,"req_front_ft":20,"req_side_ft":10,"req_rear_ft":20,"over_unit_cap":false,"corner":true,"t_area":"short","t_frontage":"short","front_ft":0.0,"side_ft":4.2,"rear_ft":5.8,"t_front":"short","t_side":"short","t_rear":"short","n_short":5,"measured":true},"geometry":{"type":"Polygon","coordinates":[[[-70.878431,42.556606],[-70.878627,42.556584],[-70.878618,42.55654],[-70.87868,42.556525],[-70.87872,42.556718],[-70.878517,42.556737],[-70.878431,42.556606]]]}},{"type":"Feature","properties":{"addr":"21 CENTRAL ST","units":3,"stories":2.5,"mbta":true,"lot_sf":4277,"req_lot_sf":8000,"frontage_ft":72.3,"req_frontage_ft":65,"req_front_ft":20,"req_side_ft":10,"req_rear_ft":20,"over_unit_cap":false,"corner":true,"t_area":"short","t_frontage":"meets","front_ft":0.0,"side_ft":7.8,"rear_ft":23.4,"t_front":"short","t_side":"close","t_rear":"meets","n_short":2,"measured":true},"geometry":{"type":"Polygon","coordinates":[[[-70.87854,42.544841],[-70.878714,42.544689],[-70.878887,42.54479],[-70.8787,42.544941],[-70.87854,42.544841]]]}},{"type":"Feature","properties":{"addr":"25 LOVETT ST","units":1,"stories":1.75,"mbta":true,"lot_sf":2618,"req_lot_sf":8000,"frontage_ft":23.8,"req_frontage_ft":65,"req_front_ft":20,"req_side_ft":10,"req_rear_ft":20,"over_unit_cap":false,"corner":false,"t_area":"short","t_frontage":"short","front_ft":23.9,"side_ft":0.0,"rear_ft":1.2,"t_front":"meets","t_side":"short","t_rear":"short","n_short":4,"measured":true},"geometry":{"type":"Polygon","coordinates":[[[-70.878634,42.544042],[-70.878582,42.543945],[-70.878657,42.543911],[-70.878833,42.544125],[-70.878746,42.54417],[-70.878634,42.544042]]]}},{"type":"Feature","properties":{"addr":"346 CABOT ST","units":3,"stories":3.0,"mbta":false,"lot_sf":2572,"req_lot_sf":12000,"frontage_ft":57.9,"req_frontage_ft":65,"req_front_ft":20,"req_side_ft":10,"req_rear_ft":20,"over_unit_cap":false,"corner":true,"t_area":"short","t_frontage":"short","front_ft":0.0,"side_ft":0.0,"rear_ft":9.6,"t_front":"short","t_side":"short","t_rear":"short","n_short":5,"measured":true},"geometry":{"type":"Polygon","coordinates":[[[-70.878482,42.554834],[-70.878706,42.554827],[-70.878717,42.554939],[-70.878468,42.554944],[-70.878482,42.554834]]]}},{"type":"Feature","properties":{"addr":"21 SOHIER RD","units":1,"stories":null,"mbta":false,"lot_sf":122233,"req_lot_sf":8000,"frontage_ft":77.6,"req_frontage_ft":65,"req_front_ft":20,"req_side_ft":10,"req_rear_ft":20,"over_unit_cap":false,"corner":true,"t_area":"meets","t_frontage":"meets","front_ft":null,"side_ft":null,"rear_ft":null,"t_front":null,"t_side":null,"t_rear":null,"n_short":0,"measured":false},"geometry":{"type":"Polygon","coordinates":[[[-70.878136,42.560026],[-70.878353,42.560175],[-70.878678,42.560765],[-70.878716,42.560754],[-70.878739,42.560748],[-70.879474,42.560535],[-70.879474,42.560535],[-70.87946,42.560618],[-70.879458,42.56063],[-70.878914,42.560785],[-70.878882,42.560929],[-70.879437,42.560771],[-70.879403,42.560997],[-70.879226,42.56107],[-70.87906,42.561175],[-70.878922,42.561227],[-70.878904,42.561234],[-70.878753,42.56129],[-70.878454,42.561336],[-70.878228,42.561362],[-70.878097,42.561194],[-70.878002,42.561077],[-70.877956,42.561096],[-70.87788,42.560969],[-70.877828,42.560847],[-70.877777,42.560721],[-70.877733,42.560592],[-70.8777,42.560481],[-70.877691,42.560418],[-70.877633,42.560288],[-70.877595,42.560192],[-70.877734,42.560149],[-70.877956,42.560081],[-70.878136,42.560026]]]}},{"type":"Feature","properties":{"addr":"360 CABOT ST","units":2,"stories":2.0,"mbta":false,"lot_sf":7687,"req_lot_sf":8000,"frontage_ft":55.9,"req_frontage_ft":65,"req_front_ft":20,"req_side_ft":10,"req_rear_ft":20,"over_unit_cap":false,"corner":false,"t_area":"close","t_frontage":"short","front_ft":6.3,"side_ft":6.6,"rear_ft":32.7,"t_front":"short","t_side":"short","t_rear":"meets","n_short":3,"measured":true},"geometry":{"type":"Polygon","coordinates":[[[-70.878325,42.555977],[-70.878624,42.555975],[-70.878826,42.555973],[-70.878841,42.55611],[-70.878666,42.556121],[-70.878533,42.55613],[-70.878312,42.556144],[-70.878325,42.555977]]]}},{"type":"Feature","properties":{"addr":"352 CABOT ST","units":4,"stories":2.5,"mbta":false,"lot_sf":4921,"req_lot_sf":16000,"frontage_ft":54.6,"req_frontage_ft":65,"req_front_ft":20,"req_side_ft":10,"req_rear_ft":20,"over_unit_cap":false,"corner":false,"t_area":"short","t_frontage":"short","front_ft":0.0,"side_ft":2.9,"rear_ft":50.4,"t_front":"short","t_side":"short","t_rear":"meets","n_short":4,"measured":true},"geometry":{"type":"Polygon","coordinates":[[[-70.878399,42.555476],[-70.87842,42.555314],[-70.87872,42.555324],[-70.878721,42.555334],[-70.878731,42.555478],[-70.878399,42.555476]]]}},{"type":"Feature","properties":{"addr":"354 CABOT ST","units":4,"stories":1.0,"mbta":false,"lot_sf":4343,"req_lot_sf":16000,"frontage_ft":93.9,"req_frontage_ft":65,"req_front_ft":20,"req_side_ft":10,"req_rear_ft":20,"over_unit_cap":false,"corner":true,"t_area":"short","t_frontage":"meets","front_ft":0.0,"side_ft":0.0,"rear_ft":35.5,"t_front":"short","t_side":"short","t_rear":"meets","n_short":3,"measured":true},"geometry":{"type":"Polygon","coordinates":[[[-70.878399,42.555476],[-70.878731,42.555478],[-70.878738,42.555598],[-70.878382,42.555613],[-70.878399,42.555476]]]}},{"type":"Feature","properties":{"addr":"23H LOVETT ST","units":1,"stories":2.0,"mbta":true,"lot_sf":9417,"req_lot_sf":8000,"frontage_ft":4.1,"req_frontage_ft":65,"req_front_ft":20,"req_side_ft":10,"req_rear_ft":20,"over_unit_cap":false,"corner":false,"t_area":"meets","t_frontage":"short","front_ft":88.9,"side_ft":0.0,"rear_ft":5.1,"t_front":"meets","t_side":"short","t_rear":"short","n_short":3,"measured":true},"geometry":{"type":"Polygon","coordinates":[[[-70.878657,42.543911],[-70.878464,42.543675],[-70.878508,42.543655],[-70.878492,42.543606],[-70.878643,42.543506],[-70.878753,42.543709],[-70.878834,42.543678],[-70.878867,42.543733],[-70.878814,42.543756],[-70.878846,42.543807],[-70.878743,42.543884],[-70.878812,42.544049],[-70.87886,42.544111],[-70.878833,42.544125],[-70.878657,42.543911]]]}},{"type":"Feature","properties":{"addr":"9 BEAVER ST","units":1,"stories":2.0,"mbta":false,"lot_sf":5932,"req_lot_sf":8000,"frontage_ft":44.1,"req_frontage_ft":65,"req_front_ft":20,"req_side_ft":10,"req_rear_ft":20,"over_unit_cap":false,"corner":false,"t_area":"short","t_frontage":"short","front_ft":10.2,"side_ft":9.8,"rear_ft":56.1,"t_front":"short","t_side":"close","t_rear":"meets","n_short":3,"measured":true},"geometry":{"type":"Polygon","coordinates":[[[-70.878228,42.561362],[-70.878454,42.561336],[-70.878638,42.56158],[-70.878478,42.561643],[-70.878228,42.561362]]]}},{"type":"Feature","properties":{"addr":"46R STONE ST","units":1,"stories":null,"mbta":true,"lot_sf":205159,"req_lot_sf":8000,"frontage_ft":60.6,"req_frontage_ft":65,"req_front_ft":20,"req_side_ft":10,"req_rear_ft":20,"over_unit_cap":false,"corner":true,"t_area":"meets","t_frontage":"short","front_ft":null,"side_ft":null,"rear_ft":null,"t_front":null,"t_side":null,"t_rear":null,"n_short":1,"measured":false},"geometry":{"type":"Polygon","coordinates":[[[-70.877673,42.543732],[-70.877515,42.543638],[-70.877363,42.543548],[-70.8775,42.543415],[-70.877622,42.543296],[-70.87784,42.543084],[-70.877863,42.543061],[-70.878042,42.542997],[-70.878058,42.542992],[-70.878135,42.542889],[-70.878223,42.542772],[-70.87826,42.542634],[-70.878354,42.542561],[-70.878613,42.542359],[-70.878728,42.542268],[-70.878861,42.54238],[-70.879055,42.541915],[-70.879126,42.541932],[-70.879048,42.542118],[-70.879204,42.542148],[-70.879279,42.541968],[-70.87951,42.542023],[-70.879285,42.542564],[-70.879437,42.542605],[-70.879678,42.542599],[-70.87969,42.54281],[-70.879642,42.54291],[-70.879508,42.54319],[-70.879466,42.543279],[-70.879438,42.543334],[-70.879276,42.543318],[-70.879232,42.543424],[-70.878858,42.543364],[-70.878643,42.543506],[-70.878492,42.543606],[-70.878508,42.543655],[-70.878464,42.543675],[-70.878192,42.543797],[-70.877959,42.543901],[-70.877673,42.543732]]]}},{"type":"Feature","properties":{"addr":"22 LOVETT ST","units":1,"stories":2.0,"mbta":true,"lot_sf":4842,"req_lot_sf":8000,"frontage_ft":57.2,"req_frontage_ft":65,"req_front_ft":20,"req_side_ft":10,"req_rear_ft":20,"over_unit_cap":false,"corner":false,"t_area":"short","t_frontage":"short","front_ft":12.4,"side_ft":3.3,"rear_ft":7.4,"t_front":"short","t_side":"short","t_rear":"short","n_short":5,"measured":true},"geometry":{"type":"Polygon","coordinates":[[[-70.87852,42.544575],[-70.878391,42.5445],[-70.878579,42.5444],[-70.878787,42.544548],[-70.878665,42.54466],[-70.87852,42.544575]]]}},{"type":"Feature","properties":{"addr":"22R LOTHROP ST","units":1,"stories":2.0,"mbta":false,"lot_sf":1944,"req_lot_sf":8000,"frontage_ft":null,"req_frontage_ft":65,"req_front_ft":20,"req_side_ft":10,"req_rear_ft":20,"over_unit_cap":false,"corner":false,"t_area":"short","t_frontage":null,"front_ft":null,"side_ft":null,"rear_ft":null,"t_front":null,"t_side":null,"t_rear":null,"n_short":1,"measured":false},"geometry":{"type":"Polygon","coordinates":[[[-70.878499,42.54228],[-70.87863,42.542186],[-70.878706,42.54225],[-70.878728,42.542268],[-70.878613,42.542359],[-70.878499,42.54228]]]}},{"type":"Feature","properties":{"addr":"364 CABOT ST","units":3,"stories":3.0,"mbta":false,"lot_sf":4135,"req_lot_sf":12000,"frontage_ft":74.1,"req_frontage_ft":65,"req_front_ft":20,"req_side_ft":10,"req_rear_ft":20,"over_unit_cap":false,"corner":true,"t_area":"short","t_frontage":"meets","front_ft":4.2,"side_ft":0.0,"rear_ft":21.8,"t_front":"short","t_side":"short","t_rear":"meets","n_short":3,"measured":true},"geometry":{"type":"Polygon","coordinates":[[[-70.878306,42.556417],[-70.878555,42.556399],[-70.878591,42.556546],[-70.878618,42.55654],[-70.878627,42.556584],[-70.878431,42.556606],[-70.878306,42.556417]]]}},{"type":"Feature","properties":{"addr":"356 CABOT ST","units":3,"stories":2.75,"mbta":false,"lot_sf":3868,"req_lot_sf":12000,"frontage_ft":67.1,"req_frontage_ft":65,"req_front_ft":20,"req_side_ft":10,"req_rear_ft":20,"over_unit_cap":false,"corner":true,"t_area":"short","t_frontage":"meets","front_ft":4.9,"side_ft":5.1,"rear_ft":11.8,"t_front":"short","t_side":"short","t_rear":"short","n_short":4,"measured":true},"geometry":{"type":"Polygon","coordinates":[[[-70.878334,42.555863],[-70.878345,42.555728],[-70.878603,42.555717],[-70.878616,42.555874],[-70.878334,42.555863]]]}},{"type":"Feature","properties":{"addr":"358 CABOT ST","units":2,"stories":2.0,"mbta":false,"lot_sf":3064,"req_lot_sf":8000,"frontage_ft":36.8,"req_frontage_ft":65,"req_front_ft":20,"req_side_ft":10,"req_rear_ft":20,"over_unit_cap":false,"corner":false,"t_area":"short","t_frontage":"short","front_ft":0.0,"side_ft":1.9,"rear_ft":16.6,"t_front":"short","t_side":"short","t_rear":"short","n_short":5,"measured":true},"geometry":{"type":"Polygon","coordinates":[[[-70.878334,42.555863],[-70.878616,42.555874],[-70.878624,42.555975],[-70.878325,42.555977],[-70.878334,42.555863]]]}},{"type":"Feature","properties":{"addr":"27 LOVETT ST","units":2,"stories":3.0,"mbta":true,"lot_sf":4466,"req_lot_sf":8000,"frontage_ft":40.2,"req_frontage_ft":65,"req_front_ft":20,"req_side_ft":10,"req_rear_ft":20,"over_unit_cap":false,"corner":false,"t_area":"short","t_frontage":"short","front_ft":14.3,"side_ft":4.2,"rear_ft":37.6,"t_front":"short","t_side":"short","t_rear":"meets","n_short":4,"measured":true},"geometry":{"type":"Polygon","coordinates":[[[-70.878379,42.544022],[-70.878532,42.543965],[-70.878711,42.544188],[-70.878574,42.544259],[-70.878379,42.544022]]]}},{"type":"Feature","properties":{"addr":"362 CABOT ST","units":2,"stories":2.0,"mbta":false,"lot_sf":3581,"req_lot_sf":8000,"frontage_ft":65.2,"req_frontage_ft":65,"req_front_ft":20,"req_side_ft":10,"req_rear_ft":20,"over_unit_cap":false,"corner":true,"t_area":"short","t_frontage":"meets","front_ft":26.6,"side_ft":0.2,"rear_ft":0.0,"t_front":"meets","t_side":"short","t_rear":"short","n_short":3,"measured":true},"geometry":{"type":"Polygon","coordinates":[[[-70.878312,42.556144],[-70.878533,42.55613],[-70.878549,42.556283],[-70.878299,42.5563],[-70.878312,42.556144]]]}},{"type":"Feature","properties":{"addr":"23 CENTRAL ST","units":6,"stories":3.0,"mbta":true,"lot_sf":4737,"req_lot_sf":8000,"frontage_ft":60.4,"req_frontage_ft":65,"req_front_ft":20,"req_side_ft":10,"req_rear_ft":20,"over_unit_cap":false,"corner":false,"t_area":"short","t_frontage":"short","front_ft":4.5,"side_ft":4.1,"rear_ft":13.6,"t_front":"short","t_side":"short","t_rear":"short","n_short":5,"measured":true},"geometry":{"type":"Polygon","coordinates":[[[-70.878354,42.544726],[-70.87852,42.544575],[-70.878665,42.54466],[-70.878714,42.544689],[-70.87854,42.544841],[-70.878354,42.544726]]]}},{"type":"Feature","properties":{"addr":"25H LOVETT ST","units":1,"stories":1.75,"mbta":true,"lot_sf":9504,"req_lot_sf":8000,"frontage_ft":6.3,"req_frontage_ft":65,"req_front_ft":20,"req_side_ft":10,"req_rear_ft":20,"over_unit_cap":false,"corner":false,"t_area":"meets","t_frontage":"short","front_ft":94.3,"side_ft":0.0,"rear_ft":5.7,"t_front":"meets","t_side":"short","t_rear":"short","n_short":3,"measured":true},"geometry":{"type":"Polygon","coordinates":[[[-70.878532,42.543965],[-70.878379,42.544022],[-70.878192,42.543797],[-70.878464,42.543675],[-70.878657,42.543911],[-70.878582,42.543945],[-70.878634,42.544042],[-70.878746,42.54417],[-70.878711,42.544188],[-70.878532,42.543965]]]}},{"type":"Feature","properties":{"addr":"1-2 HILLTOP DR","units":38,"stories":2.0,"mbta":false,"lot_sf":274281,"req_lot_sf":152000,"frontage_ft":777.3,"req_frontage_ft":65,"req_front_ft":20,"req_side_ft":10,"req_rear_ft":20,"over_unit_cap":false,"corner":true,"t_area":"meets","t_frontage":"meets","front_ft":105.9,"side_ft":17.6,"rear_ft":181.5,"t_front":"meets","t_side":"meets","t_rear":"meets","n_short":0,"measured":true},"geometry":{"type":"MultiPolygon","coordinates":[[[[-70.877853,42.569055],[-70.877576,42.568558],[-70.877237,42.567867],[-70.877164,42.567804],[-70.877218,42.567737],[-70.877716,42.566993],[-70.878711,42.566148],[-70.878743,42.566045],[-70.878745,42.566105],[-70.878748,42.566165],[-70.878752,42.566225],[-70.87876,42.566306],[-70.878911,42.566941],[-70.878923,42.566994],[-70.87893,42.567029],[-70.878936,42.567065],[-70.878942,42.5671],[-70.878946,42.567136],[-70.87895,42.567172],[-70.878953,42.567207],[-70.878954,42.567243],[-70.878956,42.567279],[-70.878956,42.567314],[-70.878955,42.56735],[-70.878954,42.567386],[-70.878951,42.567421],[-70.878948,42.567457],[-70.878944,42.567493],[-70.87894,42.567528],[-70.878934,42.567564],[-70.878927,42.567599],[-70.87892,42.567634],[-70.878912,42.56767],[-70.878903,42.567705],[-70.878893,42.56774],[-70.878883,42.567775],[-70.878871,42.567809],[-70.878859,42.567844],[-70.878846,42.567878],[-70.878843,42.567879],[-70.878839,42.567879],[-70.878835,42.567879],[-70.878832,42.56788],[-70.878828,42.56788],[-70.878824,42.56788],[-70.878821,42.56788],[-70.878817,42.56788],[-70.878813,42.567879],[-70.878809,42.567879],[-70.878806,42.567879],[-70.878802,42.567878],[-70.878799,42.567878],[-70.878795,42.567877],[-70.878791,42.567876],[-70.878788,42.567875],[-70.878784,42.567874],[-70.878781,42.567873],[-70.878603,42.567812],[-70.878601,42.567812],[-70.878599,42.567811],[-70.878598,42.56781],[-70.878596,42.567809],[-70.878594,42.567807],[-70.878593,42.567806],[-70.878591,42.567805],[-70.87859,42.567804],[-70.878589,42.567802],[-70.878588,42.567801],[-70.878587,42.567799],[-70.878586,42.567798],[-70.878585,42.567796],[-70.878584,42.567795],[-70.878583,42.567793],[-70.878583,42.567792],[-70.878583,42.56779],[-70.878582,42.567789],[-70.878582,42.567787],[-70.878582,42.567785],[-70.878583,42.567756],[-70.878239,42.567649],[-70.878228,42.567663],[-70.878227,42.567665],[-70.878226,42.567666],[-70.878225,42.567667],[-70.878224,42.567668],[-70.878222,42.567669],[-70.878221,42.56767],[-70.878219,42.567671],[-70.878218,42.567672],[-70.878216,42.567673],[-70.878214,42.567674],[-70.878213,42.567675],[-70.878211,42.567676],[-70.878209,42.567676],[-70.878207,42.567677],[-70.878205,42.567677],[-70.878203,42.567678],[-70.878201,42.567678],[-70.878199,42.567678],[-70.878197,42.567678],[-70.878195,42.567678],[-70.878193,42.567678],[-70.878191,42.567678],[-70.878189,42.567678],[-70.878187,42.567678],[-70.878185,42.567677],[-70.878183,42.567677],[-70.878181,42.567676],[-70.878179,42.567676],[-70.878139,42.567663],[-70.877967,42.56788],[-70.878001,42.567951],[-70.877847,42.568158],[-70.877844,42.568161],[-70.877841,42.568165],[-70.877838,42.568168],[-70.877836,42.568171],[-70.877833,42.568175],[-70.87783,42.568178],[-70.877828,42.568182],[-70.877826,42.568185],[-70.877823,42.568189],[-70.877821,42.568192],[-70.877819,42.568196],[-70.877817,42.568199],[-70.877815,42.568203],[-70.877813,42.568207],[-70.877812,42.56821],[-70.87781,42.568214],[-70.877809,42.568218],[-70.877807,42.568221],[-70.877806,42.568225],[-70.877804,42.568229],[-70.877803,42.568233],[-70.877802,42.568236],[-70.877801,42.56824],[-70.8778,42.568244],[-70.877799,42.568248],[-70.877798,42.568252],[-70.877798,42.568256],[-70.877797,42.56826],[-70.877797,42.568263],[-70.877796,42.568267],[-70.877796,42.568271],[-70.877796,42.568275],[-70.877796,42.568279],[-70.877796,42.568283],[-70.877796,42.568287],[-70.877796,42.568291],[-70.877796,42.568294],[-70.877796,42.568298],[-70.877797,42.568302],[-70.877797,42.568306],[-70.877798,42.56831],[-70.877799,42.568314],[-70.877799,42.568318],[-70.8778,42.568321],[-70.877801,42.568325],[-70.877802,42.568329],[-70.877803,42.568333],[-70.877805,42.568337],[-70.877806,42.56834],[-70.877807,42.568344],[-70.877809,42.568348],[-70.877811,42.568352],[-70.877812,42.568355],[-70.877814,42.568359],[-70.877816,42.568363],[-70.877819,42.568369],[-70.877976,42.568645],[-70.877978,42.568647],[-70.877979,42.568649],[-70.87798,42.568651],[-70.877981,42.568652],[-70.877983,42.568654],[-70.877984,42.568656],[-70.877985,42.568657],[-70.877986,42.568659],[-70.877988,42.56866],[-70.877989,42.568662],[-70.877991,42.568664],[-70.877992,42.568665],[-70.877994,42.568667],[-70.877995,42.568668],[-70.877997,42.56867],[-70.877999,42.568671],[-70.878,42.568673],[-70.878002,42.568674],[-70.878004,42.568676],[-70.878005,42.568677],[-70.878007,42.568678],[-70.878009,42.56868],[-70.878011,42.568681],[-70.878013,42.568682],[-70.878015,42.568684],[-70.878017,42.568685],[-70.878019,42.568686],[-70.878021,42.568687],[-70.878023,42.568688],[-70.878025,42.56869],[-70.878027,42.568691],[-70.878029,42.568692],[-70.878031,42.568693],[-70.878034,42.568694],[-70.878036,42.568695],[-70.878038,42.568696],[-70.87804,42.568697],[-70.878042,42.568698],[-70.878045,42.568699],[-70.878047,42.568699],[-70.878049,42.5687],[-70.878052,42.568701],[-70.878054,42.568702],[-70.878057,42.568703],[-70.878059,42.568703],[-70.878061,42.568704],[-70.878064,42.568705],[-70.878066,42.568705],[-70.878069,42.568706],[-70.878071,42.568706],[-70.878074,42.568707],[-70.878076,42.568707],[-70.878079,42.568708],[-70.878081,42.568708],[-70.878084,42.568709],[-70.878086,42.568709],[-70.878089,42.568709],[-70.878091,42.56871],[-70.878094,42.56871],[-70.878097,42.56871],[-70.878099,42.56871],[-70.878102,42.56871],[-70.878104,42.568711],[-70.878107,42.568711],[-70.878109,42.568711],[-70.878112,42.568711],[-70.878115,42.568711],[-70.878117,42.568711],[-70.87812,42.568711],[-70.878122,42.56871],[-70.878125,42.56871],[-70.878128,42.56871],[-70.87813,42.56871],[-70.878133,42.56871],[-70.878135,42.568709],[-70.878138,42.568709],[-70.87814,42.568709],[-70.878143,42.568708],[-70.878145,42.568708],[-70.878148,42.568707],[-70.87815,42.568707],[-70.878153,42.568707],[-70.878155,42.568706],[-70.878158,42.568705],[-70.87816,42.568705],[-70.878163,42.568704],[-70.878165,42.568703],[-70.878168,42.568703],[-70.878438,42.568623],[-70.878495,42.568617],[-70.878472,42.56867],[-70.878451,42.568723],[-70.878431,42.568777],[-70.878412,42.56883],[-70.878394,42.568884],[-70.878377,42.568939],[-70.878368,42.568982],[-70.878359,42.569025],[-70.878055,42.56931],[-70.877974,42.569227],[-70.877853,42.569055]]],[[[-70.878315,42.567818],[-70.878317,42.567818],[-70.878319,42.567818],[-70.878321,42.567818],[-70.878323,42.567818],[-70.878324,42.567819],[-70.878326,42.567819],[-70.878328,42.567819],[-70.87833,42.56782],[-70.878332,42.56782],[-70.878749,42.567954],[-70.878752,42.567955],[-70.878755,42.567956],[-70.878757,42.567957],[-70.87876,42.567958],[-70.878762,42.567959],[-70.878765,42.567961],[-70.878767,42.567962],[-70.878769,42.567963],[-70.878772,42.567965],[-70.878774,42.567966],[-70.878776,42.567968],[-70.878778,42.567969],[-70.87878,42.567971],[-70.878782,42.567972],[-70.878784,42.567974],[-70.878785,42.567976],[-70.878787,42.567978],[-70.878789,42.56798],[-70.87879,42.567981],[-70.878791,42.567983],[-70.878793,42.567985],[-70.878794,42.567987],[-70.878795,42.567989],[-70.878762,42.568057],[-70.878743,42.568095],[-70.878723,42.568132],[-70.878701,42.56817],[-70.878664,42.568235],[-70.878628,42.568301],[-70.878563,42.568431],[-70.878151,42.568556],[-70.878149,42.568557],[-70.878147,42.568558],[-70.878145,42.568559],[-70.878142,42.568559],[-70.87814,42.56856],[-70.878138,42.56856],[-70.878135,42.568561],[-70.878133,42.568561],[-70.878131,42.568561],[-70.878128,42.568561],[-70.878126,42.568561],[-70.878123,42.568561],[-70.878121,42.568561],[-70.878119,42.56856],[-70.878116,42.568559],[-70.878114,42.568559],[-70.878112,42.568558],[-70.87811,42.568557],[-70.878108,42.568556],[-70.878106,42.568555],[-70.878104,42.568554],[-70.878103,42.568552],[-70.878101,42.568551],[-70.8781,42.568549],[-70.878098,42.568548],[-70.878097,42.568546],[-70.878096,42.568544],[-70.877986,42.568324],[-70.877984,42.56832],[-70.877983,42.568318],[-70.877982,42.568316],[-70.877982,42.568314],[-70.877981,42.568312],[-70.87798,42.56831],[-70.87798,42.568308],[-70.877979,42.568306],[-70.877979,42.568303],[-70.877978,42.568301],[-70.877978,42.568299],[-70.877977,42.568297],[-70.877977,42.568295],[-70.877977,42.568292],[-70.877977,42.56829],[-70.877977,42.568288],[-70.877976,42.568286],[-70.877976,42.568284],[-70.877976,42.568281],[-70.877976,42.568279],[-70.877977,42.568277],[-70.877977,42.568275],[-70.877977,42.568273],[-70.877977,42.56827],[-70.877977,42.568268],[-70.877978,42.568266],[-70.877978,42.568264],[-70.877979,42.568262],[-70.877979,42.568259],[-70.87798,42.568257],[-70.87798,42.568255],[-70.877981,42.568253],[-70.877982,42.568251],[-70.877983,42.568249],[-70.877983,42.568247],[-70.877984,42.568245],[-70.877985,42.568242],[-70.877986,42.56824],[-70.877987,42.568238],[-70.877988,42.568236],[-70.877989,42.568234],[-70.877991,42.568232],[-70.877992,42.56823],[-70.877993,42.568228],[-70.877994,42.568226],[-70.877996,42.568224],[-70.877997,42.568222],[-70.878288,42.567828],[-70.878289,42.567827],[-70.87829,42.567826],[-70.878292,42.567825],[-70.878293,42.567824],[-70.878295,42.567823],[-70.878296,42.567823],[-70.878298,42.567822],[-70.8783,42.567821],[-70.878302,42.567821],[-70.878303,42.56782],[-70.878305,42.567819],[-70.878307,42.567819],[-70.878309,42.567819],[-70.878311,42.567818],[-70.878313,42.567818],[-70.878315,42.567818]]]]}},{"type":"Feature","properties":{"addr":"25 CENTRAL ST","units":2,"stories":2.0,"mbta":true,"lot_sf":3763,"req_lot_sf":8000,"frontage_ft":69.3,"req_frontage_ft":65,"req_front_ft":20,"req_side_ft":10,"req_rear_ft":20,"over_unit_cap":false,"corner":true,"t_area":"short","t_frontage":"meets","front_ft":0.7,"side_ft":17.1,"rear_ft":0.0,"t_front":"short","t_side":"meets","t_rear":"short","n_short":3,"measured":true},"geometry":{"type":"Polygon","coordinates":[[[-70.878175,42.544615],[-70.878391,42.5445],[-70.87852,42.544575],[-70.878354,42.544726],[-70.878175,42.544615]]]}},{"type":"Feature","properties":{"addr":"25-27 DEARBORN AVE","units":77,"stories":2.0,"mbta":false,"lot_sf":235645,"req_lot_sf":308000,"frontage_ft":596.2,"req_frontage_ft":65,"req_front_ft":20,"req_side_ft":10,"req_rear_ft":20,"over_unit_cap":false,"corner":true,"t_area":"short","t_frontage":"meets","front_ft":107.2,"side_ft":26.5,"rear_ft":226.6,"t_front":"meets","t_side":"meets","t_rear":"meets","n_short":1,"measured":true},"geometry":{"type":"MultiPolygon","coordinates":[[[[-70.878021,42.563025],[-70.877854,42.562863],[-70.877683,42.562696],[-70.877513,42.562532],[-70.877343,42.562366],[-70.877178,42.562206],[-70.877175,42.562204],[-70.877008,42.562042],[-70.87685,42.56189],[-70.876691,42.561736],[-70.876654,42.5617],[-70.876664,42.561698],[-70.877008,42.561626],[-70.877373,42.562061],[-70.877386,42.562072],[-70.8774,42.562083],[-70.877414,42.562094],[-70.877428,42.562105],[-70.877442,42.562115],[-70.877457,42.562125],[-70.877472,42.562135],[-70.877487,42.562145],[-70.877502,42.562155],[-70.877518,42.562165],[-70.877533,42.562174],[-70.877549,42.562183],[-70.877566,42.562192],[-70.877582,42.562201],[-70.877599,42.562209],[-70.877615,42.562217],[-70.877632,42.562225],[-70.87765,42.562233],[-70.877667,42.562241],[-70.877684,42.562248],[-70.877702,42.562255],[-70.87772,42.562262],[-70.877738,42.562269],[-70.877756,42.562275],[-70.877775,42.562282],[-70.877793,42.562287],[-70.877812,42.562293],[-70.87783,42.562299],[-70.877849,42.562304],[-70.877868,42.562309],[-70.877887,42.562314],[-70.877907,42.562318],[-70.877926,42.562323],[-70.877954,42.562328],[-70.878229,42.562366],[-70.878246,42.562371],[-70.878261,42.562375],[-70.878276,42.562379],[-70.878291,42.562384],[-70.878305,42.562388],[-70.87832,42.562393],[-70.878334,42.562398],[-70.878349,42.562403],[-70.878363,42.562409],[-70.878377,42.562415],[-70.878391,42.56242],[-70.878405,42.562426],[-70.878419,42.562432],[-70.878432,42.562439],[-70.878446,42.562445],[-70.878459,42.562452],[-70.878472,42.562459],[-70.878485,42.562466],[-70.878498,42.562473],[-70.87851,42.56248],[-70.878523,42.562488],[-70.878535,42.562496],[-70.878547,42.562503],[-70.878559,42.562511],[-70.878571,42.56252],[-70.878582,42.562528],[-70.878593,42.562536],[-70.878605,42.562545],[-70.878615,42.562554],[-70.878626,42.562562],[-70.878637,42.562571],[-70.878647,42.562581],[-70.878649,42.562582],[-70.87865,42.562584],[-70.878651,42.562585],[-70.878652,42.562586],[-70.878653,42.562588],[-70.878654,42.562589],[-70.878654,42.562591],[-70.878655,42.562592],[-70.878656,42.562593],[-70.878656,42.562595],[-70.878657,42.562596],[-70.878657,42.562598],[-70.878658,42.562599],[-70.878658,42.562601],[-70.878658,42.562602],[-70.878659,42.562604],[-70.878659,42.562606],[-70.878659,42.562607],[-70.878659,42.562609],[-70.878659,42.56261],[-70.878658,42.562612],[-70.878658,42.562613],[-70.878658,42.562615],[-70.878657,42.562616],[-70.878657,42.562618],[-70.878656,42.562619],[-70.878656,42.562621],[-70.878655,42.562622],[-70.878654,42.562624],[-70.878653,42.562625],[-70.878653,42.562626],[-70.878652,42.562628],[-70.878651,42.562629],[-70.87865,42.56263],[-70.878648,42.562632],[-70.878647,42.562633],[-70.878646,42.562634],[-70.878645,42.562635],[-70.878643,42.562637],[-70.878642,42.562638],[-70.87864,42.562639],[-70.878639,42.56264],[-70.878622,42.562654],[-70.878612,42.562662],[-70.878601,42.56267],[-70.87859,42.562678],[-70.87858,42.562686],[-70.878568,42.562694],[-70.878557,42.562701],[-70.878545,42.562709],[-70.878534,42.562716],[-70.878522,42.562723],[-70.87851,42.56273],[-70.878498,42.562737],[-70.878485,42.562744],[-70.878473,42.56275],[-70.87846,42.562757],[-70.878447,42.562763],[-70.878181,42.562919],[-70.878271,42.563008],[-70.878797,42.562716],[-70.879131,42.562741],[-70.87902,42.563413],[-70.878671,42.563676],[-70.878024,42.563028],[-70.878021,42.563025]]],[[[-70.877477,42.561525],[-70.877804,42.561459],[-70.877814,42.561471],[-70.877819,42.561477],[-70.877821,42.56148],[-70.877824,42.561483],[-70.877826,42.561487],[-70.877829,42.56149],[-70.877831,42.561494],[-70.877833,42.561497],[-70.877835,42.561501],[-70.877837,42.561504],[-70.877839,42.561508],[-70.877841,42.561511],[-70.877843,42.561515],[-70.877844,42.561519],[-70.877846,42.561522],[-70.877848,42.561526],[-70.877849,42.56153],[-70.87785,42.561534],[-70.877852,42.561537],[-70.877853,42.561541],[-70.877854,42.561545],[-70.877855,42.561549],[-70.877856,42.561553],[-70.877857,42.561556],[-70.877857,42.56156],[-70.877858,42.561564],[-70.877858,42.561568],[-70.877859,42.561572],[-70.877859,42.561576],[-70.877859,42.561579],[-70.87786,42.561583],[-70.87786,42.561587],[-70.87786,42.561591],[-70.87786,42.561595],[-70.877859,42.561599],[-70.877859,42.561603],[-70.877859,42.561606],[-70.877858,42.56161],[-70.877858,42.561614],[-70.877857,42.561618],[-70.877856,42.561622],[-70.877855,42.561626],[-70.877855,42.561629],[-70.877854,42.561633],[-70.877852,42.561637],[-70.877851,42.561641],[-70.87785,42.561645],[-70.877849,42.561648],[-70.877847,42.561652],[-70.877846,42.561656],[-70.877844,42.561659],[-70.877842,42.561663],[-70.87784,42.561667],[-70.877839,42.56167],[-70.877837,42.561674],[-70.877834,42.561677],[-70.877832,42.561681],[-70.87783,42.561684],[-70.877828,42.561688],[-70.877825,42.561691],[-70.877823,42.561695],[-70.87782,42.561698],[-70.877818,42.561701],[-70.877815,42.561705],[-70.877812,42.561708],[-70.877809,42.561711],[-70.877807,42.561714],[-70.877803,42.561718],[-70.8778,42.561721],[-70.877797,42.561724],[-70.877794,42.561727],[-70.877791,42.56173],[-70.877787,42.561733],[-70.877784,42.561736],[-70.87778,42.561739],[-70.877563,42.56194],[-70.877562,42.561941],[-70.87756,42.561943],[-70.877559,42.561944],[-70.877557,42.561946],[-70.877556,42.561947],[-70.877554,42.561949],[-70.877553,42.56195],[-70.877551,42.561951],[-70.877549,42.561953],[-70.877547,42.561954],[-70.877546,42.561955],[-70.877544,42.561956],[-70.877542,42.561957],[-70.87754,42.561958],[-70.877538,42.561959],[-70.877535,42.56196],[-70.877533,42.561961],[-70.877531,42.561962],[-70.877529,42.561962],[-70.877527,42.561963],[-70.877524,42.561964],[-70.877522,42.561964],[-70.87752,42.561965],[-70.877517,42.561965],[-70.877515,42.561966],[-70.877512,42.561966],[-70.87751,42.561966],[-70.877508,42.561966],[-70.877505,42.561967],[-70.877503,42.561967],[-70.8775,42.561967],[-70.877498,42.561967],[-70.877495,42.561966],[-70.877493,42.561966],[-70.87749,42.561966],[-70.877488,42.561966],[-70.877486,42.561965],[-70.877483,42.561965],[-70.877481,42.561964],[-70.877479,42.561964],[-70.877476,42.561963],[-70.877474,42.561963],[-70.877472,42.561962],[-70.877469,42.561961],[-70.877467,42.56196],[-70.877465,42.561959],[-70.877463,42.561958],[-70.877461,42.561957],[-70.877459,42.561956],[-70.877457,42.561955],[-70.877455,42.561954],[-70.877453,42.561953],[-70.877452,42.561951],[-70.87745,42.56195],[-70.877448,42.561949],[-70.877447,42.561947],[-70.877445,42.561946],[-70.877444,42.561945],[-70.877442,42.561943],[-70.87715,42.561591],[-70.877477,42.561525]]],[[[-70.877933,42.561416],[-70.878228,42.561362],[-70.878478,42.561643],[-70.878558,42.561737],[-70.878744,42.561963],[-70.878874,42.562121],[-70.879175,42.562486],[-70.879148,42.562636],[-70.879137,42.562636],[-70.879127,42.562635],[-70.879117,42.562635],[-70.879108,42.562634],[-70.879098,42.562633],[-70.879088,42.562632],[-70.879078,42.562631],[-70.879068,42.56263],[-70.879058,42.562629],[-70.879048,42.562627],[-70.879038,42.562625],[-70.879029,42.562624],[-70.879019,42.562622],[-70.879009,42.56262],[-70.879,42.562618],[-70.87899,42.562616],[-70.878981,42.562613],[-70.878971,42.562611],[-70.878962,42.562608],[-70.878953,42.562606],[-70.878943,42.562603],[-70.878934,42.5626],[-70.878925,42.562597],[-70.878916,42.562594],[-70.878907,42.56259],[-70.878898,42.562587],[-70.878889,42.562584],[-70.878881,42.56258],[-70.878872,42.562576],[-70.878863,42.562572],[-70.878855,42.562568],[-70.878847,42.562564],[-70.878838,42.56256],[-70.87883,42.562556],[-70.878822,42.562551],[-70.878814,42.562547],[-70.878806,42.562542],[-70.878799,42.562538],[-70.878791,42.562533],[-70.878784,42.562528],[-70.878776,42.562523],[-70.878766,42.562513],[-70.878756,42.562504],[-70.878746,42.562495],[-70.878736,42.562485],[-70.878725,42.562476],[-70.878714,42.562467],[-70.878703,42.562459],[-70.878691,42.56245],[-70.87868,42.562441],[-70.878668,42.562433],[-70.878656,42.562425],[-70.878644,42.562417],[-70.878632,42.562409],[-70.878619,42.562401],[-70.878607,42.562394],[-70.878594,42.562386],[-70.878581,42.562379],[-70.878568,42.562372],[-70.878554,42.562365],[-70.878541,42.562358],[-70.878527,42.562352],[-70.878513,42.562345],[-70.878499,42.562339],[-70.878485,42.562333],[-70.878471,42.562327],[-70.878456,42.562322],[-70.878442,42.562316],[-70.878427,42.562311],[-70.878413,42.562306],[-70.878398,42.562301],[-70.878383,42.562296],[-70.878368,42.562292],[-70.878352,42.562288],[-70.878337,42.562284],[-70.878322,42.56228],[-70.878306,42.562276],[-70.87829,42.562272],[-70.878197,42.56226],[-70.878149,42.562252],[-70.878102,42.562244],[-70.878055,42.562236],[-70.878007,42.562226],[-70.877961,42.562216],[-70.877951,42.562215],[-70.877942,42.562214],[-70.877933,42.562213],[-70.877924,42.562211],[-70.877915,42.56221],[-70.877906,42.562208],[-70.877897,42.562206],[-70.877888,42.562204],[-70.877879,42.562202],[-70.877871,42.5622],[-70.877862,42.562198],[-70.877853,42.562195],[-70.877845,42.562193],[-70.877836,42.56219],[-70.877828,42.562188],[-70.877819,42.562185],[-70.877811,42.562182],[-70.877802,42.562179],[-70.877794,42.562176],[-70.877786,42.562172],[-70.877778,42.562169],[-70.87777,42.562166],[-70.877762,42.562162],[-70.877754,42.562158],[-70.877746,42.562155],[-70.877739,42.562151],[-70.877731,42.562147],[-70.877724,42.562143],[-70.877716,42.562139],[-70.877709,42.562134],[-70.877702,42.56213],[-70.877695,42.562126],[-70.877688,42.562121],[-70.877681,42.562116],[-70.877674,42.562112],[-70.877668,42.562107],[-70.87766,42.562101],[-70.877659,42.5621],[-70.877657,42.562098],[-70.877655,42.562097],[-70.877654,42.562095],[-70.877652,42.562094],[-70.877651,42.562092],[-70.87765,42.562091],[-70.877648,42.562089],[-70.877647,42.562087],[-70.877646,42.562086],[-70.877645,42.562084],[-70.877644,42.562082],[-70.877643,42.56208],[-70.877643,42.562078],[-70.877642,42.562077],[-70.877641,42.562075],[-70.877641,42.562073],[-70.877641,42.562071],[-70.87764,42.562069],[-70.87764,42.562067],[-70.87764,42.562065],[-70.87764,42.562063],[-70.87764,42.562062],[-70.87764,42.56206],[-70.87764,42.562058],[-70.877641,42.562056],[-70.877641,42.562054],[-70.877642,42.562052],[-70.877642,42.56205],[-70.877643,42.562049],[-70.877644,42.562047],[-70.877645,42.562045],[-70.877645,42.562043],[-70.877647,42.562041],[-70.877648,42.56204],[-70.877649,42.562038],[-70.87765,42.562036],[-70.877651,42.562035],[-70.877653,42.562033],[-70.877654,42.562032],[-70.877656,42.56203],[-70.877916,42.561789],[-70.87792,42.561785],[-70.877925,42.561781],[-70.877929,42.561776],[-70.877933,42.561772],[-70.877938,42.561768],[-70.877942,42.561764],[-70.877945,42.561759],[-70.877949,42.561755],[-70.877953,42.56175],[-70.877957,42.561746],[-70.87796,42.561741],[-70.877964,42.561737],[-70.877967,42.561732],[-70.87797,42.561727],[-70.877973,42.561722],[-70.877976,42.561718],[-70.877979,42.561713],[-70.877982,42.561708],[-70.877984,42.561703],[-70.877987,42.561698],[-70.877989,42.561693],[-70.877991,42.561688],[-70.877993,42.561683],[-70.877995,42.561678],[-70.877997,42.561673],[-70.877999,42.561668],[-70.878001,42.561663],[-70.878002,42.561658],[-70.878004,42.561653],[-70.878005,42.561647],[-70.878006,42.561642],[-70.878007,42.561637],[-70.878008,42.561632],[-70.878009,42.561627],[-70.87801,42.561621],[-70.87801,42.561616],[-70.878011,42.561611],[-70.878011,42.561606],[-70.878011,42.5616],[-70.878011,42.561595],[-70.878011,42.56159],[-70.878011,42.561585],[-70.878011,42.561579],[-70.87801,42.561574],[-70.87801,42.561569],[-70.878009,42.561564],[-70.878008,42.561558],[-70.878007,42.561553],[-70.878006,42.561548],[-70.878005,42.561543],[-70.878004,42.561538],[-70.878002,42.561533],[-70.878001,42.561527],[-70.877999,42.561522],[-70.877997,42.561517],[-70.877995,42.561512],[-70.877993,42.561507],[-70.877991,42.561502],[-70.877989,42.561497],[-70.877987,42.561492],[-70.877984,42.561487],[-70.877982,42.561482],[-70.877979,42.561477],[-70.877976,42.561473],[-70.877973,42.561468],[-70.87797,42.561463],[-70.877967,42.561458],[-70.877964,42.561454],[-70.87796,42.561449],[-70.877957,42.561445],[-70.877952,42.561439],[-70.87795,42.561436],[-70.877933,42.561416]]]]}},{"type":"Feature","properties":{"addr":"333 CABOT ST","units":6,"stories":3.0,"mbta":false,"lot_sf":4106,"req_lot_sf":24000,"frontage_ft":35.3,"req_frontage_ft":65,"req_front_ft":20,"req_side_ft":10,"req_rear_ft":20,"over_unit_cap":false,"corner":false,"t_area":"short","t_frontage":"short","front_ft":1.3,"side_ft":0.0,"rear_ft":14.2,"t_front":"short","t_side":"short","t_rear":"short","n_short":5,"measured":true},"geometry":{"type":"Polygon","coordinates":[[[-70.877967,42.554481],[-70.877992,42.554374],[-70.878368,42.554419],[-70.878367,42.554422],[-70.878345,42.554528],[-70.877967,42.554481]]]}},{"type":"Feature","properties":{"addr":"31 LOVETT ST","units":6,"stories":2.0,"mbta":true,"lot_sf":18111,"req_lot_sf":8000,"frontage_ft":76.8,"req_frontage_ft":65,"req_front_ft":20,"req_side_ft":10,"req_rear_ft":20,"over_unit_cap":false,"corner":false,"t_area":"meets","t_frontage":"meets","front_ft":130.5,"side_ft":13.2,"rear_ft":6.1,"t_front":"meets","t_side":"meets","t_rear":"short","n_short":1,"measured":true},"geometry":{"type":"Polygon","coordinates":[[[-70.878052,42.544116],[-70.877891,42.543956],[-70.877959,42.543901],[-70.878192,42.543797],[-70.878379,42.544022],[-70.878574,42.544259],[-70.878326,42.544387],[-70.878052,42.544116]]]}},{"type":"Feature","properties":{"addr":"329 CABOT ST","units":4,"stories":2.5,"mbta":false,"lot_sf":10941,"req_lot_sf":16000,"frontage_ft":64.9,"req_frontage_ft":65,"req_front_ft":20,"req_side_ft":10,"req_rear_ft":20,"over_unit_cap":false,"corner":false,"t_area":"short","t_frontage":"close","front_ft":0.7,"side_ft":9.0,"rear_ft":101.0,"t_front":"short","t_side":"close","t_rear":"meets","n_short":2,"measured":true},"geometry":{"type":"Polygon","coordinates":[[[-70.877804,42.554214],[-70.877864,42.554032],[-70.878435,42.554101],[-70.878395,42.55429],[-70.877804,42.554214]]]}},{"type":"Feature","properties":{"addr":"24 DEARBORN AVE","units":1,"stories":1.0,"mbta":false,"lot_sf":4732,"req_lot_sf":8000,"frontage_ft":44.0,"req_frontage_ft":65,"req_front_ft":20,"req_side_ft":10,"req_rear_ft":20,"over_unit_cap":false,"corner":false,"t_area":"short","t_frontage":"short","front_ft":7.8,"side_ft":7.9,"rear_ft":34.7,"t_front":"short","t_side":"close","t_rear":"meets","n_short":3,"measured":true},"geometry":{"type":"Polygon","coordinates":[[[-70.877839,42.561302],[-70.878097,42.561194],[-70.878228,42.561362],[-70.877933,42.561416],[-70.877839,42.561302]]]}},{"type":"Feature","properties":{"addr":"343 CABOT ST","units":3,"stories":2.0,"mbta":false,"lot_sf":4177,"req_lot_sf":12000,"frontage_ft":72.4,"req_frontage_ft":65,"req_front_ft":20,"req_side_ft":10,"req_rear_ft":20,"over_unit_cap":false,"corner":true,"t_area":"short","t_frontage":"meets","front_ft":8.2,"side_ft":0.0,"rear_ft":27.4,"t_front":"short","t_side":"short","t_rear":"meets","n_short":3,"measured":true},"geometry":{"type":"Polygon","coordinates":[[[-70.877969,42.555207],[-70.87805,42.555013],[-70.87823,42.55506],[-70.878186,42.555263],[-70.877969,42.555207]]]}},{"type":"Feature","properties":{"addr":"335 CABOT ST","units":4,"stories":2.0,"mbta":false,"lot_sf":3650,"req_lot_sf":16000,"frontage_ft":24.0,"req_frontage_ft":65,"req_front_ft":20,"req_side_ft":10,"req_rear_ft":20,"over_unit_cap":false,"corner":false,"t_area":"short","t_frontage":"short","front_ft":0.0,"side_ft":3.0,"rear_ft":42.4,"t_front":"short","t_side":"short","t_rear":"meets","n_short":4,"measured":true},"geometry":{"type":"Polygon","coordinates":[[[-70.877826,42.554574],[-70.877923,42.554503],[-70.87834,42.554552],[-70.878323,42.55463],[-70.877826,42.554574]]]}},{"type":"Feature","properties":{"addr":"341 CABOT ST","units":1,"stories":1.75,"mbta":false,"lot_sf":3463,"req_lot_sf":8000,"frontage_ft":41.6,"req_frontage_ft":65,"req_front_ft":20,"req_side_ft":10,"req_rear_ft":20,"over_unit_cap":false,"corner":false,"t_area":"short","t_frontage":"short","front_ft":2.6,"side_ft":0.0,"rear_ft":1.4,"t_front":"short","t_side":"short","t_rear":"short","n_short":5,"measured":true},"geometry":{"type":"Polygon","coordinates":[[[-70.87805,42.555013],[-70.877967,42.554992],[-70.877901,42.554975],[-70.877933,42.554896],[-70.878258,42.554934],[-70.87823,42.55506],[-70.87805,42.555013]]]}},{"type":"Feature","properties":{"addr":"345 CABOT ST","units":2,"stories":2.0,"mbta":false,"lot_sf":2390,"req_lot_sf":8000,"frontage_ft":54.4,"req_frontage_ft":65,"req_front_ft":20,"req_side_ft":10,"req_rear_ft":20,"over_unit_cap":false,"corner":true,"t_area":"short","t_frontage":"short","front_ft":2.8,"side_ft":5.5,"rear_ft":1.7,"t_front":"short","t_side":"short","t_rear":"short","n_short":5,"measured":true},"geometry":{"type":"Polygon","coordinates":[[[-70.877981,42.555449],[-70.877974,42.555467],[-70.877953,42.555463],[-70.878,42.555333],[-70.8782,42.555385],[-70.878182,42.555487],[-70.877981,42.555449]]]}},{"type":"Feature","properties":{"addr":"331 CABOT ST","units":2,"stories":2.0,"mbta":false,"lot_sf":7927,"req_lot_sf":8000,"frontage_ft":42.6,"req_frontage_ft":65,"req_front_ft":20,"req_side_ft":10,"req_rear_ft":20,"over_unit_cap":false,"corner":false,"t_area":"close","t_frontage":"short","front_ft":null,"side_ft":null,"rear_ft":null,"t_front":null,"t_side":null,"t_rear":null,"n_short":1,"measured":false},"geometry":{"type":"Polygon","coordinates":[[[-70.877992,42.554374],[-70.87799,42.554374],[-70.877762,42.554346],[-70.87778,42.554288],[-70.877792,42.554249],[-70.877804,42.554214],[-70.878395,42.55429],[-70.878368,42.554419],[-70.877992,42.554374]]]}},{"type":"Feature","properties":{"addr":"40 HEATHER ST","units":43,"stories":1.0,"mbta":false,"lot_sf":79091,"req_lot_sf":172000,"frontage_ft":332.0,"req_frontage_ft":65,"req_front_ft":20,"req_side_ft":10,"req_rear_ft":20,"over_unit_cap":false,"corner":true,"t_area":"short","t_frontage":"meets","front_ft":23.3,"side_ft":24.1,"rear_ft":73.7,"t_front":"meets","t_side":"meets","t_rear":"meets","n_short":1,"measured":true},"geometry":{"type":"Polygon","coordinates":[[[-70.877351,42.563489],[-70.877297,42.563428],[-70.877714,42.563195],[-70.877837,42.563127],[-70.878021,42.563025],[-70.878024,42.563028],[-70.878671,42.563676],[-70.877987,42.56419],[-70.877351,42.563489]]]}},{"type":"Feature","properties":{"addr":"349 CABOT ST","units":2,"stories":2.0,"mbta":false,"lot_sf":3401,"req_lot_sf":8000,"frontage_ft":51.0,"req_frontage_ft":65,"req_front_ft":20,"req_side_ft":10,"req_rear_ft":20,"over_unit_cap":false,"corner":false,"t_area":"short","t_frontage":"short","front_ft":4.5,"side_ft":3.5,"rear_ft":12.0,"t_front":"short","t_side":"short","t_rear":"short","n_short":5,"measured":true},"geometry":{"type":"Polygon","coordinates":[[[-70.877912,42.555578],[-70.877953,42.555463],[-70.877974,42.555467],[-70.877981,42.555449],[-70.878182,42.555487],[-70.878155,42.555639],[-70.877912,42.555578]]]}},{"type":"Feature","properties":{"addr":"1 COLUMBUS AVE","units":2,"stories":2.0,"mbta":false,"lot_sf":2848,"req_lot_sf":8000,"frontage_ft":71.2,"req_frontage_ft":65,"req_front_ft":20,"req_side_ft":10,"req_rear_ft":20,"over_unit_cap":false,"corner":true,"t_area":"short","t_frontage":"meets","front_ft":0.0,"side_ft":2.8,"rear_ft":4.4,"t_front":"short","t_side":"short","t_rear":"short","n_short":4,"measured":true},"geometry":{"type":"Polygon","coordinates":[[[-70.877958,42.556075],[-70.877985,42.555866],[-70.878111,42.555885],[-70.878112,42.556087],[-70.877958,42.556075]]]}},{"type":"Feature","properties":{"addr":"22 DEARBORN AVE","units":1,"stories":1.75,"mbta":false,"lot_sf":3994,"req_lot_sf":8000,"frontage_ft":45.6,"req_frontage_ft":65,"req_front_ft":20,"req_side_ft":10,"req_rear_ft":20,"over_unit_cap":false,"corner":false,"t_area":"short","t_frontage":"short","front_ft":0.0,"side_ft":3.3,"rear_ft":37.5,"t_front":"short","t_side":"short","t_rear":"meets","n_short":4,"measured":true},"geometry":{"type":"Polygon","coordinates":[[[-70.877742,42.561183],[-70.877956,42.561096],[-70.878002,42.561077],[-70.878097,42.561194],[-70.877839,42.561302],[-70.877742,42.561183]]]}},{"type":"Feature","properties":{"addr":"337 CABOT ST","units":1,"stories":2.0,"mbta":false,"lot_sf":10121,"req_lot_sf":8000,"frontage_ft":48.7,"req_frontage_ft":65,"req_front_ft":20,"req_side_ft":10,"req_rear_ft":20,"over_unit_cap":false,"corner":false,"t_area":"meets","t_frontage":"short","front_ft":0.0,"side_ft":5.6,"rear_ft":100.9,"t_front":"short","t_side":"short","t_rear":"meets","n_short":3,"measured":true},"geometry":{"type":"Polygon","coordinates":[[[-70.87763,42.554722],[-70.877664,42.554628],[-70.877688,42.554558],[-70.877826,42.554574],[-70.878323,42.55463],[-70.878313,42.554682],[-70.878292,42.554776],[-70.87763,42.554722]]]}},{"type":"Feature","properties":{"addr":"3 HARRISON AVE","units":1,"stories":2.0,"mbta":false,"lot_sf":2008,"req_lot_sf":8000,"frontage_ft":25.8,"req_frontage_ft":65,"req_front_ft":20,"req_side_ft":10,"req_rear_ft":20,"over_unit_cap":false,"corner":false,"t_area":"short","t_frontage":"short","front_ft":4.5,"side_ft":0.0,"rear_ft":33.3,"t_front":"short","t_side":"short","t_rear":"meets","n_short":4,"measured":true},"geometry":{"type":"Polygon","coordinates":[[[-70.877862,42.55518],[-70.877967,42.554992],[-70.87805,42.555013],[-70.877969,42.555207],[-70.877862,42.55518]]]}},{"type":"Feature","properties":{"addr":"353 CABOT ST","units":4,"stories":2.75,"mbta":false,"lot_sf":9376,"req_lot_sf":16000,"frontage_ft":85.7,"req_frontage_ft":65,"req_front_ft":20,"req_side_ft":10,"req_rear_ft":20,"over_unit_cap":false,"corner":false,"t_area":"short","t_frontage":"meets","front_ft":1.6,"side_ft":3.9,"rear_ft":26.5,"t_front":"short","t_side":"short","t_rear":"meets","n_short":3,"measured":true},"geometry":{"type":"Polygon","coordinates":[[[-70.877985,42.555866],[-70.877806,42.555838],[-70.877829,42.555652],[-70.877709,42.555643],[-70.87773,42.555533],[-70.877912,42.555578],[-70.878155,42.555639],[-70.878111,42.555885],[-70.877985,42.555866]]]}},{"type":"Feature","properties":{"addr":"365 CABOT ST","units":2,"stories":2.0,"mbta":false,"lot_sf":12892,"req_lot_sf":8000,"frontage_ft":103.3,"req_frontage_ft":65,"req_front_ft":20,"req_side_ft":10,"req_rear_ft":20,"over_unit_cap":false,"corner":true,"t_area":"meets","t_frontage":"meets","front_ft":20.8,"side_ft":7.7,"rear_ft":38.6,"t_front":"meets","t_side":"close","t_rear":"meets","n_short":0,"measured":true},"geometry":{"type":"Polygon","coordinates":[[[-70.877582,42.55658],[-70.878121,42.556498],[-70.878238,42.55672],[-70.877886,42.556848],[-70.877582,42.55658]]]}},{"type":"Feature","properties":{"addr":"27 CENTRAL ST","units":5,"stories":2.5,"mbta":true,"lot_sf":11688,"req_lot_sf":8000,"frontage_ft":93.7,"req_frontage_ft":65,"req_front_ft":20,"req_side_ft":10,"req_rear_ft":20,"over_unit_cap":false,"corner":true,"t_area":"meets","t_frontage":"meets","front_ft":0.0,"side_ft":0.0,"rear_ft":53.1,"t_front":"short","t_side":"short","t_rear":"meets","n_short":2,"measured":true},"geometry":{"type":"Polygon","coordinates":[[[-70.877757,42.544375],[-70.878052,42.544116],[-70.878326,42.544387],[-70.878041,42.544534],[-70.877757,42.544375]]]}},{"type":"Feature","properties":{"addr":"22 GOVE AVE","units":1,"stories":1.75,"mbta":false,"lot_sf":4632,"req_lot_sf":8000,"frontage_ft":70.2,"req_frontage_ft":65,"req_front_ft":20,"req_side_ft":10,"req_rear_ft":20,"over_unit_cap":false,"corner":false,"t_area":"short","t_frontage":"meets","front_ft":6.7,"side_ft":8.3,"rear_ft":16.3,"t_front":"short","t_side":"close","t_rear":"short","n_short":3,"measured":true},"geometry":{"type":"Polygon","coordinates":[[[-70.877667,42.562963],[-70.877854,42.562863],[-70.878021,42.563025],[-70.877837,42.563127],[-70.877667,42.562963]]]}},{"type":"Feature","properties":{"addr":"339 CABOT ST","units":4,"stories":2.75,"mbta":false,"lot_sf":11756,"req_lot_sf":16000,"frontage_ft":53.4,"req_frontage_ft":65,"req_front_ft":20,"req_side_ft":10,"req_rear_ft":20,"over_unit_cap":false,"corner":false,"t_area":"short","t_frontage":"short","front_ft":10.8,"side_ft":4.0,"rear_ft":38.2,"t_front":"short","t_side":"short","t_rear":"meets","n_short":4,"measured":true},"geometry":{"type":"Polygon","coordinates":[[[-70.877749,42.554935],[-70.877581,42.554892],[-70.877619,42.554759],[-70.87762,42.554756],[-70.87763,42.554722],[-70.878292,42.554776],[-70.878258,42.554934],[-70.877933,42.554896],[-70.877901,42.554975],[-70.877749,42.554935]]]}},{"type":"Feature","properties":{"addr":"361 CABOT ST","units":2,"stories":2.0,"mbta":false,"lot_sf":4789,"req_lot_sf":8000,"frontage_ft":87.4,"req_frontage_ft":65,"req_front_ft":20,"req_side_ft":10,"req_rear_ft":20,"over_unit_cap":false,"corner":true,"t_area":"short","t_frontage":"meets","front_ft":0.0,"side_ft":3.8,"rear_ft":56.7,"t_front":"short","t_side":"short","t_rear":"meets","n_short":3,"measured":true},"geometry":{"type":"Polygon","coordinates":[[[-70.877729,42.556307],[-70.877749,42.556161],[-70.87808,42.556192],[-70.878075,42.556331],[-70.877729,42.556307]]]}},{"type":"Feature","properties":{"addr":"40 COLON ST","units":1,"stories":2.0,"mbta":false,"lot_sf":11123,"req_lot_sf":8000,"frontage_ft":45.0,"req_frontage_ft":65,"req_front_ft":20,"req_side_ft":10,"req_rear_ft":20,"over_unit_cap":false,"corner":false,"t_area":"meets","t_frontage":"short","front_ft":16.1,"side_ft":8.9,"rear_ft":70.7,"t_front":"short","t_side":"close","t_rear":"meets","n_short":2,"measured":true},"geometry":{"type":"Polygon","coordinates":[[[-70.877826,42.5599],[-70.877705,42.55973],[-70.877583,42.559559],[-70.877746,42.559495],[-70.878136,42.560026],[-70.877956,42.560081],[-70.877826,42.5599]]]}},{"type":"Feature","properties":{"addr":"3A COLUMBUS AVE","units":2,"stories":2.0,"mbta":false,"lot_sf":3858,"req_lot_sf":8000,"frontage_ft":43.9,"req_frontage_ft":65,"req_front_ft":20,"req_side_ft":10,"req_rear_ft":20,"over_unit_cap":false,"corner":false,"t_area":"short","t_frontage":"short","front_ft":9.6,"side_ft":0.0,"rear_ft":7.2,"t_front":"short","t_side":"short","t_rear":"short","n_short":5,"measured":true},"geometry":{"type":"Polygon","coordinates":[[[-70.877778,42.55606],[-70.877806,42.555838],[-70.877985,42.555866],[-70.877958,42.556075],[-70.877778,42.55606]]]}},{"type":"Feature","properties":{"addr":"2 HARRISON AVE","units":1,"stories":2.0,"mbta":false,"lot_sf":4287,"req_lot_sf":8000,"frontage_ft":36.0,"req_frontage_ft":65,"req_front_ft":20,"req_side_ft":10,"req_rear_ft":20,"over_unit_cap":false,"corner":false,"t_area":"short","t_frontage":"short","front_ft":6.9,"side_ft":0.0,"rear_ft":9.8,"t_front":"short","t_side":"short","t_rear":"short","n_short":5,"measured":true},"geometry":{"type":"Polygon","coordinates":[[[-70.87773,42.555533],[-70.877857,42.555296],[-70.878,42.555333],[-70.877953,42.555463],[-70.877912,42.555578],[-70.87773,42.555533]]]}},{"type":"Feature","properties":{"addr":"18 DEARBORN AVE","units":1,"stories":1.75,"mbta":false,"lot_sf":6961,"req_lot_sf":8000,"frontage_ft":89.3,"req_frontage_ft":65,"req_front_ft":20,"req_side_ft":10,"req_rear_ft":20,"over_unit_cap":false,"corner":false,"t_area":"short","t_frontage":"meets","front_ft":0.0,"side_ft":11.4,"rear_ft":18.4,"t_front":"short","t_side":"meets","t_rear":"close","n_short":2,"measured":true},"geometry":{"type":"Polygon","coordinates":[[[-70.877561,42.560962],[-70.877828,42.560847],[-70.87788,42.560969],[-70.877956,42.561096],[-70.877742,42.561183],[-70.877561,42.560962]]]}},{"type":"Feature","properties":{"addr":"6 FIELDER RD","units":1,"stories":1.5,"mbta":false,"lot_sf":4595,"req_lot_sf":8000,"frontage_ft":62.8,"req_frontage_ft":65,"req_front_ft":20,"req_side_ft":10,"req_rear_ft":20,"over_unit_cap":false,"corner":false,"t_area":"short","t_frontage":"close","front_ft":20.9,"side_ft":15.4,"rear_ft":4.8,"t_front":"meets","t_side":"meets","t_rear":"short","n_short":2,"measured":true},"geometry":{"type":"Polygon","coordinates":[[[-70.877616,42.559985],[-70.877826,42.5599],[-70.877956,42.560081],[-70.877734,42.560149],[-70.877616,42.559985]]]}},{"type":"Feature","properties":{"addr":"5 HARRISON AVE","units":1,"stories":2.0,"mbta":false,"lot_sf":4511,"req_lot_sf":8000,"frontage_ft":54.1,"req_frontage_ft":65,"req_front_ft":20,"req_side_ft":10,"req_rear_ft":20,"over_unit_cap":false,"corner":false,"t_area":"short","t_frontage":"short","front_ft":8.7,"side_ft":17.1,"rear_ft":28.0,"t_front":"short","t_side":"meets","t_rear":"meets","n_short":3,"measured":true},"geometry":{"type":"Polygon","coordinates":[[[-70.877654,42.555127],[-70.877749,42.554935],[-70.877901,42.554975],[-70.877967,42.554992],[-70.877862,42.55518],[-70.877654,42.555127]]]}},{"type":"Feature","properties":{"addr":"363 CABOT ST","units":1,"stories":2.0,"mbta":false,"lot_sf":12733,"req_lot_sf":8000,"frontage_ft":57.6,"req_frontage_ft":65,"req_front_ft":20,"req_side_ft":10,"req_rear_ft":20,"over_unit_cap":false,"corner":false,"t_area":"meets","t_frontage":"short","front_ft":5.2,"side_ft":4.5,"rear_ft":55.1,"t_front":"short","t_side":"short","t_rear":"meets","n_short":3,"measured":true},"geometry":{"type":"Polygon","coordinates":[[[-70.877426,42.556564],[-70.877427,42.556403],[-70.877472,42.556403],[-70.877718,42.556387],[-70.877729,42.556307],[-70.878075,42.556331],[-70.878075,42.556342],[-70.878075,42.556348],[-70.878075,42.556355],[-70.878076,42.556362],[-70.878076,42.556368],[-70.878077,42.556375],[-70.878078,42.556381],[-70.878079,42.556388],[-70.87808,42.556395],[-70.878082,42.556401],[-70.878083,42.556408],[-70.878085,42.556414],[-70.878087,42.556421],[-70.878089,42.556427],[-70.878091,42.556433],[-70.878093,42.55644],[-70.878096,42.556446],[-70.878098,42.556453],[-70.878101,42.556459],[-70.878104,42.556465],[-70.878107,42.556471],[-70.87811,42.556478],[-70.878121,42.556498],[-70.877582,42.55658],[-70.877563,42.556583],[-70.877426,42.556564]]]}},{"type":"Feature","properties":{"addr":"20 GOVE AVE","units":1,"stories":1.75,"mbta":false,"lot_sf":4705,"req_lot_sf":8000,"frontage_ft":70.0,"req_frontage_ft":65,"req_front_ft":20,"req_side_ft":10,"req_rear_ft":20,"over_unit_cap":false,"corner":false,"t_area":"short","t_frontage":"meets","front_ft":7.7,"side_ft":13.3,"rear_ft":26.9,"t_front":"short","t_side":"meets","t_rear":"meets","n_short":2,"measured":true},"geometry":{"type":"Polygon","coordinates":[[[-70.877498,42.5628],[-70.877683,42.562696],[-70.877854,42.562863],[-70.877667,42.562963],[-70.877498,42.5628]]]}},{"type":"Feature","properties":{"addr":"16 DEARBORN AVE","units":1,"stories":2.0,"mbta":false,"lot_sf":4332,"req_lot_sf":8000,"frontage_ft":45.2,"req_frontage_ft":65,"req_front_ft":20,"req_side_ft":10,"req_rear_ft":20,"over_unit_cap":false,"corner":false,"t_area":"short","t_frontage":"short","front_ft":8.4,"side_ft":0.0,"rear_ft":33.6,"t_front":"short","t_side":"short","t_rear":"meets","n_short":4,"measured":true},"geometry":{"type":"Polygon","coordinates":[[[-70.877464,42.560845],[-70.877777,42.560721],[-70.877828,42.560847],[-70.877561,42.560962],[-70.877464,42.560845]]]}},{"type":"Feature","properties":{"addr":"4 FIELDER RD","units":1,"stories":1.75,"mbta":false,"lot_sf":4558,"req_lot_sf":8000,"frontage_ft":66.4,"req_frontage_ft":65,"req_front_ft":20,"req_side_ft":10,"req_rear_ft":20,"over_unit_cap":false,"corner":false,"t_area":"short","t_frontage":"meets","front_ft":18.6,"side_ft":6.5,"rear_ft":9.8,"t_front":"close","t_side":"short","t_rear":"short","n_short":3,"measured":true},"geometry":{"type":"Polygon","coordinates":[[[-70.877493,42.559812],[-70.877705,42.55973],[-70.877826,42.5599],[-70.877616,42.559985],[-70.877493,42.559812]]]}},{"type":"Feature","properties":{"addr":"31 CENTRAL ST","units":1,"stories":2.0,"mbta":true,"lot_sf":9848,"req_lot_sf":8000,"frontage_ft":71.6,"req_frontage_ft":65,"req_front_ft":20,"req_side_ft":10,"req_rear_ft":20,"over_unit_cap":false,"corner":false,"t_area":"meets","t_frontage":"meets","front_ft":3.4,"side_ft":13.8,"rear_ft":82.9,"t_front":"short","t_side":"meets","t_rear":"meets","n_short":1,"measured":true},"geometry":{"type":"Polygon","coordinates":[[[-70.877531,42.544248],[-70.877891,42.543956],[-70.878052,42.544116],[-70.877757,42.544375],[-70.877531,42.544248]]]}},{"type":"Feature","properties":{"addr":"5 COLUMBUS AVE","units":2,"stories":2.0,"mbta":false,"lot_sf":11564,"req_lot_sf":8000,"frontage_ft":75.0,"req_frontage_ft":65,"req_front_ft":20,"req_side_ft":10,"req_rear_ft":20,"over_unit_cap":false,"corner":false,"t_area":"meets","t_frontage":"meets","front_ft":10.2,"side_ft":0.0,"rear_ft":7.3,"t_front":"short","t_side":"short","t_rear":"short","n_short":3,"measured":true},"geometry":{"type":"Polygon","coordinates":[[[-70.877483,42.556035],[-70.877556,42.555621],[-70.877709,42.555643],[-70.877829,42.555652],[-70.877806,42.555838],[-70.877778,42.55606],[-70.877483,42.556035]]]}},{"type":"Feature","properties":{"addr":"14 DEARBORN AVE","units":1,"stories":1.0,"mbta":false,"lot_sf":4765,"req_lot_sf":8000,"frontage_ft":40.8,"req_frontage_ft":65,"req_front_ft":20,"req_side_ft":10,"req_rear_ft":20,"over_unit_cap":false,"corner":false,"t_area":"short","t_frontage":"short","front_ft":0.6,"side_ft":1.5,"rear_ft":30.5,"t_front":"short","t_side":"short","t_rear":"meets","n_short":4,"measured":true},"geometry":{"type":"Polygon","coordinates":[[[-70.877376,42.560737],[-70.877733,42.560592],[-70.877777,42.560721],[-70.877464,42.560845],[-70.877376,42.560737]]]}},{"type":"Feature","properties":{"addr":"36R LOTHROP ST","units":2,"stories":2.75,"mbta":false,"lot_sf":5861,"req_lot_sf":8000,"frontage_ft":5.0,"req_frontage_ft":65,"req_front_ft":20,"req_side_ft":10,"req_rear_ft":20,"over_unit_cap":false,"corner":false,"t_area":"short","t_frontage":"short","front_ft":144.8,"side_ft":0.0,"rear_ft":12.3,"t_front":"meets","t_side":"short","t_rear":"short","n_short":4,"measured":true},"geometry":{"type":"Polygon","coordinates":[[[-70.877681,42.542999],[-70.877727,42.542958],[-70.877632,42.542804],[-70.877368,42.542657],[-70.87739,42.542635],[-70.878042,42.542997],[-70.877863,42.543061],[-70.87784,42.543084],[-70.877681,42.542999]]]}},{"type":"Feature","properties":{"addr":"2 FIELDER RD","units":1,"stories":1.5,"mbta":false,"lot_sf":4520,"req_lot_sf":8000,"frontage_ft":67.5,"req_frontage_ft":65,"req_front_ft":20,"req_side_ft":10,"req_rear_ft":20,"over_unit_cap":false,"corner":true,"t_area":"short","t_frontage":"meets","front_ft":16.9,"side_ft":13.7,"rear_ft":0.1,"t_front":"short","t_side":"meets","t_rear":"short","n_short":3,"measured":true},"geometry":{"type":"Polygon","coordinates":[[[-70.877371,42.559642],[-70.877583,42.559559],[-70.877705,42.55973],[-70.877493,42.559812],[-70.877371,42.559642]]]}},{"type":"Feature","properties":{"addr":"21 DEARBORN AVE","units":1,"stories":1.0,"mbta":false,"lot_sf":10950,"req_lot_sf":8000,"frontage_ft":131.0,"req_frontage_ft":65,"req_front_ft":20,"req_side_ft":10,"req_rear_ft":20,"over_unit_cap":false,"corner":false,"t_area":"meets","t_frontage":"meets","front_ft":1.0,"side_ft":29.5,"rear_ft":34.0,"t_front":"short","t_side":"meets","t_rear":"meets","n_short":1,"measured":true},"geometry":{"type":"Polygon","coordinates":[[[-70.877346,42.561369],[-70.877258,42.561265],[-70.877543,42.56114],[-70.877804,42.561459],[-70.877477,42.561525],[-70.877346,42.561369]]]}},{"type":"Feature","properties":{"addr":"12 DEARBORN AVE","units":1,"stories":1.75,"mbta":false,"lot_sf":7271,"req_lot_sf":8000,"frontage_ft":54.2,"req_frontage_ft":65,"req_front_ft":20,"req_side_ft":10,"req_rear_ft":20,"over_unit_cap":false,"corner":false,"t_area":"short","t_frontage":"short","front_ft":6.7,"side_ft":10.5,"rear_ft":40.2,"t_front":"short","t_side":"meets","t_rear":"meets","n_short":3,"measured":true},"geometry":{"type":"Polygon","coordinates":[[[-70.877262,42.560599],[-70.877557,42.560472],[-70.877691,42.560418],[-70.8777,42.560481],[-70.877733,42.560592],[-70.877376,42.560737],[-70.877262,42.560599]]]}},{"type":"Feature","properties":{"addr":"18 GOVE AVE","units":1,"stories":2.0,"mbta":false,"lot_sf":4670,"req_lot_sf":8000,"frontage_ft":69.1,"req_frontage_ft":65,"req_front_ft":20,"req_side_ft":10,"req_rear_ft":20,"over_unit_cap":false,"corner":false,"t_area":"short","t_frontage":"meets","front_ft":7.3,"side_ft":0.0,"rear_ft":13.9,"t_front":"short","t_side":"short","t_rear":"short","n_short":4,"measured":true},"geometry":{"type":"Polygon","coordinates":[[[-70.877331,42.562639],[-70.877513,42.562532],[-70.877683,42.562696],[-70.877498,42.5628],[-70.877331,42.562639]]]}},{"type":"Feature","properties":{"addr":"5 FIELDER RD","units":2,"stories":1.75,"mbta":false,"lot_sf":8283,"req_lot_sf":8000,"frontage_ft":56.8,"req_frontage_ft":65,"req_front_ft":20,"req_side_ft":10,"req_rear_ft":20,"over_unit_cap":false,"corner":false,"t_area":"meets","t_frontage":"short","front_ft":8.3,"side_ft":8.1,"rear_ft":7.4,"t_front":"short","t_side":"close","t_rear":"short","n_short":3,"measured":true},"geometry":{"type":"Polygon","coordinates":[[[-70.87742,42.560306],[-70.877311,42.560174],[-70.877273,42.560128],[-70.877487,42.560042],[-70.877595,42.560192],[-70.877633,42.560288],[-70.877691,42.560418],[-70.877557,42.560472],[-70.87742,42.560306]]]}},{"type":"Feature","properties":{"addr":"34 HEATHER ST","units":1,"stories":1.75,"mbta":false,"lot_sf":10106,"req_lot_sf":8000,"frontage_ft":68.6,"req_frontage_ft":65,"req_front_ft":20,"req_side_ft":10,"req_rear_ft":20,"over_unit_cap":false,"corner":true,"t_area":"meets","t_frontage":"meets","front_ft":86.1,"side_ft":4.8,"rear_ft":18.8,"t_front":"meets","t_side":"short","t_rear":"close","n_short":1,"measured":true},"geometry":{"type":"Polygon","coordinates":[[[-70.877148,42.56326],[-70.877549,42.563035],[-70.877714,42.563195],[-70.877297,42.563428],[-70.877148,42.56326]]]}},{"type":"Feature","properties":{"addr":"37 CENTRAL ST","units":6,"stories":2.5,"mbta":true,"lot_sf":15708,"req_lot_sf":8000,"frontage_ft":79.5,"req_frontage_ft":65,"req_front_ft":20,"req_side_ft":10,"req_rear_ft":20,"over_unit_cap":false,"corner":false,"t_area":"meets","t_frontage":"meets","front_ft":3.3,"side_ft":0.0,"rear_ft":85.3,"t_front":"short","t_side":"short","t_rear":"meets","n_short":2,"measured":true},"geometry":{"type":"Polygon","coordinates":[[[-70.877282,42.544108],[-70.877673,42.543732],[-70.877959,42.543901],[-70.877891,42.543956],[-70.877531,42.544248],[-70.877282,42.544108]]]}},{"type":"Feature","properties":{"addr":"19 DEARBORN AVE","units":1,"stories":1.5,"mbta":false,"lot_sf":4271,"req_lot_sf":8000,"frontage_ft":42.3,"req_frontage_ft":65,"req_front_ft":20,"req_side_ft":10,"req_rear_ft":20,"over_unit_cap":false,"corner":false,"t_area":"short","t_frontage":"short","front_ft":11.1,"side_ft":5.4,"rear_ft":51.9,"t_front":"short","t_side":"short","t_rear":"meets","n_short":4,"measured":true},"geometry":{"type":"Polygon","coordinates":[[[-70.87725,42.561255],[-70.877164,42.561153],[-70.877452,42.561029],[-70.877543,42.56114],[-70.877258,42.561265],[-70.87725,42.561255]]]}},{"type":"Feature","properties":{"addr":"16 GOVE AVE","units":1,"stories":1.5,"mbta":false,"lot_sf":4780,"req_lot_sf":8000,"frontage_ft":71.5,"req_frontage_ft":65,"req_front_ft":20,"req_side_ft":10,"req_rear_ft":20,"over_unit_cap":false,"corner":false,"t_area":"short","t_frontage":"meets","front_ft":9.7,"side_ft":12.5,"rear_ft":26.3,"t_front":"short","t_side":"meets","t_rear":"meets","n_short":2,"measured":true},"geometry":{"type":"Polygon","coordinates":[[[-70.877159,42.562473],[-70.877343,42.562366],[-70.877513,42.562532],[-70.877331,42.562639],[-70.877159,42.562473]]]}},{"type":"Feature","properties":{"addr":"10 DEARBORN AVE","units":1,"stories":2.0,"mbta":false,"lot_sf":6396,"req_lot_sf":8000,"frontage_ft":63.6,"req_frontage_ft":65,"req_front_ft":20,"req_side_ft":10,"req_rear_ft":20,"over_unit_cap":false,"corner":false,"t_area":"short","t_frontage":"close","front_ft":4.3,"side_ft":3.9,"rear_ft":53.1,"t_front":"short","t_side":"short","t_rear":"meets","n_short":3,"measured":true},"geometry":{"type":"Polygon","coordinates":[[[-70.87713,42.560438],[-70.87742,42.560306],[-70.877557,42.560472],[-70.877262,42.560599],[-70.87713,42.560438]]]}},{"type":"Feature","properties":{"addr":"3 FIELDER RD","units":1,"stories":1.75,"mbta":false,"lot_sf":4671,"req_lot_sf":8000,"frontage_ft":64.3,"req_frontage_ft":65,"req_front_ft":20,"req_side_ft":10,"req_rear_ft":20,"over_unit_cap":false,"corner":false,"t_area":"short","t_frontage":"close","front_ft":8.3,"side_ft":2.2,"rear_ft":25.9,"t_front":"short","t_side":"short","t_rear":"meets","n_short":3,"measured":true},"geometry":{"type":"Polygon","coordinates":[[[-70.8772,42.560039],[-70.877141,42.559967],[-70.877367,42.559874],[-70.877487,42.560042],[-70.877273,42.560128],[-70.8772,42.560039]]]}},{"type":"Feature","properties":{"addr":"32 HEATHER ST","units":1,"stories":1.75,"mbta":false,"lot_sf":10320,"req_lot_sf":8000,"frontage_ft":74.5,"req_frontage_ft":65,"req_front_ft":20,"req_side_ft":10,"req_rear_ft":20,"over_unit_cap":false,"corner":true,"t_area":"meets","t_frontage":"meets","front_ft":83.3,"side_ft":5.6,"rear_ft":17.5,"t_front":"meets","t_side":"short","t_rear":"close","n_short":1,"measured":true},"geometry":{"type":"Polygon","coordinates":[[[-70.876987,42.563078],[-70.877378,42.562868],[-70.877549,42.563035],[-70.877148,42.56326],[-70.876987,42.563078]]]}},{"type":"Feature","properties":{"addr":"22 STORY AVE","units":2,"stories":2.0,"mbta":false,"lot_sf":4844,"req_lot_sf":8000,"frontage_ft":39.2,"req_frontage_ft":65,"req_front_ft":20,"req_side_ft":10,"req_rear_ft":20,"over_unit_cap":false,"corner":false,"t_area":"short","t_frontage":"short","front_ft":6.1,"side_ft":0.6,"rear_ft":33.7,"t_front":"short","t_side":"short","t_rear":"meets","n_short":4,"measured":true},"geometry":{"type":"Polygon","coordinates":[[[-70.877065,42.561488],[-70.877346,42.561369],[-70.877477,42.561525],[-70.87715,42.561591],[-70.877065,42.561488]]]}},{"type":"Feature","properties":{"addr":"17 DEARBORN AVE","units":1,"stories":1.0,"mbta":false,"lot_sf":4198,"req_lot_sf":8000,"frontage_ft":42.3,"req_frontage_ft":65,"req_front_ft":20,"req_side_ft":10,"req_rear_ft":20,"over_unit_cap":false,"corner":false,"t_area":"short","t_frontage":"short","front_ft":0.5,"side_ft":4.8,"rear_ft":42.4,"t_front":"short","t_side":"short","t_rear":"meets","n_short":4,"measured":true},"geometry":{"type":"Polygon","coordinates":[[[-70.877103,42.561081],[-70.877073,42.561046],[-70.877361,42.560918],[-70.877452,42.561029],[-70.877164,42.561153],[-70.877103,42.561081]]]}},{"type":"Feature","properties":{"addr":"39 CENTRAL ST","units":5,"stories":2.0,"mbta":true,"lot_sf":9561,"req_lot_sf":8000,"frontage_ft":50.7,"req_frontage_ft":65,"req_front_ft":20,"req_side_ft":10,"req_rear_ft":20,"over_unit_cap":false,"corner":false,"t_area":"meets","t_frontage":"short","front_ft":3.1,"side_ft":0.0,"rear_ft":20.1,"t_front":"short","t_side":"short","t_rear":"meets","n_short":3,"measured":true},"geometry":{"type":"Polygon","coordinates":[[[-70.877117,42.544016],[-70.877515,42.543638],[-70.877673,42.543732],[-70.877282,42.544108],[-70.877117,42.544016]]]}},{"type":"Feature","properties":{"addr":"8 DEARBORN AVE","units":1,"stories":2.0,"mbta":false,"lot_sf":5347,"req_lot_sf":8000,"frontage_ft":55.3,"req_frontage_ft":65,"req_front_ft":20,"req_side_ft":10,"req_rear_ft":20,"over_unit_cap":false,"corner":false,"t_area":"short","t_frontage":"short","front_ft":6.8,"side_ft":12.7,"rear_ft":33.6,"t_front":"short","t_side":"meets","t_rear":"meets","n_short":3,"measured":true},"geometry":{"type":"Polygon","coordinates":[[[-70.877014,42.560297],[-70.877311,42.560174],[-70.87742,42.560306],[-70.87713,42.560438],[-70.877014,42.560297]]]}},{"type":"Feature","properties":{"addr":"1 FIELDER RD","units":1,"stories":1.75,"mbta":false,"lot_sf":4797,"req_lot_sf":8000,"frontage_ft":71.5,"req_frontage_ft":65,"req_front_ft":20,"req_side_ft":10,"req_rear_ft":20,"over_unit_cap":false,"corner":true,"t_area":"short","t_frontage":"meets","front_ft":7.0,"side_ft":7.0,"rear_ft":18.9,"t_front":"short","t_side":"short","t_rear":"close","n_short":3,"measured":true},"geometry":{"type":"Polygon","coordinates":[[[-70.877009,42.559807],[-70.877254,42.559716],[-70.877367,42.559874],[-70.877141,42.559967],[-70.877009,42.559807]]]}},{"type":"Feature","properties":{"addr":"14 GOVE AVE","units":1,"stories":1.5,"mbta":false,"lot_sf":4679,"req_lot_sf":8000,"frontage_ft":70.1,"req_frontage_ft":65,"req_front_ft":20,"req_side_ft":10,"req_rear_ft":20,"over_unit_cap":false,"corner":false,"t_area":"short","t_frontage":"meets","front_ft":12.4,"side_ft":8.1,"rear_ft":24.5,"t_front":"short","t_side":"close","t_rear":"meets","n_short":2,"measured":true},"geometry":{"type":"Polygon","coordinates":[[[-70.877066,42.562383],[-70.876989,42.562309],[-70.877178,42.562206],[-70.877343,42.562366],[-70.877159,42.562473],[-70.877066,42.562383]]]}},{"type":"Feature","properties":{"addr":"20 STORY AVE","units":2,"stories":2.0,"mbta":false,"lot_sf":4111,"req_lot_sf":8000,"frontage_ft":40.9,"req_frontage_ft":65,"req_front_ft":20,"req_side_ft":10,"req_rear_ft":20,"over_unit_cap":false,"corner":false,"t_area":"short","t_frontage":"short","front_ft":4.4,"side_ft":0.8,"rear_ft":16.9,"t_front":"short","t_side":"short","t_rear":"short","n_short":5,"measured":true},"geometry":{"type":"Polygon","coordinates":[[[-70.876976,42.56138],[-70.87725,42.561255],[-70.877258,42.561265],[-70.877346,42.561369],[-70.877065,42.561488],[-70.876976,42.56138]]]}},{"type":"Feature","properties":{"addr":"15 DEARBORN AVE","units":1,"stories":1.0,"mbta":false,"lot_sf":4895,"req_lot_sf":8000,"frontage_ft":47.9,"req_frontage_ft":65,"req_front_ft":20,"req_side_ft":10,"req_rear_ft":20,"over_unit_cap":false,"corner":false,"t_area":"short","t_frontage":"short","front_ft":4.1,"side_ft":3.5,"rear_ft":35.6,"t_front":"short","t_side":"short","t_rear":"meets","n_short":4,"measured":true},"geometry":{"type":"Polygon","coordinates":[[[-70.876961,42.560924],[-70.877259,42.560795],[-70.877283,42.560824],[-70.877361,42.560918],[-70.877073,42.561046],[-70.876961,42.560924]]]}},{"type":"Feature","properties":{"addr":"30 HEATHER ST","units":1,"stories":1.75,"mbta":false,"lot_sf":9340,"req_lot_sf":8000,"frontage_ft":69.6,"req_frontage_ft":65,"req_front_ft":20,"req_side_ft":10,"req_rear_ft":20,"over_unit_cap":false,"corner":true,"t_area":"meets","t_frontage":"meets","front_ft":83.2,"side_ft":1.0,"rear_ft":17.6,"t_front":"meets","t_side":"short","t_rear":"close","n_short":1,"measured":true},"geometry":{"type":"Polygon","coordinates":[[[-70.876841,42.562912],[-70.87721,42.562705],[-70.877378,42.562868],[-70.876987,42.563078],[-70.876841,42.562912]]]}},{"type":"Feature","properties":{"addr":"6 DEARBORN AVE","units":1,"stories":2.0,"mbta":false,"lot_sf":5473,"req_lot_sf":8000,"frontage_ft":56.1,"req_frontage_ft":65,"req_front_ft":20,"req_side_ft":10,"req_rear_ft":20,"over_unit_cap":false,"corner":false,"t_area":"short","t_frontage":"short","front_ft":5.7,"side_ft":6.1,"rear_ft":23.1,"t_front":"short","t_side":"short","t_rear":"meets","n_short":4,"measured":true},"geometry":{"type":"Polygon","coordinates":[[[-70.876893,42.560155],[-70.877038,42.5601],[-70.8772,42.560039],[-70.877273,42.560128],[-70.877311,42.560174],[-70.877014,42.560297],[-70.876893,42.560155]]]}},{"type":"Feature","properties":{"addr":"41 CENTRAL ST","units":3,"stories":2.5,"mbta":true,"lot_sf":9041,"req_lot_sf":8000,"frontage_ft":45.6,"req_frontage_ft":65,"req_front_ft":20,"req_side_ft":10,"req_rear_ft":20,"over_unit_cap":false,"corner":false,"t_area":"meets","t_frontage":"short","front_ft":8.2,"side_ft":0.0,"rear_ft":35.0,"t_front":"short","t_side":"short","t_rear":"meets","n_short":3,"measured":true},"geometry":{"type":"Polygon","coordinates":[[[-70.876968,42.543932],[-70.877194,42.543712],[-70.877363,42.543548],[-70.877515,42.543638],[-70.877117,42.544016],[-70.876968,42.543932]]]}},{"type":"Feature","properties":{"addr":"13 DEARBORN AVE","units":1,"stories":1.0,"mbta":false,"lot_sf":4716,"req_lot_sf":8000,"frontage_ft":47.1,"req_frontage_ft":65,"req_front_ft":20,"req_side_ft":10,"req_rear_ft":20,"over_unit_cap":false,"corner":false,"t_area":"short","t_frontage":"short","front_ft":4.9,"side_ft":3.5,"rear_ft":40.3,"t_front":"short","t_side":"short","t_rear":"meets","n_short":4,"measured":true},"geometry":{"type":"Polygon","coordinates":[[[-70.876958,42.56092],[-70.876866,42.560806],[-70.877156,42.560674],[-70.877259,42.560795],[-70.876961,42.560924],[-70.876958,42.56092]]]}},{"type":"Feature","properties":{"addr":"18 STORY AVE","units":1,"stories":2.0,"mbta":false,"lot_sf":6523,"req_lot_sf":8000,"frontage_ft":71.2,"req_frontage_ft":65,"req_front_ft":20,"req_side_ft":10,"req_rear_ft":20,"over_unit_cap":false,"corner":false,"t_area":"short","t_frontage":"meets","front_ft":13.3,"side_ft":0.0,"rear_ft":34.1,"t_front":"short","t_side":"short","t_rear":"meets","n_short":3,"measured":true},"geometry":{"type":"Polygon","coordinates":[[[-70.876829,42.561202],[-70.877103,42.561081],[-70.877164,42.561153],[-70.87725,42.561255],[-70.876976,42.56138],[-70.876829,42.561202]]]}},{"type":"Feature","properties":{"addr":"12 GOVE AVE","units":1,"stories":2.0,"mbta":false,"lot_sf":4697,"req_lot_sf":8000,"frontage_ft":68.6,"req_frontage_ft":65,"req_front_ft":20,"req_side_ft":10,"req_rear_ft":20,"over_unit_cap":false,"corner":false,"t_area":"short","t_frontage":"meets","front_ft":10.6,"side_ft":7.3,"rear_ft":10.8,"t_front":"short","t_side":"close","t_rear":"short","n_short":3,"measured":true},"geometry":{"type":"Polygon","coordinates":[[[-70.876824,42.562149],[-70.877008,42.562042],[-70.877175,42.562204],[-70.877178,42.562206],[-70.876989,42.562309],[-70.876824,42.562149]]]}},{"type":"Feature","properties":{"addr":"50 COLON ST","units":1,"stories":2.0,"mbta":false,"lot_sf":5105,"req_lot_sf":8000,"frontage_ft":45.9,"req_frontage_ft":65,"req_front_ft":20,"req_side_ft":10,"req_rear_ft":20,"over_unit_cap":false,"corner":false,"t_area":"short","t_frontage":"short","front_ft":15.2,"side_ft":11.1,"rear_ft":11.2,"t_front":"short","t_side":"meets","t_rear":"short","n_short":4,"measured":true},"geometry":{"type":"Polygon","coordinates":[[[-70.876931,42.559993],[-70.87684,42.559869],[-70.877009,42.559807],[-70.877141,42.559967],[-70.8772,42.560039],[-70.877038,42.5601],[-70.876931,42.559993]]]}},{"type":"Feature","properties":{"addr":"28 HEATHER ST","units":1,"stories":1.75,"mbta":false,"lot_sf":9144,"req_lot_sf":8000,"frontage_ft":70.1,"req_frontage_ft":65,"req_front_ft":20,"req_side_ft":10,"req_rear_ft":20,"over_unit_cap":false,"corner":true,"t_area":"meets","t_frontage":"meets","front_ft":72.5,"side_ft":9.1,"rear_ft":14.6,"t_front":"meets","t_side":"close","t_rear":"short","n_short":1,"measured":true},"geometry":{"type":"Polygon","coordinates":[[[-70.876725,42.562781],[-70.876678,42.562749],[-70.877042,42.562541],[-70.87721,42.562705],[-70.876841,42.562912],[-70.876725,42.562781]]]}},{"type":"Feature","properties":{"addr":"4 DEARBORN AVE","units":1,"stories":2.0,"mbta":false,"lot_sf":1980,"req_lot_sf":8000,"frontage_ft":42.1,"req_frontage_ft":65,"req_front_ft":20,"req_side_ft":10,"req_rear_ft":20,"over_unit_cap":false,"corner":false,"t_area":"short","t_frontage":"short","front_ft":5.5,"side_ft":1.8,"rear_ft":0.0,"t_front":"short","t_side":"short","t_rear":"short","n_short":5,"measured":true},"geometry":{"type":"Polygon","coordinates":[[[-70.876803,42.560045],[-70.876931,42.559993],[-70.877038,42.5601],[-70.876893,42.560155],[-70.876803,42.560045]]]}},{"type":"Feature","properties":{"addr":"9 DEARBORN AVE","units":1,"stories":2.0,"mbta":false,"lot_sf":9396,"req_lot_sf":8000,"frontage_ft":99.0,"req_frontage_ft":65,"req_front_ft":20,"req_side_ft":10,"req_rear_ft":20,"over_unit_cap":false,"corner":false,"t_area":"meets","t_frontage":"meets","front_ft":1.0,"side_ft":16.3,"rear_ft":49.8,"t_front":"short","t_side":"meets","t_rear":"meets","n_short":1,"measured":true},"geometry":{"type":"Polygon","coordinates":[[[-70.876817,42.560742],[-70.87668,42.560579],[-70.876667,42.560564],[-70.876952,42.560432],[-70.877156,42.560674],[-70.876866,42.560806],[-70.876817,42.560742]]]}},{"type":"Feature","properties":{"addr":"16 STORY AVE","units":1,"stories":2.0,"mbta":false,"lot_sf":5993,"req_lot_sf":8000,"frontage_ft":64.8,"req_frontage_ft":65,"req_front_ft":20,"req_side_ft":10,"req_rear_ft":20,"over_unit_cap":false,"corner":false,"t_area":"short","t_frontage":"close","front_ft":10.0,"side_ft":18.7,"rear_ft":21.6,"t_front":"short","t_side":"meets","t_rear":"meets","n_short":2,"measured":true},"geometry":{"type":"Polygon","coordinates":[[[-70.876689,42.561041],[-70.876958,42.56092],[-70.876961,42.560924],[-70.877073,42.561046],[-70.877103,42.561081],[-70.876829,42.561202],[-70.876689,42.561041]]]}},{"type":"Feature","properties":{"addr":"10 GOVE AVE","units":1,"stories":2.0,"mbta":false,"lot_sf":4382,"req_lot_sf":8000,"frontage_ft":64.4,"req_frontage_ft":65,"req_front_ft":20,"req_side_ft":10,"req_rear_ft":20,"over_unit_cap":false,"corner":false,"t_area":"short","t_frontage":"close","front_ft":18.2,"side_ft":13.6,"rear_ft":20.7,"t_front":"close","t_side":"meets","t_rear":"meets","n_short":1,"measured":true},"geometry":{"type":"Polygon","coordinates":[[[-70.876668,42.561997],[-70.87685,42.56189],[-70.877008,42.562042],[-70.876824,42.562149],[-70.876668,42.561997]]]}},{"type":"Feature","properties":{"addr":"43 CENTRAL ST","units":3,"stories":2.5,"mbta":false,"lot_sf":6792,"req_lot_sf":12000,"frontage_ft":62.3,"req_frontage_ft":65,"req_front_ft":20,"req_side_ft":10,"req_rear_ft":20,"over_unit_cap":false,"corner":false,"t_area":"short","t_frontage":"close","front_ft":12.1,"side_ft":0.0,"rear_ft":47.6,"t_front":"short","t_side":"short","t_rear":"meets","n_short":3,"measured":true},"geometry":{"type":"Polygon","coordinates":[[[-70.876769,42.54382],[-70.876987,42.543601],[-70.877194,42.543712],[-70.876968,42.543932],[-70.876769,42.54382]]]}},{"type":"Feature","properties":{"addr":"2 DEARBORN AVE","units":1,"stories":2.0,"mbta":false,"lot_sf":2087,"req_lot_sf":8000,"frontage_ft":50.4,"req_frontage_ft":65,"req_front_ft":20,"req_side_ft":10,"req_rear_ft":20,"over_unit_cap":false,"corner":true,"t_area":"short","t_frontage":"short","front_ft":2.6,"side_ft":7.5,"rear_ft":0.0,"t_front":"short","t_side":"close","t_rear":"short","n_short":4,"measured":true},"geometry":{"type":"Polygon","coordinates":[[[-70.876704,42.55992],[-70.87684,42.559869],[-70.876931,42.559993],[-70.876803,42.560045],[-70.876704,42.55992]]]}},{"type":"Feature","properties":{"addr":"23 STORY AVE","units":1,"stories":2.0,"mbta":false,"lot_sf":4814,"req_lot_sf":8000,"frontage_ft":59.7,"req_frontage_ft":65,"req_front_ft":20,"req_side_ft":10,"req_rear_ft":20,"over_unit_cap":false,"corner":false,"t_area":"short","t_frontage":"short","front_ft":15.0,"side_ft":9.0,"rear_ft":38.9,"t_front":"short","t_side":"close","t_rear":"meets","n_short":3,"measured":true},"geometry":{"type":"Polygon","coordinates":[[[-70.876589,42.561605],[-70.876882,42.561475],[-70.877008,42.561626],[-70.876664,42.561698],[-70.876589,42.561605]]]}},{"type":"Feature","properties":{"addr":"26 HEATHER ST","units":1,"stories":1.5,"mbta":false,"lot_sf":9714,"req_lot_sf":8000,"frontage_ft":70.9,"req_frontage_ft":65,"req_front_ft":20,"req_side_ft":10,"req_rear_ft":20,"over_unit_cap":false,"corner":true,"t_area":"meets","t_frontage":"meets","front_ft":72.2,"side_ft":11.6,"rear_ft":12.5,"t_front":"meets","t_side":"meets","t_rear":"short","n_short":1,"measured":true},"geometry":{"type":"Polygon","coordinates":[[[-70.876476,42.56261],[-70.876659,42.562502],[-70.876872,42.562375],[-70.877042,42.562541],[-70.876678,42.562749],[-70.876476,42.56261]]]}},{"type":"Feature","properties":{"addr":"7 DEARBORN AVE","units":1,"stories":2.0,"mbta":false,"lot_sf":4065,"req_lot_sf":8000,"frontage_ft":39.9,"req_frontage_ft":65,"req_front_ft":20,"req_side_ft":10,"req_rear_ft":20,"over_unit_cap":false,"corner":false,"t_area":"short","t_frontage":"short","front_ft":0.0,"side_ft":0.0,"rear_ft":55.1,"t_front":"short","t_side":"short","t_rear":"meets","n_short":4,"measured":true},"geometry":{"type":"Polygon","coordinates":[[[-70.8766,42.560478],[-70.87658,42.560455],[-70.876864,42.560328],[-70.876952,42.560432],[-70.876667,42.560564],[-70.8766,42.560478]]]}},{"type":"Feature","properties":{"addr":"14 STORY AVE","units":1,"stories":1.0,"mbta":false,"lot_sf":6410,"req_lot_sf":8000,"frontage_ft":70.2,"req_frontage_ft":65,"req_front_ft":20,"req_side_ft":10,"req_rear_ft":20,"over_unit_cap":false,"corner":false,"t_area":"short","t_frontage":"meets","front_ft":3.4,"side_ft":0.0,"rear_ft":31.7,"t_front":"short","t_side":"short","t_rear":"meets","n_short":3,"measured":true},"geometry":{"type":"Polygon","coordinates":[[[-70.876662,42.561008],[-70.876545,42.560864],[-70.876817,42.560742],[-70.876866,42.560806],[-70.876958,42.56092],[-70.876689,42.561041],[-70.876662,42.561008]]]}},{"type":"Feature","properties":{"addr":"GOVE AVE","units":1,"stories":null,"mbta":false,"lot_sf":5549,"req_lot_sf":8000,"frontage_ft":67.8,"req_frontage_ft":65,"req_front_ft":20,"req_side_ft":10,"req_rear_ft":20,"over_unit_cap":false,"corner":false,"t_area":"short","t_frontage":"meets","front_ft":6.0,"side_ft":0.0,"rear_ft":52.5,"t_front":"short","t_side":"short","t_rear":"meets","n_short":3,"measured":true},"geometry":{"type":"Polygon","coordinates":[[[-70.876479,42.562347],[-70.876708,42.562217],[-70.87687,42.562373],[-70.876872,42.562375],[-70.876659,42.562502],[-70.876479,42.562347]]]}},{"type":"Feature","properties":{"addr":"8 GOVE AVE","units":1,"stories":1.0,"mbta":false,"lot_sf":4535,"req_lot_sf":8000,"frontage_ft":68.6,"req_frontage_ft":65,"req_front_ft":20,"req_side_ft":10,"req_rear_ft":20,"over_unit_cap":false,"corner":false,"t_area":"short","t_frontage":"meets","front_ft":9.8,"side_ft":0.0,"rear_ft":10.6,"t_front":"short","t_side":"short","t_rear":"short","n_short":4,"measured":true},"geometry":{"type":"Polygon","coordinates":[[[-70.876502,42.561837],[-70.876691,42.561736],[-70.87685,42.56189],[-70.876668,42.561997],[-70.876502,42.561837]]]}},{"type":"Feature","properties":{"addr":"5 DEARBORN AVE","units":1,"stories":1.75,"mbta":false,"lot_sf":4616,"req_lot_sf":8000,"frontage_ft":44.4,"req_frontage_ft":65,"req_front_ft":20,"req_side_ft":10,"req_rear_ft":20,"over_unit_cap":false,"corner":false,"t_area":"short","t_frontage":"short","front_ft":0.0,"side_ft":5.6,"rear_ft":25.8,"t_front":"short","t_side":"short","t_rear":"meets","n_short":4,"measured":true},"geometry":{"type":"Polygon","coordinates":[[[-70.876512,42.560379],[-70.876472,42.560333],[-70.876596,42.560283],[-70.876766,42.560213],[-70.876864,42.560328],[-70.87658,42.560455],[-70.876512,42.560379]]]}},{"type":"Feature","properties":{"addr":"21A STORY AVE","units":2,"stories":2.0,"mbta":false,"lot_sf":9794,"req_lot_sf":8000,"frontage_ft":105.9,"req_frontage_ft":65,"req_front_ft":20,"req_side_ft":10,"req_rear_ft":20,"over_unit_cap":false,"corner":true,"t_area":"meets","t_frontage":"meets","front_ft":7.8,"side_ft":7.6,"rear_ft":31.1,"t_front":"short","t_side":"close","t_rear":"meets","n_short":1,"measured":true},"geometry":{"type":"Polygon","coordinates":[[[-70.876575,42.561588],[-70.876386,42.561353],[-70.87667,42.561223],[-70.876882,42.561475],[-70.876589,42.561605],[-70.876575,42.561588]]]}},{"type":"Feature","properties":{"addr":"3 DEARBORN AVE","units":1,"stories":1.75,"mbta":false,"lot_sf":2658,"req_lot_sf":8000,"frontage_ft":47.4,"req_frontage_ft":65,"req_front_ft":20,"req_side_ft":10,"req_rear_ft":20,"over_unit_cap":false,"corner":false,"t_area":"short","t_frontage":"short","front_ft":0.0,"side_ft":1.2,"rear_ft":5.8,"t_front":"short","t_side":"short","t_rear":"short","n_short":5,"measured":true},"geometry":{"type":"Polygon","coordinates":[[[-70.8765,42.560165],[-70.876663,42.560092],[-70.876766,42.560213],[-70.876596,42.560283],[-70.8765,42.560165]]]}},{"type":"Feature","properties":{"addr":"10 STORY AVE","units":1,"stories":1.75,"mbta":false,"lot_sf":5985,"req_lot_sf":8000,"frontage_ft":64.8,"req_frontage_ft":65,"req_front_ft":20,"req_side_ft":10,"req_rear_ft":20,"over_unit_cap":false,"corner":false,"t_area":"short","t_frontage":"close","front_ft":6.9,"side_ft":12.7,"rear_ft":46.1,"t_front":"short","t_side":"meets","t_rear":"meets","n_short":2,"measured":true},"geometry":{"type":"Polygon","coordinates":[[[-70.876407,42.560703],[-70.87668,42.560579],[-70.876817,42.560742],[-70.876545,42.560864],[-70.876407,42.560703]]]}},{"type":"Feature","properties":{"addr":"6 GOVE AVE","units":1,"stories":1.75,"mbta":false,"lot_sf":4407,"req_lot_sf":8000,"frontage_ft":64.8,"req_frontage_ft":65,"req_front_ft":20,"req_side_ft":10,"req_rear_ft":20,"over_unit_cap":false,"corner":false,"t_area":"short","t_frontage":"close","front_ft":11.6,"side_ft":3.0,"rear_ft":26.9,"t_front":"short","t_side":"short","t_rear":"meets","n_short":3,"measured":true},"geometry":{"type":"Polygon","coordinates":[[[-70.876352,42.561692],[-70.876346,42.561685],[-70.876575,42.561588],[-70.876589,42.561605],[-70.876664,42.561698],[-70.876654,42.5617],[-70.876691,42.561736],[-70.876502,42.561837],[-70.876352,42.561692]]]}},{"type":"Feature","properties":{"addr":"56 COLON ST","units":1,"stories":2.0,"mbta":false,"lot_sf":2609,"req_lot_sf":8000,"frontage_ft":48.1,"req_frontage_ft":65,"req_front_ft":20,"req_side_ft":10,"req_rear_ft":20,"over_unit_cap":false,"corner":true,"t_area":"short","t_frontage":"short","front_ft":11.8,"side_ft":0.0,"rear_ft":1.3,"t_front":"short","t_side":"short","t_rear":"short","n_short":5,"measured":true},"geometry":{"type":"Polygon","coordinates":[[[-70.8764,42.560042],[-70.876565,42.559976],[-70.876663,42.560092],[-70.8765,42.560165],[-70.8764,42.560042]]]}},{"type":"Feature","properties":{"addr":"7 GOVE AVE","units":1,"stories":1.5,"mbta":false,"lot_sf":5872,"req_lot_sf":8000,"frontage_ft":67.7,"req_frontage_ft":65,"req_front_ft":20,"req_side_ft":10,"req_rear_ft":20,"over_unit_cap":false,"corner":false,"t_area":"short","t_frontage":"meets","front_ft":26.2,"side_ft":4.2,"rear_ft":23.6,"t_front":"meets","t_side":"short","t_rear":"meets","n_short":2,"measured":true},"geometry":{"type":"Polygon","coordinates":[[[-70.876298,42.562191],[-70.876543,42.562059],[-70.876708,42.562217],[-70.876479,42.562347],[-70.876298,42.562191]]]}},{"type":"Feature","properties":{"addr":"8 STORY AVE","units":1,"stories":1.75,"mbta":false,"lot_sf":3687,"req_lot_sf":8000,"frontage_ft":37.2,"req_frontage_ft":65,"req_front_ft":20,"req_side_ft":10,"req_rear_ft":20,"over_unit_cap":false,"corner":false,"t_area":"short","t_frontage":"short","front_ft":4.6,"side_ft":0.0,"rear_ft":45.3,"t_front":"short","t_side":"short","t_rear":"meets","n_short":4,"measured":true},"geometry":{"type":"Polygon","coordinates":[[[-70.876324,42.560605],[-70.8766,42.560478],[-70.876667,42.560564],[-70.87668,42.560579],[-70.876407,42.560703],[-70.876324,42.560605]]]}},{"type":"Feature","properties":{"addr":"24 HEATHER ST","units":1,"stories":1.5,"mbta":false,"lot_sf":5039,"req_lot_sf":8000,"frontage_ft":71.5,"req_frontage_ft":65,"req_front_ft":20,"req_side_ft":10,"req_rear_ft":20,"over_unit_cap":false,"corner":false,"t_area":"short","t_frontage":"meets","front_ft":15.4,"side_ft":3.6,"rear_ft":0.0,"t_front":"short","t_side":"short","t_rear":"short","n_short":4,"measured":true},"geometry":{"type":"Polygon","coordinates":[[[-70.876269,42.562467],[-70.876479,42.562347],[-70.876659,42.562502],[-70.876476,42.56261],[-70.876269,42.562467]]]}},{"type":"Feature","properties":{"addr":"58 COLON ST","units":1,"stories":1.75,"mbta":false,"lot_sf":4421,"req_lot_sf":8000,"frontage_ft":36.6,"req_frontage_ft":65,"req_front_ft":20,"req_side_ft":10,"req_rear_ft":20,"over_unit_cap":false,"corner":false,"t_area":"short","t_frontage":"short","front_ft":12.1,"side_ft":6.5,"rear_ft":6.4,"t_front":"short","t_side":"short","t_rear":"short","n_short":5,"measured":true},"geometry":{"type":"Polygon","coordinates":[[[-70.876406,42.560284],[-70.876265,42.560096],[-70.8764,42.560042],[-70.8765,42.560165],[-70.876596,42.560283],[-70.876472,42.560333],[-70.87645,42.560342],[-70.876406,42.560284]]]}},{"type":"Feature","properties":{"addr":"6 STORY AVE","units":1,"stories":1.75,"mbta":false,"lot_sf":3830,"req_lot_sf":8000,"frontage_ft":40.0,"req_frontage_ft":65,"req_front_ft":20,"req_side_ft":10,"req_rear_ft":20,"over_unit_cap":false,"corner":false,"t_area":"short","t_frontage":"short","front_ft":5.8,"side_ft":0.0,"rear_ft":45.5,"t_front":"short","t_side":"short","t_rear":"meets","n_short":4,"measured":true},"geometry":{"type":"Polygon","coordinates":[[[-70.876235,42.5605],[-70.876512,42.560379],[-70.87658,42.560455],[-70.8766,42.560478],[-70.876324,42.560605],[-70.876235,42.5605]]]}},{"type":"Feature","properties":{"addr":"4 GOVE AVE","units":1,"stories":1.0,"mbta":false,"lot_sf":7052,"req_lot_sf":8000,"frontage_ft":94.5,"req_frontage_ft":65,"req_front_ft":20,"req_side_ft":10,"req_rear_ft":20,"over_unit_cap":false,"corner":true,"t_area":"short","t_frontage":"meets","front_ft":28.2,"side_ft":14.7,"rear_ft":14.5,"t_front":"meets","t_side":"meets","t_rear":"short","n_short":2,"measured":true},"geometry":{"type":"Polygon","coordinates":[[[-70.876158,42.561458],[-70.876386,42.561353],[-70.876575,42.561588],[-70.876346,42.561685],[-70.876158,42.561458]]]}},{"type":"Feature","properties":{"addr":"5 GOVE AVE","units":1,"stories":1.0,"mbta":false,"lot_sf":6481,"req_lot_sf":8000,"frontage_ft":74.1,"req_frontage_ft":65,"req_front_ft":20,"req_side_ft":10,"req_rear_ft":20,"over_unit_cap":false,"corner":false,"t_area":"short","t_frontage":"meets","front_ft":20.7,"side_ft":4.3,"rear_ft":29.6,"t_front":"meets","t_side":"short","t_rear":"meets","n_short":2,"measured":true},"geometry":{"type":"Polygon","coordinates":[[[-70.876114,42.562034],[-70.876364,42.561887],[-70.876543,42.562059],[-70.876298,42.562191],[-70.876114,42.562034]]]}},{"type":"Feature","properties":{"addr":"4 STORY AVE","units":1,"stories":1.75,"mbta":false,"lot_sf":3651,"req_lot_sf":8000,"frontage_ft":38.6,"req_frontage_ft":65,"req_front_ft":20,"req_side_ft":10,"req_rear_ft":20,"over_unit_cap":false,"corner":false,"t_area":"short","t_frontage":"short","front_ft":4.9,"side_ft":0.6,"rear_ft":15.6,"t_front":"short","t_side":"short","t_rear":"short","n_short":5,"measured":true},"geometry":{"type":"Polygon","coordinates":[[[-70.876149,42.560399],[-70.876283,42.56034],[-70.876406,42.560284],[-70.87645,42.560342],[-70.876472,42.560333],[-70.876512,42.560379],[-70.876235,42.5605],[-70.876149,42.560399]]]}},{"type":"Feature","properties":{"addr":"22 HEATHER ST","units":1,"stories":2.0,"mbta":false,"lot_sf":5744,"req_lot_sf":8000,"frontage_ft":73.1,"req_frontage_ft":65,"req_front_ft":20,"req_side_ft":10,"req_rear_ft":20,"over_unit_cap":false,"corner":false,"t_area":"short","t_frontage":"meets","front_ft":21.1,"side_ft":7.7,"rear_ft":26.8,"t_front":"meets","t_side":"close","t_rear":"meets","n_short":1,"measured":true},"geometry":{"type":"Polygon","coordinates":[[[-70.876057,42.56232],[-70.876298,42.562191],[-70.876479,42.562347],[-70.876269,42.562467],[-70.876057,42.56232]]]}},{"type":"Feature","properties":{"addr":"60 COLON ST","units":1,"stories":1.75,"mbta":false,"lot_sf":3223,"req_lot_sf":8000,"frontage_ft":37.3,"req_frontage_ft":65,"req_front_ft":20,"req_side_ft":10,"req_rear_ft":20,"over_unit_cap":false,"corner":false,"t_area":"short","t_frontage":"short","front_ft":10.2,"side_ft":0.0,"rear_ft":27.2,"t_front":"short","t_side":"short","t_rear":"meets","n_short":4,"measured":true},"geometry":{"type":"Polygon","coordinates":[[[-70.876127,42.560151],[-70.876265,42.560096],[-70.876406,42.560284],[-70.876283,42.56034],[-70.876127,42.560151]]]}},{"type":"Feature","properties":{"addr":"3 GOVE AVE","units":1,"stories":1.0,"mbta":false,"lot_sf":6077,"req_lot_sf":8000,"frontage_ft":58.3,"req_frontage_ft":65,"req_front_ft":20,"req_side_ft":10,"req_rear_ft":20,"over_unit_cap":false,"corner":false,"t_area":"short","t_frontage":"short","front_ft":15.2,"side_ft":6.2,"rear_ft":21.8,"t_front":"short","t_side":"short","t_rear":"meets","n_short":4,"measured":true},"geometry":{"type":"Polygon","coordinates":[[[-70.875932,42.561878],[-70.876029,42.561835],[-70.876221,42.56175],[-70.876364,42.561887],[-70.876114,42.562034],[-70.875932,42.561878]]]}},{"type":"Feature","properties":{"addr":"62 COLON ST","units":2,"stories":2.0,"mbta":false,"lot_sf":3464,"req_lot_sf":8000,"frontage_ft":80.1,"req_frontage_ft":65,"req_front_ft":20,"req_side_ft":10,"req_rear_ft":20,"over_unit_cap":false,"corner":true,"t_area":"short","t_frontage":"meets","front_ft":3.6,"side_ft":7.0,"rear_ft":1.7,"t_front":"short","t_side":"close","t_rear":"short","n_short":3,"measured":true},"geometry":{"type":"Polygon","coordinates":[[[-70.875986,42.560208],[-70.876127,42.560151],[-70.876283,42.56034],[-70.876149,42.560399],[-70.875986,42.560208]]]}},{"type":"Feature","properties":{"addr":"20 HEATHER ST","units":1,"stories":1.75,"mbta":false,"lot_sf":6195,"req_lot_sf":8000,"frontage_ft":68.2,"req_frontage_ft":65,"req_front_ft":20,"req_side_ft":10,"req_rear_ft":20,"over_unit_cap":false,"corner":false,"t_area":"short","t_frontage":"meets","front_ft":22.7,"side_ft":12.0,"rear_ft":14.4,"t_front":"meets","t_side":"meets","t_rear":"short","n_short":2,"measured":true},"geometry":{"type":"Polygon","coordinates":[[[-70.875861,42.562185],[-70.875859,42.562183],[-70.876114,42.562034],[-70.876298,42.562191],[-70.876057,42.56232],[-70.875861,42.562185]]]}},{"type":"Feature","properties":{"addr":"1 GOVE AVE","units":1,"stories":1.5,"mbta":false,"lot_sf":5964,"req_lot_sf":8000,"frontage_ft":96.9,"req_frontage_ft":65,"req_front_ft":20,"req_side_ft":10,"req_rear_ft":20,"over_unit_cap":false,"corner":true,"t_area":"short","t_frontage":"meets","front_ft":19.6,"side_ft":13.6,"rear_ft":18.7,"t_front":"close","t_side":"meets","t_rear":"close","n_short":1,"measured":true},"geometry":{"type":"Polygon","coordinates":[[[-70.875832,42.561605],[-70.876022,42.56152],[-70.876221,42.56175],[-70.876029,42.561835],[-70.875832,42.561605]]]}},{"type":"Feature","properties":{"addr":"18 HEATHER ST","units":1,"stories":2.0,"mbta":false,"lot_sf":7067,"req_lot_sf":8000,"frontage_ft":79.2,"req_frontage_ft":65,"req_front_ft":20,"req_side_ft":10,"req_rear_ft":20,"over_unit_cap":false,"corner":false,"t_area":"short","t_frontage":"meets","front_ft":26.0,"side_ft":16.0,"rear_ft":16.3,"t_front":"meets","t_side":"meets","t_rear":"short","n_short":2,"measured":true},"geometry":{"type":"Polygon","coordinates":[[[-70.875839,42.56217],[-70.87582,42.562156],[-70.875801,42.562141],[-70.875783,42.562127],[-70.875765,42.562112],[-70.875747,42.562097],[-70.875729,42.562082],[-70.875712,42.562067],[-70.875696,42.562051],[-70.875679,42.562035],[-70.875655,42.562011],[-70.875654,42.56201],[-70.875839,42.561925],[-70.875932,42.561878],[-70.876114,42.562034],[-70.875859,42.562183],[-70.875839,42.56217]]]}},{"type":"Feature","properties":{"addr":"3 HENDERSON AVE","units":1,"stories":2.0,"mbta":false,"lot_sf":5980,"req_lot_sf":8000,"frontage_ft":54.9,"req_frontage_ft":65,"req_front_ft":20,"req_side_ft":10,"req_rear_ft":20,"over_unit_cap":false,"corner":false,"t_area":"short","t_frontage":"short","front_ft":20.7,"side_ft":12.5,"rear_ft":45.5,"t_front":"meets","t_side":"meets","t_rear":"meets","n_short":2,"measured":true},"geometry":{"type":"Polygon","coordinates":[[[-70.875643,42.561691],[-70.875832,42.561605],[-70.876029,42.561835],[-70.875932,42.561878],[-70.875839,42.561925],[-70.875643,42.561691]]]}},{"type":"Feature","properties":{"addr":"16 HEATHER ST","units":1,"stories":1.75,"mbta":false,"lot_sf":6256,"req_lot_sf":8000,"frontage_ft":98.8,"req_frontage_ft":65,"req_front_ft":20,"req_side_ft":10,"req_rear_ft":20,"over_unit_cap":false,"corner":true,"t_area":"short","t_frontage":"meets","front_ft":21.0,"side_ft":12.1,"rear_ft":4.8,"t_front":"meets","t_side":"meets","t_rear":"short","n_short":2,"measured":true},"geometry":{"type":"Polygon","coordinates":[[[-70.875434,42.561784],[-70.875643,42.561691],[-70.875839,42.561925],[-70.875654,42.56201],[-70.875434,42.561784]]]}},{"type":"Feature","properties":{"addr":"85 BAKER AVE","units":1,"stories":2.0,"mbta":false,"lot_sf":16277,"req_lot_sf":8000,"frontage_ft":55.2,"req_frontage_ft":65,"req_front_ft":20,"req_side_ft":10,"req_rear_ft":20,"over_unit_cap":false,"corner":false,"t_area":"meets","t_frontage":"short","front_ft":20.9,"side_ft":11.3,"rear_ft":147.2,"t_front":"meets","t_side":"meets","t_rear":"meets","n_short":1,"measured":true},"geometry":{"type":"Polygon","coordinates":[[[-70.87357,42.558695],[-70.873429,42.558607],[-70.874204,42.558336],[-70.874207,42.558341],[-70.874221,42.558364],[-70.874231,42.558378],[-70.87424,42.558391],[-70.87425,42.558404],[-70.87426,42.558418],[-70.874271,42.558431],[-70.874281,42.558443],[-70.874292,42.558456],[-70.874304,42.558469],[-70.874314,42.55848],[-70.873714,42.558782],[-70.87357,42.558695]]]}},{"type":"Feature","properties":{"addr":"201 BROUGHTON DR","units":205,"stories":2.0,"mbta":false,"lot_sf":536980,"req_lot_sf":820000,"frontage_ft":574.7,"req_frontage_ft":65,"req_front_ft":20,"req_side_ft":10,"req_rear_ft":20,"over_unit_cap":false,"corner":false,"t_area":"short","t_frontage":"meets","front_ft":169.5,"side_ft":33.9,"rear_ft":271.1,"t_front":"meets","t_side":"meets","t_rear":"meets","n_short":1,"measured":true},"geometry":{"type":"Polygon","coordinates":[[[-70.873182,42.5732],[-70.873141,42.57316],[-70.873,42.573082],[-70.872332,42.572557],[-70.87198,42.572353],[-70.872328,42.571862],[-70.87237,42.5718],[-70.872387,42.571774],[-70.873575,42.570119],[-70.873744,42.569884],[-70.875067,42.571139],[-70.874573,42.571933],[-70.87428,42.572427],[-70.874219,42.572528],[-70.87416,42.572611],[-70.873632,42.573381],[-70.873552,42.573492],[-70.873182,42.5732]]]}},{"type":"Feature","properties":{"addr":"11 SPRING ST","units":1,"stories":1.0,"mbta":false,"lot_sf":20005,"req_lot_sf":8000,"frontage_ft":242.6,"req_frontage_ft":65,"req_front_ft":20,"req_side_ft":10,"req_rear_ft":20,"over_unit_cap":false,"corner":true,"t_area":"meets","t_frontage":"meets","front_ft":46.7,"side_ft":113.8,"rear_ft":24.4,"t_front":"meets","t_side":"meets","t_rear":"meets","n_short":0,"measured":true},"geometry":{"type":"Polygon","coordinates":[[[-70.869716,42.561232],[-70.869757,42.561233],[-70.869892,42.561738],[-70.869134,42.561751],[-70.869716,42.561232]]]}},{"type":"Feature","properties":{"addr":"SPRING ST","units":1,"stories":null,"mbta":false,"lot_sf":28288,"req_lot_sf":8000,"frontage_ft":246.7,"req_frontage_ft":65,"req_front_ft":20,"req_side_ft":10,"req_rear_ft":20,"over_unit_cap":false,"corner":true,"t_area":"meets","t_frontage":"meets","front_ft":null,"side_ft":null,"rear_ft":null,"t_front":null,"t_side":null,"t_rear":null,"n_short":0,"measured":false},"geometry":{"type":"Polygon","coordinates":[[[-70.868599,42.562216],[-70.869118,42.561765],[-70.869134,42.561751],[-70.869892,42.561738],[-70.869964,42.561844],[-70.869278,42.562052],[-70.869288,42.562068],[-70.869196,42.562093],[-70.869187,42.562078],[-70.868536,42.562273],[-70.868599,42.562216]]]}},{"type":"Feature","properties":{"addr":"221 ESSEX ST","units":1,"stories":1.0,"mbta":false,"lot_sf":11099,"req_lot_sf":8000,"frontage_ft":117.9,"req_frontage_ft":65,"req_front_ft":20,"req_side_ft":10,"req_rear_ft":20,"over_unit_cap":false,"corner":false,"t_area":"meets","t_frontage":"meets","front_ft":23.2,"side_ft":0.0,"rear_ft":31.1,"t_front":"meets","t_side":"short","t_rear":"meets","n_short":1,"measured":true},"geometry":{"type":"Polygon","coordinates":[[[-70.866038,42.563882],[-70.866024,42.563867],[-70.866388,42.563695],[-70.866539,42.563863],[-70.866268,42.564134],[-70.866038,42.563882]]]}},{"type":"Feature","properties":{"addr":"223 ESSEX ST","units":1,"stories":2.0,"mbta":false,"lot_sf":12717,"req_lot_sf":8000,"frontage_ft":98.6,"req_frontage_ft":65,"req_front_ft":20,"req_side_ft":10,"req_rear_ft":20,"over_unit_cap":false,"corner":false,"t_area":"meets","t_frontage":"meets","front_ft":30.9,"side_ft":14.2,"rear_ft":34.7,"t_front":"meets","t_side":"meets","t_rear":"meets","n_short":0,"measured":true},"geometry":{"type":"Polygon","coordinates":[[[-70.865813,42.564126],[-70.865729,42.564036],[-70.866038,42.563882],[-70.866268,42.564134],[-70.86608,42.564323],[-70.866024,42.564351],[-70.865813,42.564126]]]}},{"type":"Feature","properties":{"addr":"225 ESSEX ST","units":1,"stories":1.5,"mbta":false,"lot_sf":7678,"req_lot_sf":8000,"frontage_ft":73.2,"req_frontage_ft":65,"req_front_ft":20,"req_side_ft":10,"req_rear_ft":20,"over_unit_cap":false,"corner":false,"t_area":"close","t_frontage":"meets","front_ft":31.8,"side_ft":3.7,"rear_ft":32.4,"t_front":"meets","t_side":"short","t_rear":"meets","n_short":1,"measured":true},"geometry":{"type":"Polygon","coordinates":[[[-70.865579,42.564247],[-70.865697,42.564186],[-70.865813,42.564126],[-70.866024,42.564351],[-70.865784,42.564471],[-70.865579,42.564247]]]}},{"type":"Feature","properties":{"addr":"227 ESSEX ST","units":1,"stories":1.5,"mbta":false,"lot_sf":7281,"req_lot_sf":8000,"frontage_ft":94.1,"req_frontage_ft":65,"req_front_ft":20,"req_side_ft":10,"req_rear_ft":20,"over_unit_cap":false,"corner":true,"t_area":"short","t_frontage":"meets","front_ft":25.8,"side_ft":10.1,"rear_ft":37.2,"t_front":"meets","t_side":"meets","t_rear":"meets","n_short":1,"measured":true},"geometry":{"type":"Polygon","coordinates":[[[-70.865354,42.564365],[-70.865579,42.564247],[-70.865784,42.564471],[-70.865552,42.564586],[-70.865354,42.564365]]]}},{"type":"Feature","properties":{"addr":"3 KELLEHER RD","units":1,"stories":2.0,"mbta":false,"lot_sf":8485,"req_lot_sf":8000,"frontage_ft":70.8,"req_frontage_ft":65,"req_front_ft":20,"req_side_ft":10,"req_rear_ft":20,"over_unit_cap":false,"corner":false,"t_area":"meets","t_frontage":"meets","front_ft":16.0,"side_ft":12.9,"rear_ft":22.4,"t_front":"short","t_side":"meets","t_rear":"meets","n_short":1,"measured":true},"geometry":{"type":"Polygon","coordinates":[[[-70.865199,42.564192],[-70.865534,42.564016],[-70.865697,42.564186],[-70.865579,42.564247],[-70.865354,42.564365],[-70.865199,42.564192]]]}},{"type":"Feature","properties":{"addr":"231 ESSEX ST","units":1,"stories":1.75,"mbta":false,"lot_sf":9892,"req_lot_sf":8000,"frontage_ft":99.8,"req_frontage_ft":65,"req_front_ft":20,"req_side_ft":10,"req_rear_ft":20,"over_unit_cap":false,"corner":true,"t_area":"meets","t_frontage":"meets","front_ft":30.0,"side_ft":7.3,"rear_ft":28.8,"t_front":"meets","t_side":"close","t_rear":"meets","n_short":0,"measured":true},"geometry":{"type":"Polygon","coordinates":[[[-70.86492,42.564588],[-70.865231,42.564429],[-70.86543,42.564651],[-70.865117,42.564809],[-70.86492,42.564588]]]}},{"type":"Feature","properties":{"addr":"4 KELLEHER RD","units":1,"stories":1.5,"mbta":false,"lot_sf":10070,"req_lot_sf":8000,"frontage_ft":94.9,"req_frontage_ft":65,"req_front_ft":20,"req_side_ft":10,"req_rear_ft":20,"over_unit_cap":false,"corner":false,"t_area":"meets","t_frontage":"meets","front_ft":17.9,"side_ft":13.8,"rear_ft":48.6,"t_front":"close","t_side":"meets","t_rear":"meets","n_short":0,"measured":true},"geometry":{"type":"Polygon","coordinates":[[[-70.864874,42.564536],[-70.864719,42.564362],[-70.865026,42.5642],[-70.865231,42.564429],[-70.86492,42.564588],[-70.864874,42.564536]]]}},{"type":"Feature","properties":{"addr":"245 ESSEX ST 1-8","units":104,"stories":1.0,"mbta":false,"lot_sf":248861,"req_lot_sf":416000,"frontage_ft":644.5,"req_frontage_ft":65,"req_front_ft":20,"req_side_ft":10,"req_rear_ft":20,"over_unit_cap":false,"corner":true,"t_area":"short","t_frontage":"meets","front_ft":189.7,"side_ft":14.4,"rear_ft":24.6,"t_front":"meets","t_side":"meets","t_rear":"meets","n_short":1,"measured":true},"geometry":{"type":"MultiPolygon","coordinates":[[[[-70.863879,42.563902],[-70.866503,42.563088],[-70.866959,42.563502],[-70.866811,42.563637],[-70.866809,42.563638],[-70.866808,42.563639],[-70.866807,42.56364],[-70.866805,42.563641],[-70.866804,42.563642],[-70.866802,42.563643],[-70.866801,42.563644],[-70.866799,42.563645],[-70.866798,42.563646],[-70.866796,42.563647],[-70.866795,42.563648],[-70.866793,42.563649],[-70.866792,42.56365],[-70.86679,42.56365],[-70.866789,42.563651],[-70.866787,42.563652],[-70.866785,42.563653],[-70.866784,42.563653],[-70.866782,42.563654],[-70.86678,42.563655],[-70.866779,42.563655],[-70.866777,42.563656],[-70.866775,42.563657],[-70.866773,42.563657],[-70.866772,42.563658],[-70.86677,42.563658],[-70.866768,42.563659],[-70.866766,42.563659],[-70.866764,42.56366],[-70.866763,42.56366],[-70.866761,42.563661],[-70.866759,42.563661],[-70.866757,42.563661],[-70.866755,42.563662],[-70.866753,42.563662],[-70.866751,42.563662],[-70.86675,42.563663],[-70.866748,42.563663],[-70.866746,42.563663],[-70.866744,42.563663],[-70.866742,42.563664],[-70.86674,42.563664],[-70.866738,42.563664],[-70.866736,42.563664],[-70.866734,42.563664],[-70.866732,42.563664],[-70.86673,42.563664],[-70.866728,42.563664],[-70.866727,42.563664],[-70.866725,42.563664],[-70.866723,42.563664],[-70.866721,42.563664],[-70.866719,42.563664],[-70.866717,42.563664],[-70.866715,42.563664],[-70.866713,42.563663],[-70.866711,42.563663],[-70.866709,42.563663],[-70.866707,42.563663],[-70.866706,42.563662],[-70.866704,42.563662],[-70.866702,42.563662],[-70.8667,42.563661],[-70.866698,42.563661],[-70.866696,42.563661],[-70.866694,42.56366],[-70.866693,42.56366],[-70.866691,42.563659],[-70.866689,42.563659],[-70.866687,42.563658],[-70.866685,42.563658],[-70.866684,42.563657],[-70.866682,42.563656],[-70.86668,42.563656],[-70.866678,42.563655],[-70.866677,42.563655],[-70.866675,42.563654],[-70.866673,42.563653],[-70.866671,42.563652],[-70.866473,42.563568],[-70.866462,42.563564],[-70.86645,42.563561],[-70.866438,42.563558],[-70.866426,42.563555],[-70.866415,42.563552],[-70.866403,42.563549],[-70.866391,42.563546],[-70.866378,42.563544],[-70.866366,42.563541],[-70.866354,42.563539],[-70.866342,42.563537],[-70.86633,42.563535],[-70.866317,42.563533],[-70.866305,42.563532],[-70.866293,42.56353],[-70.86628,42.563529],[-70.866268,42.563528],[-70.866255,42.563527],[-70.866243,42.563526],[-70.86623,42.563526],[-70.866218,42.563525],[-70.866205,42.563525],[-70.866193,42.563525],[-70.86618,42.563525],[-70.866167,42.563525],[-70.866155,42.563526],[-70.866142,42.563526],[-70.86613,42.563527],[-70.866117,42.563528],[-70.866105,42.563529],[-70.866092,42.56353],[-70.86608,42.563531],[-70.866068,42.563533],[-70.866055,42.563534],[-70.866043,42.563536],[-70.866031,42.563538],[-70.866019,42.56354],[-70.866006,42.563543],[-70.865994,42.563545],[-70.865982,42.563548],[-70.86597,42.56355],[-70.865958,42.563553],[-70.865947,42.563556],[-70.865935,42.56356],[-70.865923,42.563563],[-70.865911,42.563567],[-70.8659,42.56357],[-70.865889,42.563574],[-70.865875,42.563579],[-70.86506,42.563828],[-70.865056,42.563829],[-70.865052,42.563831],[-70.865048,42.563832],[-70.865044,42.563833],[-70.86504,42.563834],[-70.865035,42.563836],[-70.865031,42.563837],[-70.865028,42.563838],[-70.865024,42.56384],[-70.86502,42.563841],[-70.865016,42.563843],[-70.865012,42.563845],[-70.865008,42.563846],[-70.865005,42.563848],[-70.865001,42.56385],[-70.864997,42.563852],[-70.864994,42.563854],[-70.86499,42.563856],[-70.864986,42.563858],[-70.864983,42.56386],[-70.86498,42.563862],[-70.864976,42.563864],[-70.864973,42.563866],[-70.86497,42.563868],[-70.864966,42.56387],[-70.864963,42.563873],[-70.86496,42.563875],[-70.864957,42.563877],[-70.864954,42.56388],[-70.864951,42.563882],[-70.864948,42.563885],[-70.864945,42.563887],[-70.864943,42.56389],[-70.86494,42.563892],[-70.864937,42.563895],[-70.864935,42.563898],[-70.864932,42.5639],[-70.86493,42.563903],[-70.864927,42.563906],[-70.864925,42.563909],[-70.864923,42.563911],[-70.864921,42.563914],[-70.864918,42.563917],[-70.864916,42.56392],[-70.864914,42.563923],[-70.864912,42.563926],[-70.864911,42.563929],[-70.864909,42.563932],[-70.864907,42.563935],[-70.864906,42.563938],[-70.864904,42.563941],[-70.864902,42.563944],[-70.864901,42.563947],[-70.8649,42.56395],[-70.864898,42.563953],[-70.864897,42.563957],[-70.864896,42.56396],[-70.864895,42.563963],[-70.864894,42.563966],[-70.864893,42.563969],[-70.864892,42.563972],[-70.864892,42.563976],[-70.864891,42.563979],[-70.86489,42.563982],[-70.86489,42.563985],[-70.864889,42.563989],[-70.864889,42.563992],[-70.864889,42.563995],[-70.864889,42.563998],[-70.864888,42.564002],[-70.864888,42.564005],[-70.864888,42.564008],[-70.864888,42.564012],[-70.864889,42.564015],[-70.864889,42.564018],[-70.864889,42.564021],[-70.86489,42.564025],[-70.86489,42.564028],[-70.864891,42.564031],[-70.864891,42.564034],[-70.864892,42.564038],[-70.864893,42.564041],[-70.864894,42.564044],[-70.864895,42.564047],[-70.864896,42.56405],[-70.864897,42.564053],[-70.864899,42.564058],[-70.865026,42.5642],[-70.864719,42.564362],[-70.864874,42.564536],[-70.864542,42.564711],[-70.864781,42.564979],[-70.86426,42.565243],[-70.863679,42.564612],[-70.863202,42.564094],[-70.863538,42.564001],[-70.863879,42.563902]]],[[[-70.86505,42.564013],[-70.86505,42.564012],[-70.86505,42.564011],[-70.86505,42.564009],[-70.86505,42.564008],[-70.86505,42.564006],[-70.86505,42.564005],[-70.86505,42.564003],[-70.86505,42.564002],[-70.86505,42.564001],[-70.86505,42.563999],[-70.86505,42.563998],[-70.865051,42.563996],[-70.865051,42.563995],[-70.865051,42.563993],[-70.865051,42.563992],[-70.865052,42.563991],[-70.865052,42.563989],[-70.865052,42.563988],[-70.865053,42.563986],[-70.865053,42.563985],[-70.865054,42.563984],[-70.865054,42.563982],[-70.865055,42.563981],[-70.865055,42.56398],[-70.865056,42.563978],[-70.865057,42.563977],[-70.865057,42.563975],[-70.865058,42.563974],[-70.865059,42.563973],[-70.86506,42.563972],[-70.865061,42.56397],[-70.865061,42.563969],[-70.865062,42.563968],[-70.865063,42.563966],[-70.865064,42.563965],[-70.865065,42.563964],[-70.865066,42.563963],[-70.865067,42.563961],[-70.865068,42.56396],[-70.865069,42.563959],[-70.86507,42.563958],[-70.865071,42.563957],[-70.865073,42.563956],[-70.865074,42.563954],[-70.865075,42.563953],[-70.865076,42.563952],[-70.865078,42.563951],[-70.865079,42.56395],[-70.86508,42.563949],[-70.865082,42.563948],[-70.865083,42.563947],[-70.865084,42.563946],[-70.865086,42.563945],[-70.865087,42.563944],[-70.865089,42.563943],[-70.86509,42.563942],[-70.865092,42.563941],[-70.865093,42.56394],[-70.865095,42.56394],[-70.866064,42.563643],[-70.866075,42.56364],[-70.866081,42.563638],[-70.866087,42.563637],[-70.866093,42.563636],[-70.866099,42.563635],[-70.866105,42.563634],[-70.866111,42.563633],[-70.866117,42.563632],[-70.866124,42.563631],[-70.86613,42.56363],[-70.866136,42.56363],[-70.866142,42.563629],[-70.866148,42.563628],[-70.866154,42.563628],[-70.866161,42.563628],[-70.866167,42.563627],[-70.866173,42.563627],[-70.866179,42.563627],[-70.866186,42.563627],[-70.866192,42.563627],[-70.866198,42.563627],[-70.866204,42.563628],[-70.866211,42.563628],[-70.866217,42.563628],[-70.866223,42.563629],[-70.866229,42.563629],[-70.866235,42.56363],[-70.866241,42.563631],[-70.866248,42.563631],[-70.866254,42.563632],[-70.86626,42.563633],[-70.866266,42.563634],[-70.866272,42.563635],[-70.866278,42.563637],[-70.866284,42.563638],[-70.86629,42.563639],[-70.866296,42.563641],[-70.866302,42.563642],[-70.866308,42.563644],[-70.866314,42.563645],[-70.866319,42.563647],[-70.866325,42.563649],[-70.866331,42.563651],[-70.866336,42.563653],[-70.866342,42.563655],[-70.866348,42.563657],[-70.866353,42.563659],[-70.866359,42.563661],[-70.866364,42.563663],[-70.866369,42.563666],[-70.866375,42.563668],[-70.866507,42.56372],[-70.866509,42.563721],[-70.866511,42.563722],[-70.866513,42.563724],[-70.866515,42.563725],[-70.866517,42.563726],[-70.866519,42.563727],[-70.866521,42.563728],[-70.866522,42.563729],[-70.866524,42.563731],[-70.866526,42.563732],[-70.866528,42.563733],[-70.866529,42.563734],[-70.866531,42.563736],[-70.866532,42.563737],[-70.866534,42.563738],[-70.866536,42.56374],[-70.866537,42.563741],[-70.866538,42.563743],[-70.86654,42.563744],[-70.866541,42.563746],[-70.866543,42.563747],[-70.866544,42.563748],[-70.866545,42.56375],[-70.866547,42.563751],[-70.866548,42.563753],[-70.866549,42.563755],[-70.86655,42.563756],[-70.866551,42.563758],[-70.866552,42.563759],[-70.866553,42.563761],[-70.866554,42.563763],[-70.866555,42.563764],[-70.866556,42.563766],[-70.866557,42.563768],[-70.866558,42.563769],[-70.866559,42.563771],[-70.866559,42.563773],[-70.86656,42.563774],[-70.866561,42.563776],[-70.866561,42.563778],[-70.866562,42.563779],[-70.866563,42.563781],[-70.866563,42.563783],[-70.866564,42.563785],[-70.866564,42.563786],[-70.866564,42.563788],[-70.866565,42.56379],[-70.866565,42.563792],[-70.866565,42.563793],[-70.866566,42.563795],[-70.866566,42.563797],[-70.866566,42.563799],[-70.866566,42.563801],[-70.866566,42.563802],[-70.866566,42.563804],[-70.866566,42.563806],[-70.866566,42.563808],[-70.866566,42.563809],[-70.866566,42.563811],[-70.866566,42.563813],[-70.866565,42.563815],[-70.866565,42.563817],[-70.866565,42.563818],[-70.866564,42.56382],[-70.866564,42.563822],[-70.866563,42.563824],[-70.866563,42.563825],[-70.866562,42.563827],[-70.866562,42.563829],[-70.866561,42.563831],[-70.866561,42.563832],[-70.86656,42.563834],[-70.866559,42.563836],[-70.866558,42.563837],[-70.866558,42.563839],[-70.866557,42.563841],[-70.866556,42.563842],[-70.866555,42.563844],[-70.866554,42.563846],[-70.866553,42.563847],[-70.866552,42.563849],[-70.866551,42.56385],[-70.86655,42.563852],[-70.866549,42.563854],[-70.866547,42.563855],[-70.866539,42.563863],[-70.866388,42.563695],[-70.866024,42.563867],[-70.866038,42.563882],[-70.865729,42.564036],[-70.865813,42.564126],[-70.865697,42.564186],[-70.865534,42.564016],[-70.865199,42.564192],[-70.865056,42.564032],[-70.865055,42.56403],[-70.865054,42.564029],[-70.865054,42.564027],[-70.865053,42.564026],[-70.865053,42.564025],[-70.865052,42.564023],[-70.865052,42.564022],[-70.865052,42.564021],[-70.865051,42.564019],[-70.865051,42.564018],[-70.865051,42.564016],[-70.865051,42.564015],[-70.86505,42.564013]]]]}}],"updated":"2026-09-28","summary":{"district":"RMD","lots":694,"measured":659,"mbta":171,"over_unit_cap":5,"rules":{"area":{"median":4702.5,"meets":94,"close":8,"short":592},"frontage":{"median":53.1,"meets":238,"close":20,"short":429},"front":{"median":5.4,"meets":83,"close":11,"short":565},"side":{"median":4.2,"meets":129,"close":80,"short":450},"rear":{"median":23.0,"meets":361,"close":36,"short":262}},"meets_all_within_tolerance":12,"parking":{"required_spaces":4994,"est_spaces_low":4543,"est_spaces_high":6818,"meets_low":329,"meets_high":423,"lots":694}}}