{"type":"FeatureCollection","features":[{"type":"Feature","properties":{"addr":"29 RANTOUL ST","units":4,"stories":2.5,"mbta":true,"lot_sf":4684,"req_lot_sf":6000,"frontage_ft":150.6,"req_side_ft":10,"over_unit_cap":false,"corner":false,"t_area":"short","t_frontage":"meets","front_ft":0.0,"side_ft":18.3,"rear_ft":14.8,"t_front":"short","t_side":"meets","t_rear":"short","n_short":3,"measured":true},"geometry":{"type":"Polygon","coordinates":[[[-70.884636,42.543182],[-70.884708,42.54298],[-70.88484,42.543005],[-70.884888,42.543004],[-70.884891,42.543235],[-70.884636,42.543182]]]}},{"type":"Feature","properties":{"addr":"8 SCHOOL ST","units":2,"stories":2.0,"mbta":true,"lot_sf":4512,"req_lot_sf":6000,"frontage_ft":53.3,"req_side_ft":10,"over_unit_cap":false,"corner":false,"t_area":"short","t_frontage":"meets","front_ft":0.0,"side_ft":0.0,"rear_ft":24.0,"t_front":"short","t_side":"short","t_rear":"meets","n_short":3,"measured":true},"geometry":{"type":"Polygon","coordinates":[[[-70.884428,42.54314],[-70.88449,42.54294],[-70.884491,42.542938],[-70.884708,42.54298],[-70.884636,42.543182],[-70.884428,42.54314]]]}},{"type":"Feature","properties":{"addr":"6 SCHOOL ST","units":2,"stories":2.0,"mbta":true,"lot_sf":2556,"req_lot_sf":6000,"frontage_ft":36.3,"req_side_ft":10,"over_unit_cap":false,"corner":false,"t_area":"short","t_frontage":"short","front_ft":2.6,"side_ft":0.0,"rear_ft":6.3,"t_front":"short","t_side":"short","t_rear":"short","n_short":5,"measured":true},"geometry":{"type":"Polygon","coordinates":[[[-70.884281,42.543109],[-70.884328,42.542966],[-70.884412,42.542981],[-70.884429,42.542929],[-70.88449,42.54294],[-70.884428,42.54314],[-70.884281,42.543109]]]}},{"type":"Feature","properties":{"addr":"11 EDWARDS ST","units":3,"stories":1.0,"mbta":true,"lot_sf":6369,"req_lot_sf":6000,"frontage_ft":43.6,"req_side_ft":10,"over_unit_cap":false,"corner":false,"t_area":"meets","t_frontage":"short","front_ft":5.7,"side_ft":5.5,"rear_ft":5.5,"t_front":"short","t_side":"short","t_rear":"short","n_short":4,"measured":true},"geometry":{"type":"Polygon","coordinates":[[[-70.883987,42.544197],[-70.883916,42.544167],[-70.884053,42.543992],[-70.884172,42.543842],[-70.884324,42.543914],[-70.88406,42.544229],[-70.883987,42.544197]]]}},{"type":"Feature","properties":{"addr":"9 EDWARDS ST","units":1,"stories":1.75,"mbta":true,"lot_sf":3219,"req_lot_sf":6000,"frontage_ft":45.3,"req_side_ft":10,"over_unit_cap":false,"corner":false,"t_area":"short","t_frontage":"short","front_ft":8.5,"side_ft":0.0,"rear_ft":14.6,"t_front":"short","t_side":"short","t_rear":"short","n_short":5,"measured":true},"geometry":{"type":"Polygon","coordinates":[[[-70.883895,42.543927],[-70.884015,42.543768],[-70.884028,42.543773],[-70.884172,42.543842],[-70.884053,42.543992],[-70.883895,42.543927]]]}},{"type":"Feature","properties":{"addr":"20 FAYETTE ST","units":3,"stories":2.0,"mbta":true,"lot_sf":3820,"req_lot_sf":6000,"frontage_ft":42.1,"req_side_ft":10,"over_unit_cap":false,"corner":false,"t_area":"short","t_frontage":"short","front_ft":0.0,"side_ft":3.9,"rear_ft":32.7,"t_front":"short","t_side":"short","t_rear":"meets","n_short":4,"measured":true},"geometry":{"type":"Polygon","coordinates":[[[-70.883836,42.54441],[-70.883987,42.544197],[-70.88406,42.544229],[-70.884131,42.544259],[-70.884,42.544454],[-70.883836,42.54441]]]}},{"type":"Feature","properties":{"addr":"9H EDWARDS ST","units":1,"stories":1.75,"mbta":true,"lot_sf":3509,"req_lot_sf":6000,"frontage_ft":null,"req_side_ft":10,"over_unit_cap":false,"corner":false,"t_area":"short","t_frontage":null,"front_ft":null,"side_ft":null,"rear_ft":null,"t_front":null,"t_side":null,"t_rear":null,"n_short":1,"measured":false},"geometry":{"type":"Polygon","coordinates":[[[-70.883831,42.54413],[-70.883764,42.544101],[-70.883895,42.543927],[-70.884053,42.543992],[-70.883916,42.544167],[-70.883831,42.54413]]]}},{"type":"Feature","properties":{"addr":"7 EDWARDS ST","units":1,"stories":1.75,"mbta":true,"lot_sf":3321,"req_lot_sf":6000,"frontage_ft":43.9,"req_side_ft":10,"over_unit_cap":false,"corner":false,"t_area":"short","t_frontage":"short","front_ft":10.5,"side_ft":1.5,"rear_ft":16.3,"t_front":"short","t_side":"short","t_rear":"short","n_short":5,"measured":true},"geometry":{"type":"Polygon","coordinates":[[[-70.883734,42.543861],[-70.883861,42.543698],[-70.884015,42.543768],[-70.883895,42.543927],[-70.883734,42.543861]]]}},{"type":"Feature","properties":{"addr":"18 FAYETTE ST","units":2,"stories":2.0,"mbta":true,"lot_sf":4590,"req_lot_sf":6000,"frontage_ft":43.7,"req_side_ft":10,"over_unit_cap":false,"corner":false,"t_area":"short","t_frontage":"short","front_ft":0.0,"side_ft":0.0,"rear_ft":26.4,"t_front":"short","t_side":"short","t_rear":"meets","n_short":4,"measured":true},"geometry":{"type":"Polygon","coordinates":[[[-70.883745,42.544386],[-70.883666,42.544366],[-70.883693,42.544311],[-70.883831,42.54413],[-70.883916,42.544167],[-70.883987,42.544197],[-70.883836,42.54441],[-70.883745,42.544386]]]}},{"type":"Feature","properties":{"addr":"21 FAYETTE ST","units":4,"stories":1.0,"mbta":true,"lot_sf":4883,"req_lot_sf":6000,"frontage_ft":137.4,"req_side_ft":10,"over_unit_cap":false,"corner":false,"t_area":"short","t_frontage":"meets","front_ft":0.0,"side_ft":26.9,"rear_ft":19.5,"t_front":"short","t_side":"meets","t_rear":"close","n_short":2,"measured":true},"geometry":{"type":"Polygon","coordinates":[[[-70.883671,42.544741],[-70.883769,42.544516],[-70.883972,42.544569],[-70.883871,42.544788],[-70.883671,42.544741]]]}},{"type":"Feature","properties":{"addr":"6 EDWARDS ST","units":4,"stories":3.0,"mbta":true,"lot_sf":5385,"req_lot_sf":6000,"frontage_ft":72.5,"req_side_ft":10,"over_unit_cap":false,"corner":false,"t_area":"short","t_frontage":"meets","front_ft":3.0,"side_ft":1.5,"rear_ft":29.5,"t_front":"short","t_side":"short","t_rear":"meets","n_short":3,"measured":true},"geometry":{"type":"Polygon","coordinates":[[[-70.883606,42.543429],[-70.883785,42.543287],[-70.883951,42.543329],[-70.884019,42.543346],[-70.883851,42.54354],[-70.883606,42.543429]]]}},{"type":"Feature","properties":{"addr":"7H EDWARDS ST","units":1,"stories":1.75,"mbta":true,"lot_sf":3619,"req_lot_sf":6000,"frontage_ft":null,"req_side_ft":10,"over_unit_cap":false,"corner":false,"t_area":"short","t_frontage":null,"front_ft":null,"side_ft":null,"rear_ft":null,"t_front":null,"t_side":null,"t_rear":null,"n_short":1,"measured":false},"geometry":{"type":"Polygon","coordinates":[[[-70.883671,42.544061],[-70.8836,42.544034],[-70.883734,42.543861],[-70.883895,42.543927],[-70.883764,42.544101],[-70.883671,42.544061]]]}},{"type":"Feature","properties":{"addr":"3 SOUTH HARDY ST","units":1,"stories":1.75,"mbta":true,"lot_sf":3973,"req_lot_sf":6000,"frontage_ft":31.5,"req_side_ft":10,"over_unit_cap":false,"corner":false,"t_area":"short","t_frontage":"short","front_ft":0.0,"side_ft":0.0,"rear_ft":28.8,"t_front":"short","t_side":"short","t_rear":"meets","n_short":4,"measured":true},"geometry":{"type":"Polygon","coordinates":[[[-70.883438,42.544789],[-70.883479,42.544696],[-70.883671,42.544741],[-70.883871,42.544788],[-70.883827,42.544882],[-70.883438,42.544789]]]}},{"type":"Feature","properties":{"addr":"16 FAYETTE ST","units":2,"stories":3.0,"mbta":true,"lot_sf":5532,"req_lot_sf":6000,"frontage_ft":56.0,"req_side_ft":10,"over_unit_cap":false,"corner":false,"t_area":"short","t_frontage":"meets","front_ft":0.0,"side_ft":0.0,"rear_ft":29.0,"t_front":"short","t_side":"short","t_rear":"meets","n_short":3,"measured":true},"geometry":{"type":"Polygon","coordinates":[[[-70.883453,42.544311],[-70.883533,42.544179],[-70.883567,42.544207],[-70.883671,42.544061],[-70.883764,42.544101],[-70.883831,42.54413],[-70.883693,42.544311],[-70.883666,42.544366],[-70.883453,42.544311]]]}},{"type":"Feature","properties":{"addr":"17 FAYETTE ST","units":4,"stories":2.0,"mbta":true,"lot_sf":4671,"req_lot_sf":6000,"frontage_ft":48.4,"req_side_ft":10,"over_unit_cap":false,"corner":false,"t_area":"short","t_frontage":"close","front_ft":11.6,"side_ft":0.0,"rear_ft":35.3,"t_front":"short","t_side":"short","t_rear":"meets","n_short":3,"measured":true},"geometry":{"type":"Polygon","coordinates":[[[-70.883479,42.544696],[-70.883582,42.544467],[-70.883769,42.544516],[-70.883671,42.544741],[-70.883479,42.544696]]]}},{"type":"Feature","properties":{"addr":"5 SOUTH HARDY ST","units":1,"stories":1.75,"mbta":true,"lot_sf":3927,"req_lot_sf":6000,"frontage_ft":28.0,"req_side_ft":10,"over_unit_cap":false,"corner":false,"t_area":"short","t_frontage":"short","front_ft":0.0,"side_ft":1.7,"rear_ft":76.9,"t_front":"short","t_side":"short","t_rear":"meets","n_short":4,"measured":true},"geometry":{"type":"Polygon","coordinates":[[[-70.883346,42.544869],[-70.883429,42.544809],[-70.883438,42.544789],[-70.883827,42.544882],[-70.883787,42.544968],[-70.883346,42.544869]]]}},{"type":"Feature","properties":{"addr":"7 SOUTH HARDY ST","units":1,"stories":1.75,"mbta":true,"lot_sf":4423,"req_lot_sf":6000,"frontage_ft":30.1,"req_side_ft":10,"over_unit_cap":false,"corner":false,"t_area":"short","t_frontage":"short","front_ft":0.0,"side_ft":1.4,"rear_ft":90.1,"t_front":"short","t_side":"short","t_rear":"meets","n_short":4,"measured":true},"geometry":{"type":"Polygon","coordinates":[[[-70.883262,42.544942],[-70.883309,42.544896],[-70.883346,42.544869],[-70.883787,42.544968],[-70.883745,42.545059],[-70.883262,42.544942]]]}},{"type":"Feature","properties":{"addr":"38 PLEASANT ST","units":1,"stories":1.75,"mbta":true,"lot_sf":2309,"req_lot_sf":6000,"frontage_ft":28.4,"req_side_ft":10,"over_unit_cap":false,"corner":false,"t_area":"short","t_frontage":"short","front_ft":3.8,"side_ft":0.0,"rear_ft":13.7,"t_front":"short","t_side":"short","t_rear":"short","n_short":5,"measured":true},"geometry":{"type":"Polygon","coordinates":[[[-70.883348,42.545799],[-70.883572,42.545586],[-70.883619,42.545582],[-70.883587,42.545653],[-70.883501,42.545733],[-70.883485,42.545823],[-70.883439,42.54586],[-70.883348,42.545799]]]}},{"type":"Feature","properties":{"addr":"9 SOUTH HARDY ST","units":2,"stories":2.0,"mbta":true,"lot_sf":5005,"req_lot_sf":6000,"frontage_ft":33.9,"req_side_ft":10,"over_unit_cap":false,"corner":false,"t_area":"short","t_frontage":"short","front_ft":14.6,"side_ft":2.2,"rear_ft":69.2,"t_front":"close","t_side":"short","t_rear":"meets","n_short":3,"measured":true},"geometry":{"type":"Polygon","coordinates":[[[-70.883188,42.545015],[-70.883262,42.544942],[-70.883745,42.545059],[-70.883699,42.54516],[-70.883188,42.545015]]]}},{"type":"Feature","properties":{"addr":"5 EDWARDS ST","units":9,"stories":2.0,"mbta":true,"lot_sf":19004,"req_lot_sf":6000,"frontage_ft":63.8,"req_side_ft":10,"over_unit_cap":false,"corner":false,"t_area":"meets","t_frontage":"meets","front_ft":23.6,"side_ft":2.6,"rear_ft":26.8,"t_front":"meets","t_side":"short","t_rear":"meets","n_short":1,"measured":true},"geometry":{"type":"Polygon","coordinates":[[[-70.883129,42.544011],[-70.88307,42.543994],[-70.883169,42.54378],[-70.883397,42.543706],[-70.883504,42.543755],[-70.883643,42.543599],[-70.883861,42.543698],[-70.883734,42.543861],[-70.8836,42.544034],[-70.883401,42.543956],[-70.883344,42.544069],[-70.883129,42.544011]]]}},{"type":"Feature","properties":{"addr":"12 FAYETTE ST","units":4,"stories":3.0,"mbta":true,"lot_sf":7816,"req_lot_sf":6000,"frontage_ft":53.5,"req_side_ft":10,"over_unit_cap":false,"corner":false,"t_area":"meets","t_frontage":"meets","front_ft":12.7,"side_ft":7.9,"rear_ft":3.8,"t_front":"close","t_side":"close","t_rear":"short","n_short":1,"measured":true},"geometry":{"type":"Polygon","coordinates":[[[-70.883248,42.544258],[-70.883344,42.544069],[-70.883401,42.543956],[-70.8836,42.544034],[-70.883671,42.544061],[-70.883567,42.544207],[-70.883533,42.544179],[-70.883453,42.544311],[-70.883248,42.544258]]]}},{"type":"Feature","properties":{"addr":"36 PLEASANT ST","units":1,"stories":2.0,"mbta":true,"lot_sf":4390,"req_lot_sf":6000,"frontage_ft":43.8,"req_side_ft":10,"over_unit_cap":false,"corner":false,"t_area":"short","t_frontage":"short","front_ft":8.9,"side_ft":0.5,"rear_ft":35.9,"t_front":"short","t_side":"short","t_rear":"meets","n_short":4,"measured":true},"geometry":{"type":"Polygon","coordinates":[[[-70.883213,42.545709],[-70.883459,42.545511],[-70.883572,42.545586],[-70.883348,42.545799],[-70.883213,42.545709]]]}},{"type":"Feature","properties":{"addr":"15 FAYETTE ST","units":3,"stories":2.75,"mbta":true,"lot_sf":9010,"req_lot_sf":6000,"frontage_ft":51.4,"req_side_ft":10,"over_unit_cap":false,"corner":false,"t_area":"meets","t_frontage":"meets","front_ft":10.2,"side_ft":0.0,"rear_ft":35.0,"t_front":"short","t_side":"short","t_rear":"meets","n_short":2,"measured":true},"geometry":{"type":"Polygon","coordinates":[[[-70.883198,42.544842],[-70.883385,42.544416],[-70.883582,42.544467],[-70.883479,42.544696],[-70.883438,42.544789],[-70.883429,42.544809],[-70.883346,42.544869],[-70.883309,42.544896],[-70.883198,42.544842]]]}},{"type":"Feature","properties":{"addr":"49 RAILROAD AVE","units":3,"stories":3.0,"mbta":true,"lot_sf":6632,"req_lot_sf":6000,"frontage_ft":59.1,"req_side_ft":10,"over_unit_cap":false,"corner":false,"t_area":"meets","t_frontage":"meets","front_ft":9.1,"side_ft":10.2,"rear_ft":62.8,"t_front":"short","t_side":"meets","t_rear":"meets","n_short":1,"measured":true},"geometry":{"type":"Polygon","coordinates":[[[-70.88312,42.54682],[-70.883358,42.546826],[-70.883286,42.547117],[-70.883071,42.547126],[-70.88312,42.54682]]]}},{"type":"Feature","properties":{"addr":"32 PLEASANT ST","units":2,"stories":2.0,"mbta":true,"lot_sf":8677,"req_lot_sf":6000,"frontage_ft":82.8,"req_side_ft":10,"over_unit_cap":false,"corner":false,"t_area":"meets","t_frontage":"meets","front_ft":7.0,"side_ft":24.5,"rear_ft":60.9,"t_front":"short","t_side":"meets","t_rear":"meets","n_short":1,"measured":true},"geometry":{"type":"Polygon","coordinates":[[[-70.882971,42.545548],[-70.883213,42.545347],[-70.883459,42.545511],[-70.883213,42.545709],[-70.882971,42.545548]]]}},{"type":"Feature","properties":{"addr":"5 HARDY ST","units":1,"stories":1.5,"mbta":true,"lot_sf":2891,"req_lot_sf":6000,"frontage_ft":36.8,"req_side_ft":10,"over_unit_cap":false,"corner":false,"t_area":"short","t_frontage":"short","front_ft":11.5,"side_ft":0.0,"rear_ft":23.5,"t_front":"short","t_side":"short","t_rear":"meets","n_short":4,"measured":true},"geometry":{"type":"Polygon","coordinates":[[[-70.88304,42.546235],[-70.883092,42.546126],[-70.883333,42.546163],[-70.883302,42.546275],[-70.88304,42.546235]]]}},{"type":"Feature","properties":{"addr":"13 FAYETTE ST","units":3,"stories":2.0,"mbta":true,"lot_sf":8656,"req_lot_sf":6000,"frontage_ft":48.6,"req_side_ft":10,"over_unit_cap":false,"corner":false,"t_area":"meets","t_frontage":"close","front_ft":7.4,"side_ft":1.5,"rear_ft":100.3,"t_front":"short","t_side":"short","t_rear":"meets","n_short":2,"measured":true},"geometry":{"type":"Polygon","coordinates":[[[-70.883014,42.544753],[-70.883198,42.544367],[-70.883385,42.544416],[-70.883198,42.544842],[-70.883014,42.544753]]]}},{"type":"Feature","properties":{"addr":"10 FAYETTE ST","units":3,"stories":3.0,"mbta":true,"lot_sf":4512,"req_lot_sf":6000,"frontage_ft":55.0,"req_side_ft":10,"over_unit_cap":false,"corner":false,"t_area":"short","t_frontage":"meets","front_ft":0.7,"side_ft":9.3,"rear_ft":17.4,"t_front":"short","t_side":"close","t_rear":"close","n_short":2,"measured":true},"geometry":{"type":"Polygon","coordinates":[[[-70.883038,42.544204],[-70.883129,42.544011],[-70.883344,42.544069],[-70.883248,42.544258],[-70.883038,42.544204]]]}},{"type":"Feature","properties":{"addr":"7 HARDY ST","units":2,"stories":1.75,"mbta":true,"lot_sf":3218,"req_lot_sf":6000,"frontage_ft":38.8,"req_side_ft":10,"over_unit_cap":false,"corner":true,"t_area":"short","t_frontage":"short","front_ft":2.3,"side_ft":4.4,"rear_ft":24.3,"t_front":"short","t_side":"short","t_rear":"meets","n_short":4,"measured":true},"geometry":{"type":"Polygon","coordinates":[[[-70.882996,42.546351],[-70.88304,42.546235],[-70.883302,42.546275],[-70.88327,42.546393],[-70.882996,42.546351]]]}},{"type":"Feature","properties":{"addr":"3 MOULTON CT","units":2,"stories":2.0,"mbta":true,"lot_sf":3456,"req_lot_sf":6000,"frontage_ft":40.3,"req_side_ft":10,"over_unit_cap":false,"corner":true,"t_area":"short","t_frontage":"short","front_ft":2.8,"side_ft":4.6,"rear_ft":30.8,"t_front":"short","t_side":"short","t_rear":"meets","n_short":4,"measured":true},"geometry":{"type":"Polygon","coordinates":[[[-70.882951,42.54647],[-70.882996,42.546351],[-70.88327,42.546393],[-70.883235,42.546514],[-70.882951,42.54647]]]}},{"type":"Feature","properties":{"addr":"1 HARDY ST","units":7,"stories":2.5,"mbta":true,"lot_sf":14246,"req_lot_sf":6000,"frontage_ft":200.7,"req_side_ft":10,"over_unit_cap":false,"corner":false,"t_area":"meets","t_frontage":"meets","front_ft":9.3,"side_ft":23.9,"rear_ft":31.8,"t_front":"short","t_side":"meets","t_rear":"meets","n_short":1,"measured":true},"geometry":{"type":"Polygon","coordinates":[[[-70.883092,42.546126],[-70.882842,42.545972],[-70.882775,42.545932],[-70.883016,42.545726],[-70.883387,42.545971],[-70.883333,42.546163],[-70.883092,42.546126]]]}},{"type":"Feature","properties":{"addr":"48 RAILROAD AVE","units":2,"stories":2.0,"mbta":true,"lot_sf":5229,"req_lot_sf":6000,"frontage_ft":206.8,"req_side_ft":10,"over_unit_cap":false,"corner":false,"t_area":"short","t_frontage":"meets","front_ft":4.3,"side_ft":22.7,"rear_ft":16.6,"t_front":"short","t_side":"meets","t_rear":"short","n_short":3,"measured":true},"geometry":{"type":"Polygon","coordinates":[[[-70.882925,42.546679],[-70.882951,42.54647],[-70.883235,42.546514],[-70.883187,42.546687],[-70.882925,42.546679]]]}},{"type":"Feature","properties":{"addr":"30 PLEASANT ST","units":2,"stories":2.0,"mbta":true,"lot_sf":4511,"req_lot_sf":6000,"frontage_ft":41.6,"req_side_ft":10,"over_unit_cap":false,"corner":false,"t_area":"short","t_frontage":"short","front_ft":4.4,"side_ft":4.4,"rear_ft":46.8,"t_front":"short","t_side":"short","t_rear":"meets","n_short":4,"measured":true},"geometry":{"type":"Polygon","coordinates":[[[-70.882843,42.545463],[-70.883087,42.545263],[-70.883213,42.545347],[-70.882971,42.545548],[-70.882843,42.545463]]]}},{"type":"Feature","properties":{"addr":"53 WALLIS ST","units":1,"stories":null,"mbta":true,"lot_sf":7825,"req_lot_sf":6000,"frontage_ft":46.3,"req_side_ft":10,"over_unit_cap":false,"corner":true,"t_area":"meets","t_frontage":"short","front_ft":null,"side_ft":null,"rear_ft":null,"t_front":null,"t_side":null,"t_rear":null,"n_short":1,"measured":false},"geometry":{"type":"Polygon","coordinates":[[[-70.882841,42.548679],[-70.882853,42.548393],[-70.882856,42.548251],[-70.88304,42.548255],[-70.883031,42.548683],[-70.882841,42.548679]]]}},{"type":"Feature","properties":{"addr":"8 FAYETTE ST","units":2,"stories":2.0,"mbta":true,"lot_sf":3737,"req_lot_sf":6000,"frontage_ft":46.5,"req_side_ft":10,"over_unit_cap":false,"corner":false,"t_area":"short","t_frontage":"short","front_ft":2.5,"side_ft":0.0,"rear_ft":31.8,"t_front":"short","t_side":"short","t_rear":"meets","n_short":4,"measured":true},"geometry":{"type":"Polygon","coordinates":[[[-70.882858,42.544158],[-70.882962,42.543965],[-70.88307,42.543994],[-70.883129,42.544011],[-70.883038,42.544204],[-70.882858,42.544158]]]}},{"type":"Feature","properties":{"addr":"47 RAILROAD AVE","units":5,"stories":2.0,"mbta":true,"lot_sf":8428,"req_lot_sf":6000,"frontage_ft":68.1,"req_side_ft":10,"over_unit_cap":false,"corner":false,"t_area":"meets","t_frontage":"meets","front_ft":9.2,"side_ft":8.9,"rear_ft":49.5,"t_front":"short","t_side":"close","t_rear":"meets","n_short":1,"measured":true},"geometry":{"type":"Polygon","coordinates":[[[-70.882849,42.546813],[-70.882867,42.546814],[-70.88312,42.54682],[-70.883071,42.547126],[-70.882962,42.547131],[-70.882798,42.547138],[-70.882849,42.546813]]]}},{"type":"Feature","properties":{"addr":"11 SOUTH HARDY ST","units":1,"stories":null,"mbta":true,"lot_sf":61978,"req_lot_sf":6000,"frontage_ft":57.8,"req_side_ft":10,"over_unit_cap":false,"corner":true,"t_area":"meets","t_frontage":"meets","front_ft":null,"side_ft":null,"rear_ft":null,"t_front":null,"t_side":null,"t_rear":null,"n_short":0,"measured":false},"geometry":{"type":"Polygon","coordinates":[[[-70.883459,42.545511],[-70.883213,42.545347],[-70.883087,42.545263],[-70.883001,42.545206],[-70.882889,42.545132],[-70.882758,42.545044],[-70.882638,42.544964],[-70.882391,42.54516],[-70.882339,42.545125],[-70.882584,42.544921],[-70.882397,42.544797],[-70.882234,42.544689],[-70.882105,42.544604],[-70.882325,42.544418],[-70.882673,42.544587],[-70.882837,42.544667],[-70.883014,42.544753],[-70.883198,42.544842],[-70.883309,42.544896],[-70.883262,42.544942],[-70.883188,42.545015],[-70.883699,42.54516],[-70.883645,42.545276],[-70.88371,42.545285],[-70.883652,42.545415],[-70.883836,42.545564],[-70.883768,42.545569],[-70.883619,42.545582],[-70.883572,42.545586],[-70.883459,42.545511]]]}},{"type":"Feature","properties":{"addr":"39 BROADWAY","units":4,"stories":1.5,"mbta":true,"lot_sf":23660,"req_lot_sf":6000,"frontage_ft":247.7,"req_side_ft":10,"over_unit_cap":false,"corner":false,"t_area":"meets","t_frontage":"meets","front_ft":22.3,"side_ft":8.9,"rear_ft":4.1,"t_front":"meets","t_side":"close","t_rear":"short","n_short":1,"measured":true},"geometry":{"type":"Polygon","coordinates":[[[-70.882532,42.547608],[-70.883464,42.547532],[-70.883473,42.547784],[-70.883154,42.547818],[-70.88258,42.547879],[-70.882532,42.547608]]]}},{"type":"Feature","properties":{"addr":"2 MOULTON CT","units":2,"stories":2.0,"mbta":true,"lot_sf":4171,"req_lot_sf":6000,"frontage_ft":44.5,"req_side_ft":10,"over_unit_cap":false,"corner":false,"t_area":"short","t_frontage":"short","front_ft":10.6,"side_ft":11.7,"rear_ft":5.1,"t_front":"short","t_side":"meets","t_rear":"short","n_short":4,"measured":true},"geometry":{"type":"Polygon","coordinates":[[[-70.882842,42.545972],[-70.883092,42.546126],[-70.88304,42.546235],[-70.882856,42.546241],[-70.882842,42.545972]]]}},{"type":"Feature","properties":{"addr":"28 PLEASANT ST","units":1,"stories":2.0,"mbta":true,"lot_sf":3102,"req_lot_sf":6000,"frontage_ft":27.3,"req_side_ft":10,"over_unit_cap":false,"corner":false,"t_area":"short","t_frontage":"short","front_ft":7.2,"side_ft":0.0,"rear_ft":41.1,"t_front":"short","t_side":"short","t_rear":"meets","n_short":4,"measured":true},"geometry":{"type":"Polygon","coordinates":[[[-70.882754,42.545403],[-70.883001,42.545206],[-70.883087,42.545263],[-70.882843,42.545463],[-70.882754,42.545403]]]}},{"type":"Feature","properties":{"addr":"9 FAYETTE ST","units":7,"stories":2.0,"mbta":true,"lot_sf":14676,"req_lot_sf":6000,"frontage_ft":104.5,"req_side_ft":10,"over_unit_cap":false,"corner":false,"t_area":"meets","t_frontage":"meets","front_ft":8.3,"side_ft":30.1,"rear_ft":30.0,"t_front":"short","t_side":"meets","t_rear":"meets","n_short":1,"measured":true},"geometry":{"type":"Polygon","coordinates":[[[-70.882837,42.544667],[-70.882673,42.544587],[-70.882748,42.544419],[-70.882815,42.544267],[-70.88302,42.544321],[-70.883198,42.544367],[-70.883014,42.544753],[-70.882837,42.544667]]]}},{"type":"Feature","properties":{"addr":"38 BROADWAY","units":4,"stories":2.5,"mbta":true,"lot_sf":7329,"req_lot_sf":6000,"frontage_ft":66.7,"req_side_ft":10,"over_unit_cap":false,"corner":false,"t_area":"meets","t_frontage":"meets","front_ft":14.4,"side_ft":14.8,"rear_ft":39.5,"t_front":"close","t_side":"meets","t_rear":"meets","n_short":0,"measured":true},"geometry":{"type":"Polygon","coordinates":[[[-70.882706,42.547142],[-70.882798,42.547138],[-70.882962,42.547131],[-70.883011,42.547409],[-70.882747,42.547431],[-70.882706,42.547142]]]}},{"type":"Feature","properties":{"addr":"52 WALLIS ST","units":1,"stories":null,"mbta":true,"lot_sf":15596,"req_lot_sf":6000,"frontage_ft":122.7,"req_side_ft":10,"over_unit_cap":false,"corner":false,"t_area":"meets","t_frontage":"meets","front_ft":null,"side_ft":null,"rear_ft":null,"t_front":null,"t_side":null,"t_rear":null,"n_short":0,"measured":false},"geometry":{"type":"Polygon","coordinates":[[[-70.8826,42.548145],[-70.88256,42.547881],[-70.88258,42.547879],[-70.883154,42.547818],[-70.883074,42.548151],[-70.8826,42.548145]]]}},{"type":"Feature","properties":{"addr":"43 FEDERAL ST","units":4,"stories":2.0,"mbta":true,"lot_sf":4780,"req_lot_sf":6000,"frontage_ft":139.0,"req_side_ft":10,"over_unit_cap":false,"corner":false,"t_area":"short","t_frontage":"meets","front_ft":0.4,"side_ft":3.1,"rear_ft":2.7,"t_front":"short","t_side":"short","t_rear":"short","n_short":4,"measured":true},"geometry":{"type":"Polygon","coordinates":[[[-70.882685,42.550249],[-70.882676,42.55026],[-70.882614,42.550244],[-70.882682,42.550088],[-70.88298,42.550157],[-70.882933,42.550268],[-70.882919,42.550303],[-70.882685,42.550249]]]}},{"type":"Feature","properties":{"addr":"43 BOW ST","units":3,"stories":2.0,"mbta":true,"lot_sf":12244,"req_lot_sf":6000,"frontage_ft":135.7,"req_side_ft":10,"over_unit_cap":false,"corner":false,"t_area":"meets","t_frontage":"meets","front_ft":5.5,"side_ft":10.8,"rear_ft":6.7,"t_front":"short","t_side":"meets","t_rear":"short","n_short":2,"measured":true},"geometry":{"type":"Polygon","coordinates":[[[-70.883034,42.549046],[-70.882873,42.549038],[-70.882712,42.54903],[-70.882677,42.549029],[-70.882675,42.548964],[-70.882502,42.548952],[-70.882529,42.548776],[-70.88305,42.548789],[-70.883056,42.549047],[-70.883034,42.549046]]]}},{"type":"Feature","properties":{"addr":"6 FAYETTE ST","units":2,"stories":2.0,"mbta":true,"lot_sf":3350,"req_lot_sf":6000,"frontage_ft":38.4,"req_side_ft":10,"over_unit_cap":false,"corner":false,"t_area":"short","t_frontage":"short","front_ft":0.0,"side_ft":0.0,"rear_ft":28.2,"t_front":"short","t_side":"short","t_rear":"meets","n_short":4,"measured":true},"geometry":{"type":"Polygon","coordinates":[[[-70.882706,42.544119],[-70.882807,42.543923],[-70.882814,42.543925],[-70.882962,42.543965],[-70.882858,42.544158],[-70.882706,42.544119]]]}},{"type":"Feature","properties":{"addr":"26 PLEASANT ST","units":1,"stories":1.75,"mbta":true,"lot_sf":4052,"req_lot_sf":6000,"frontage_ft":37.2,"req_side_ft":10,"over_unit_cap":false,"corner":false,"t_area":"short","t_frontage":"short","front_ft":7.5,"side_ft":0.0,"rear_ft":49.6,"t_front":"short","t_side":"short","t_rear":"meets","n_short":4,"measured":true},"geometry":{"type":"Polygon","coordinates":[[[-70.882638,42.545326],[-70.882889,42.545132],[-70.883001,42.545206],[-70.882754,42.545403],[-70.882638,42.545326]]]}},{"type":"Feature","properties":{"addr":"31 PLEASANT ST","units":3,"stories":3.0,"mbta":true,"lot_sf":7382,"req_lot_sf":6000,"frontage_ft":68.2,"req_side_ft":10,"over_unit_cap":false,"corner":false,"t_area":"meets","t_frontage":"meets","front_ft":22.6,"side_ft":9.6,"rear_ft":40.3,"t_front":"meets","t_side":"close","t_rear":"meets","n_short":0,"measured":true},"geometry":{"type":"Polygon","coordinates":[[[-70.882653,42.545857],[-70.882565,42.545803],[-70.882814,42.545592],[-70.883016,42.545726],[-70.882775,42.545932],[-70.882653,42.545857]]]}},{"type":"Feature","properties":{"addr":"2 CHASE ST","units":3,"stories":2.5,"mbta":true,"lot_sf":3771,"req_lot_sf":6000,"frontage_ft":36.9,"req_side_ft":10,"over_unit_cap":false,"corner":false,"t_area":"short","t_frontage":"short","front_ft":5.4,"side_ft":2.9,"rear_ft":7.1,"t_front":"short","t_side":"short","t_rear":"short","n_short":5,"measured":true},"geometry":{"type":"Polygon","coordinates":[[[-70.882567,42.550353],[-70.882614,42.550244],[-70.882676,42.55026],[-70.882685,42.550249],[-70.882919,42.550303],[-70.882876,42.550403],[-70.882869,42.550421],[-70.882567,42.550353]]]}},{"type":"Feature","properties":{"addr":"24 HOME ST","units":3,"stories":3.0,"mbta":true,"lot_sf":4503,"req_lot_sf":6000,"frontage_ft":42.8,"req_side_ft":10,"over_unit_cap":false,"corner":false,"t_area":"short","t_frontage":"short","front_ft":3.6,"side_ft":0.1,"rear_ft":38.3,"t_front":"short","t_side":"short","t_rear":"meets","n_short":4,"measured":true},"geometry":{"type":"Polygon","coordinates":[[[-70.882607,42.549281],[-70.882712,42.54903],[-70.882873,42.549038],[-70.882778,42.549316],[-70.882607,42.549281]]]}},{"type":"Feature","properties":{"addr":"49 WALLIS ST","units":1,"stories":2.0,"mbta":true,"lot_sf":3169,"req_lot_sf":6000,"frontage_ft":52.1,"req_side_ft":10,"over_unit_cap":false,"corner":false,"t_area":"short","t_frontage":"meets","front_ft":0.0,"side_ft":9.6,"rear_ft":15.8,"t_front":"short","t_side":"close","t_rear":"short","n_short":3,"measured":true},"geometry":{"type":"Polygon","coordinates":[[[-70.882644,42.548246],[-70.882856,42.548251],[-70.882853,42.548393],[-70.882645,42.548411],[-70.882644,42.548246]]]}},{"type":"Feature","properties":{"addr":"27 HOME ST","units":2,"stories":2.5,"mbta":true,"lot_sf":4458,"req_lot_sf":6000,"frontage_ft":44.9,"req_side_ft":10,"over_unit_cap":false,"corner":false,"t_area":"short","t_frontage":"short","front_ft":10.3,"side_ft":5.0,"rear_ft":5.3,"t_front":"short","t_side":"short","t_rear":"short","n_short":5,"measured":true},"geometry":{"type":"Polygon","coordinates":[[[-70.882561,42.5496],[-70.882591,42.549532],[-70.88264,42.549541],[-70.882701,42.549406],[-70.882879,42.549444],[-70.882824,42.549576],[-70.882844,42.549583],[-70.882823,42.549622],[-70.882807,42.549652],[-70.882561,42.5496]]]}},{"type":"Feature","properties":{"addr":"6 MOULTON CT","units":2,"stories":2.0,"mbta":true,"lot_sf":5837,"req_lot_sf":6000,"frontage_ft":43.5,"req_side_ft":10,"over_unit_cap":false,"corner":false,"t_area":"close","t_frontage":"short","front_ft":11.0,"side_ft":4.7,"rear_ft":59.9,"t_front":"short","t_side":"short","t_rear":"meets","n_short":3,"measured":true},"geometry":{"type":"Polygon","coordinates":[[[-70.882653,42.545857],[-70.882775,42.545932],[-70.882842,42.545972],[-70.882856,42.546241],[-70.882677,42.546245],[-70.882653,42.545857]]]}},{"type":"Feature","properties":{"addr":"48 POND ST","units":6,"stories":3.0,"mbta":true,"lot_sf":6557,"req_lot_sf":6000,"frontage_ft":49.6,"req_side_ft":10,"over_unit_cap":false,"corner":true,"t_area":"meets","t_frontage":"close","front_ft":44.1,"side_ft":5.9,"rear_ft":1.6,"t_front":"meets","t_side":"short","t_rear":"short","n_short":2,"measured":true},"geometry":{"type":"Polygon","coordinates":[[[-70.882589,42.550642],[-70.882654,42.55049],[-70.882522,42.550456],[-70.882567,42.550353],[-70.882869,42.550421],[-70.882812,42.550555],[-70.882834,42.55056],[-70.882782,42.550686],[-70.882589,42.550642]]]}},{"type":"Feature","properties":{"addr":"45 RAILROAD AVE","units":2,"stories":2.0,"mbta":true,"lot_sf":8007,"req_lot_sf":6000,"frontage_ft":65.9,"req_side_ft":10,"over_unit_cap":false,"corner":false,"t_area":"meets","t_frontage":"meets","front_ft":16.5,"side_ft":2.9,"rear_ft":47.4,"t_front":"meets","t_side":"short","t_rear":"meets","n_short":1,"measured":true},"geometry":{"type":"Polygon","coordinates":[[[-70.882587,42.546807],[-70.882849,42.546813],[-70.882798,42.547138],[-70.882706,42.547142],[-70.88257,42.547148],[-70.882587,42.546807]]]}},{"type":"Feature","properties":{"addr":"24 PLEASANT ST","units":1,"stories":1.75,"mbta":true,"lot_sf":4612,"req_lot_sf":6000,"frontage_ft":41.7,"req_side_ft":10,"over_unit_cap":false,"corner":false,"t_area":"short","t_frontage":"short","front_ft":7.5,"side_ft":5.9,"rear_ft":49.1,"t_front":"short","t_side":"short","t_rear":"meets","n_short":4,"measured":true},"geometry":{"type":"Polygon","coordinates":[[[-70.882531,42.545255],[-70.882509,42.54524],[-70.882758,42.545044],[-70.882889,42.545132],[-70.882638,42.545326],[-70.882531,42.545255]]]}},{"type":"Feature","properties":{"addr":"7 FAYETTE ST","units":1,"stories":2.0,"mbta":true,"lot_sf":2789,"req_lot_sf":6000,"frontage_ft":41.9,"req_side_ft":10,"over_unit_cap":false,"corner":false,"t_area":"short","t_frontage":"short","front_ft":7.6,"side_ft":3.9,"rear_ft":1.7,"t_front":"short","t_side":"short","t_rear":"short","n_short":5,"measured":true},"geometry":{"type":"Polygon","coordinates":[[[-70.882579,42.544381],[-70.882652,42.544224],[-70.882815,42.544267],[-70.882748,42.544419],[-70.882579,42.544381]]]}},{"type":"Feature","properties":{"addr":"45 POND ST","units":2,"stories":2.0,"mbta":true,"lot_sf":2713,"req_lot_sf":6000,"frontage_ft":40.2,"req_side_ft":10,"over_unit_cap":false,"corner":false,"t_area":"short","t_frontage":"short","front_ft":2.9,"side_ft":0.0,"rear_ft":2.9,"t_front":"short","t_side":"short","t_rear":"short","n_short":5,"measured":true},"geometry":{"type":"Polygon","coordinates":[[[-70.882496,42.550901],[-70.882564,42.550743],[-70.882724,42.550779],[-70.882661,42.550934],[-70.882496,42.550901]]]}},{"type":"Feature","properties":{"addr":"48 BOW ST","units":18,"stories":2.0,"mbta":true,"lot_sf":11582,"req_lot_sf":6000,"frontage_ft":117.1,"req_side_ft":10,"over_unit_cap":true,"corner":false,"t_area":"meets","t_frontage":"meets","front_ft":41.7,"side_ft":6.0,"rear_ft":7.3,"t_front":"meets","t_side":"short","t_rear":"short","n_short":2,"measured":true},"geometry":{"type":"Polygon","coordinates":[[[-70.882388,42.54867],[-70.882414,42.548408],[-70.882448,42.548408],[-70.882466,42.548428],[-70.882645,42.548411],[-70.882853,42.548393],[-70.882841,42.548679],[-70.882388,42.54867]]]}},{"type":"Feature","properties":{"addr":"46 FEDERAL ST","units":1,"stories":1.5,"mbta":true,"lot_sf":7871,"req_lot_sf":6000,"frontage_ft":56.2,"req_side_ft":10,"over_unit_cap":false,"corner":false,"t_area":"meets","t_frontage":"meets","front_ft":6.1,"side_ft":11.8,"rear_ft":58.4,"t_front":"short","t_side":"meets","t_rear":"meets","n_short":1,"measured":true},"geometry":{"type":"Polygon","coordinates":[[[-70.882421,42.549913],[-70.882552,42.549621],[-70.882561,42.5496],[-70.882807,42.549652],[-70.882637,42.549964],[-70.882421,42.549913]]]}},{"type":"Feature","properties":{"addr":"42 RAILROAD AVE","units":6,"stories":3.0,"mbta":true,"lot_sf":19092,"req_lot_sf":6000,"frontage_ft":416.6,"req_side_ft":10,"over_unit_cap":false,"corner":false,"t_area":"meets","t_frontage":"meets","front_ft":10.1,"side_ft":33.6,"rear_ft":24.3,"t_front":"short","t_side":"meets","t_rear":"meets","n_short":1,"measured":true},"geometry":{"type":"Polygon","coordinates":[[[-70.882301,42.546657],[-70.882288,42.546655],[-70.882397,42.546307],[-70.882834,42.54629],[-70.882836,42.54629],[-70.882837,42.54629],[-70.882839,42.54629],[-70.882841,42.54629],[-70.882843,42.54629],[-70.882845,42.546291],[-70.882847,42.546291],[-70.882849,42.546291],[-70.88285,42.546292],[-70.882852,42.546293],[-70.882854,42.546293],[-70.882855,42.546294],[-70.882857,42.546295],[-70.882858,42.546296],[-70.88286,42.546297],[-70.882861,42.546298],[-70.882863,42.546299],[-70.882864,42.5463],[-70.882865,42.546301],[-70.882866,42.546302],[-70.882867,42.546303],[-70.882868,42.546304],[-70.882869,42.546306],[-70.882869,42.546307],[-70.88287,42.546308],[-70.882871,42.54631],[-70.882871,42.546311],[-70.882871,42.546312],[-70.882872,42.546314],[-70.882872,42.546315],[-70.882872,42.546316],[-70.882872,42.546318],[-70.882872,42.546319],[-70.882878,42.54667],[-70.882301,42.546657]]]}},{"type":"Feature","properties":{"addr":"34 BROADWAY","units":8,"stories":2.5,"mbta":true,"lot_sf":7050,"req_lot_sf":6000,"frontage_ft":59.0,"req_side_ft":10,"over_unit_cap":false,"corner":false,"t_area":"meets","t_frontage":"meets","front_ft":13.3,"side_ft":13.5,"rear_ft":27.9,"t_front":"close","t_side":"meets","t_rear":"meets","n_short":0,"measured":true},"geometry":{"type":"Polygon","coordinates":[[[-70.882459,42.547152],[-70.88257,42.547148],[-70.882706,42.547142],[-70.882747,42.547431],[-70.882586,42.547445],[-70.882511,42.547452],[-70.882459,42.547152]]]}},{"type":"Feature","properties":{"addr":"22 HOME ST","units":1,"stories":2.0,"mbta":true,"lot_sf":4325,"req_lot_sf":6000,"frontage_ft":44.0,"req_side_ft":10,"over_unit_cap":false,"corner":false,"t_area":"short","t_frontage":"short","front_ft":4.2,"side_ft":2.6,"rear_ft":20.2,"t_front":"short","t_side":"short","t_rear":"meets","n_short":4,"measured":true},"geometry":{"type":"Polygon","coordinates":[[[-70.882432,42.549245],[-70.882535,42.549022],[-70.882677,42.549029],[-70.882712,42.54903],[-70.882607,42.549281],[-70.882432,42.549245]]]}},{"type":"Feature","properties":{"addr":"46 POND ST","units":1,"stories":1.75,"mbta":true,"lot_sf":2219,"req_lot_sf":6000,"frontage_ft":92.6,"req_side_ft":10,"over_unit_cap":false,"corner":false,"t_area":"short","t_frontage":"meets","front_ft":3.0,"side_ft":2.9,"rear_ft":0.6,"t_front":"short","t_side":"short","t_rear":"short","n_short":4,"measured":true},"geometry":{"type":"Polygon","coordinates":[[[-70.882455,42.550612],[-70.882522,42.550456],[-70.882654,42.55049],[-70.882589,42.550642],[-70.882455,42.550612]]]}},{"type":"Feature","properties":{"addr":"25 HOME ST","units":2,"stories":2.0,"mbta":true,"lot_sf":3765,"req_lot_sf":6000,"frontage_ft":32.8,"req_side_ft":10,"over_unit_cap":false,"corner":false,"t_area":"short","t_frontage":"short","front_ft":5.2,"side_ft":0.0,"rear_ft":5.1,"t_front":"short","t_side":"short","t_rear":"short","n_short":5,"measured":true},"geometry":{"type":"Polygon","coordinates":[[[-70.882344,42.549571],[-70.882375,42.549501],[-70.882495,42.549527],[-70.882567,42.549377],[-70.882701,42.549406],[-70.88264,42.549541],[-70.882591,42.549532],[-70.882561,42.5496],[-70.882552,42.549621],[-70.882344,42.549571]]]}},{"type":"Feature","properties":{"addr":"10-12 MOULTON CT","units":2,"stories":2.0,"mbta":true,"lot_sf":7926,"req_lot_sf":6000,"frontage_ft":48.4,"req_side_ft":10,"over_unit_cap":false,"corner":false,"t_area":"meets","t_frontage":"close","front_ft":10.4,"side_ft":4.3,"rear_ft":42.8,"t_front":"short","t_side":"short","t_rear":"meets","n_short":2,"measured":true},"geometry":{"type":"Polygon","coordinates":[[[-70.882461,42.54614],[-70.882477,42.546078],[-70.882458,42.546027],[-70.882476,42.545878],[-70.882565,42.545803],[-70.882653,42.545857],[-70.882677,42.546245],[-70.882479,42.54625],[-70.882461,42.54614]]]}},{"type":"Feature","properties":{"addr":"22 PLEASANT ST","units":2,"stories":2.0,"mbta":true,"lot_sf":4244,"req_lot_sf":6000,"frontage_ft":38.3,"req_side_ft":10,"over_unit_cap":false,"corner":false,"t_area":"short","t_frontage":"short","front_ft":7.3,"side_ft":0.0,"rear_ft":42.4,"t_front":"short","t_side":"short","t_rear":"meets","n_short":4,"measured":true},"geometry":{"type":"Polygon","coordinates":[[[-70.882391,42.54516],[-70.882638,42.544964],[-70.882758,42.545044],[-70.882509,42.54524],[-70.882391,42.54516]]]}},{"type":"Feature","properties":{"addr":"47 WALLIS ST","units":1,"stories":2.0,"mbta":true,"lot_sf":3550,"req_lot_sf":6000,"frontage_ft":52.3,"req_side_ft":10,"over_unit_cap":false,"corner":false,"t_area":"short","t_frontage":"meets","front_ft":5.0,"side_ft":9.4,"rear_ft":24.9,"t_front":"short","t_side":"close","t_rear":"meets","n_short":2,"measured":true},"geometry":{"type":"Polygon","coordinates":[[[-70.882448,42.548408],[-70.882432,42.548237],[-70.882644,42.548246],[-70.882645,42.548411],[-70.882466,42.548428],[-70.882448,42.548408]]]}},{"type":"Feature","properties":{"addr":"6 CHASE ST","units":1,"stories":2.0,"mbta":true,"lot_sf":4074,"req_lot_sf":6000,"frontage_ft":41.6,"req_side_ft":10,"over_unit_cap":false,"corner":false,"t_area":"short","t_frontage":"short","front_ft":0.3,"side_ft":4.7,"rear_ft":18.6,"t_front":"short","t_side":"short","t_rear":"close","n_short":4,"measured":true},"geometry":{"type":"Polygon","coordinates":[[[-70.8823,42.550993],[-70.882349,42.550871],[-70.882496,42.550901],[-70.882661,42.550934],[-70.882611,42.551058],[-70.8823,42.550993]]]}},{"type":"Feature","properties":{"addr":"27 PLEASANT ST","units":1,"stories":2.0,"mbta":true,"lot_sf":10557,"req_lot_sf":6000,"frontage_ft":62.6,"req_side_ft":10,"over_unit_cap":false,"corner":false,"t_area":"meets","t_frontage":"meets","front_ft":16.5,"side_ft":0.0,"rear_ft":37.5,"t_front":"meets","t_side":"short","t_rear":"meets","n_short":1,"measured":true},"geometry":{"type":"Polygon","coordinates":[[[-70.882202,42.545828],[-70.882342,42.545709],[-70.882451,42.545617],[-70.882628,42.545468],[-70.882814,42.545592],[-70.882565,42.545803],[-70.882476,42.545878],[-70.882202,42.545828]]]}},{"type":"Feature","properties":{"addr":"43 POND ST","units":2,"stories":2.0,"mbta":true,"lot_sf":2534,"req_lot_sf":6000,"frontage_ft":98.8,"req_side_ft":10,"over_unit_cap":false,"corner":false,"t_area":"short","t_frontage":"meets","front_ft":0.0,"side_ft":9.3,"rear_ft":7.4,"t_front":"short","t_side":"close","t_rear":"short","n_short":3,"measured":true},"geometry":{"type":"Polygon","coordinates":[[[-70.882349,42.550871],[-70.882413,42.55071],[-70.882564,42.550743],[-70.882496,42.550901],[-70.882349,42.550871]]]}},{"type":"Feature","properties":{"addr":"46 WALLIS ST","units":3,"stories":2.75,"mbta":true,"lot_sf":5268,"req_lot_sf":6000,"frontage_ft":56.8,"req_side_ft":10,"over_unit_cap":false,"corner":false,"t_area":"short","t_frontage":"meets","front_ft":15.1,"side_ft":10.7,"rear_ft":17.0,"t_front":"meets","t_side":"meets","t_rear":"close","n_short":1,"measured":true},"geometry":{"type":"Polygon","coordinates":[[[-70.882371,42.548142],[-70.882365,42.547901],[-70.88256,42.547881],[-70.8826,42.548145],[-70.882371,42.548142]]]}},{"type":"Feature","properties":{"addr":"8 CHASE ST","units":1,"stories":2.0,"mbta":true,"lot_sf":3144,"req_lot_sf":6000,"frontage_ft":31.6,"req_side_ft":10,"over_unit_cap":false,"corner":false,"t_area":"short","t_frontage":"short","front_ft":0.0,"side_ft":5.1,"rear_ft":52.4,"t_front":"short","t_side":"short","t_rear":"meets","n_short":4,"measured":true},"geometry":{"type":"Polygon","coordinates":[[[-70.882262,42.55109],[-70.8823,42.550993],[-70.882611,42.551058],[-70.882573,42.551152],[-70.882262,42.55109]]]}},{"type":"Feature","properties":{"addr":"5 FAYETTE ST","units":1,"stories":2.0,"mbta":true,"lot_sf":4008,"req_lot_sf":6000,"frontage_ft":60.4,"req_side_ft":10,"over_unit_cap":false,"corner":false,"t_area":"short","t_frontage":"meets","front_ft":8.2,"side_ft":0.0,"rear_ft":12.4,"t_front":"short","t_side":"short","t_rear":"short","n_short":4,"measured":true},"geometry":{"type":"Polygon","coordinates":[[[-70.882397,42.54434],[-70.882353,42.544308],[-70.882429,42.544156],[-70.882459,42.544174],[-70.882652,42.544224],[-70.882579,42.544381],[-70.882397,42.54434]]]}},{"type":"Feature","properties":{"addr":"23 PLEASANT ST","units":2,"stories":2.0,"mbta":true,"lot_sf":3021,"req_lot_sf":6000,"frontage_ft":37.0,"req_side_ft":10,"over_unit_cap":false,"corner":false,"t_area":"short","t_frontage":"short","front_ft":0.4,"side_ft":2.8,"rear_ft":30.6,"t_front":"short","t_side":"short","t_rear":"meets","n_short":4,"measured":true},"geometry":{"type":"Polygon","coordinates":[[[-70.882337,42.545538],[-70.882512,42.545391],[-70.882628,42.545468],[-70.882451,42.545617],[-70.882337,42.545538]]]}},{"type":"Feature","properties":{"addr":"43 RAILROAD AVE","units":4,"stories":2.0,"mbta":true,"lot_sf":8734,"req_lot_sf":6000,"frontage_ft":63.0,"req_side_ft":10,"over_unit_cap":false,"corner":false,"t_area":"meets","t_frontage":"meets","front_ft":13.4,"side_ft":9.8,"rear_ft":68.7,"t_front":"close","t_side":"close","t_rear":"meets","n_short":0,"measured":true},"geometry":{"type":"Polygon","coordinates":[[[-70.882335,42.5468],[-70.882587,42.546807],[-70.88257,42.547148],[-70.882459,42.547152],[-70.882312,42.547158],[-70.882335,42.5468]]]}},{"type":"Feature","properties":{"addr":"10 CHASE ST","units":1,"stories":2.0,"mbta":true,"lot_sf":3090,"req_lot_sf":6000,"frontage_ft":30.9,"req_side_ft":10,"over_unit_cap":false,"corner":false,"t_area":"short","t_frontage":"short","front_ft":0.0,"side_ft":1.2,"rear_ft":53.8,"t_front":"short","t_side":"short","t_rear":"meets","n_short":4,"measured":true},"geometry":{"type":"Polygon","coordinates":[[[-70.882225,42.551184],[-70.882262,42.55109],[-70.882573,42.551152],[-70.882535,42.551246],[-70.882225,42.551184]]]}},{"type":"Feature","properties":{"addr":"41 BOW ST","units":3,"stories":2.75,"mbta":true,"lot_sf":5727,"req_lot_sf":6000,"frontage_ft":47.6,"req_side_ft":10,"over_unit_cap":false,"corner":false,"t_area":"close","t_frontage":"close","front_ft":6.8,"side_ft":0.0,"rear_ft":4.0,"t_front":"short","t_side":"short","t_rear":"short","n_short":3,"measured":true},"geometry":{"type":"Polygon","coordinates":[[[-70.882535,42.549022],[-70.882355,42.549013],[-70.882304,42.549011],[-70.882334,42.548771],[-70.882529,42.548776],[-70.882502,42.548952],[-70.882675,42.548964],[-70.882677,42.549029],[-70.882535,42.549022]]]}},{"type":"Feature","properties":{"addr":"35 BROADWAY","units":3,"stories":2.75,"mbta":true,"lot_sf":7109,"req_lot_sf":6000,"frontage_ft":65.5,"req_side_ft":10,"over_unit_cap":false,"corner":false,"t_area":"meets","t_frontage":"meets","front_ft":7.4,"side_ft":13.9,"rear_ft":48.0,"t_front":"short","t_side":"meets","t_rear":"meets","n_short":1,"measured":true},"geometry":{"type":"Polygon","coordinates":[[[-70.882272,42.54763],[-70.882532,42.547608],[-70.88258,42.547879],[-70.88256,42.547881],[-70.882365,42.547901],[-70.882318,42.547906],[-70.882272,42.54763]]]}},{"type":"Feature","properties":{"addr":"20 HOME ST","units":2,"stories":2.0,"mbta":true,"lot_sf":3814,"req_lot_sf":6000,"frontage_ft":42.6,"req_side_ft":10,"over_unit_cap":false,"corner":false,"t_area":"short","t_frontage":"short","front_ft":0.0,"side_ft":0.0,"rear_ft":32.3,"t_front":"short","t_side":"short","t_rear":"meets","n_short":4,"measured":true},"geometry":{"type":"Polygon","coordinates":[[[-70.882262,42.54921],[-70.882355,42.549013],[-70.882535,42.549022],[-70.882432,42.549245],[-70.882262,42.54921]]]}},{"type":"Feature","properties":{"addr":"23 HOME ST","units":1,"stories":1.75,"mbta":true,"lot_sf":4677,"req_lot_sf":6000,"frontage_ft":63.0,"req_side_ft":10,"over_unit_cap":false,"corner":false,"t_area":"short","t_frontage":"meets","front_ft":9.1,"side_ft":2.8,"rear_ft":23.3,"t_front":"short","t_side":"short","t_rear":"meets","n_short":3,"measured":true},"geometry":{"type":"Polygon","coordinates":[[[-70.882236,42.549545],[-70.882325,42.549324],[-70.882567,42.549377],[-70.882495,42.549527],[-70.882375,42.549501],[-70.882344,42.549571],[-70.882236,42.549545]]]}},{"type":"Feature","properties":{"addr":"44 FEDERAL ST","units":1,"stories":1.75,"mbta":true,"lot_sf":6578,"req_lot_sf":6000,"frontage_ft":53.5,"req_side_ft":10,"over_unit_cap":false,"corner":false,"t_area":"meets","t_frontage":"meets","front_ft":4.0,"side_ft":1.2,"rear_ft":71.9,"t_front":"short","t_side":"short","t_rear":"meets","n_short":2,"measured":true},"geometry":{"type":"Polygon","coordinates":[[[-70.882215,42.549864],[-70.882344,42.549571],[-70.882552,42.549621],[-70.882421,42.549913],[-70.882215,42.549864]]]}},{"type":"Feature","properties":{"addr":"41 FEDERAL ST","units":2,"stories":2.0,"mbta":true,"lot_sf":8097,"req_lot_sf":6000,"frontage_ft":177.1,"req_side_ft":10,"over_unit_cap":false,"corner":false,"t_area":"meets","t_frontage":"meets","front_ft":4.0,"side_ft":24.9,"rear_ft":20.2,"t_front":"short","t_side":"meets","t_rear":"meets","n_short":1,"measured":true},"geometry":{"type":"Polygon","coordinates":[[[-70.88221,42.550269],[-70.882176,42.550261],[-70.882291,42.549998],[-70.882576,42.550063],[-70.882457,42.550328],[-70.88221,42.550269]]]}},{"type":"Feature","properties":{"addr":"12 CHASE ST","units":1,"stories":2.0,"mbta":true,"lot_sf":3078,"req_lot_sf":6000,"frontage_ft":29.4,"req_side_ft":10,"over_unit_cap":false,"corner":false,"t_area":"short","t_frontage":"short","front_ft":0.9,"side_ft":0.9,"rear_ft":52.1,"t_front":"short","t_side":"short","t_rear":"meets","n_short":4,"measured":true},"geometry":{"type":"Polygon","coordinates":[[[-70.882189,42.551274],[-70.882225,42.551184],[-70.882535,42.551246],[-70.882495,42.551343],[-70.882189,42.551274]]]}},{"type":"Feature","properties":{"addr":"14 CHASE ST","units":1,"stories":2.0,"mbta":true,"lot_sf":3216,"req_lot_sf":6000,"frontage_ft":32.9,"req_side_ft":10,"over_unit_cap":false,"corner":false,"t_area":"short","t_frontage":"short","front_ft":0.0,"side_ft":0.8,"rear_ft":51.3,"t_front":"short","t_side":"short","t_rear":"meets","n_short":4,"measured":true},"geometry":{"type":"Polygon","coordinates":[[[-70.882149,42.551374],[-70.882189,42.551274],[-70.882495,42.551343],[-70.882456,42.55144],[-70.882149,42.551374]]]}},{"type":"Feature","properties":{"addr":"38 WEST DANE ST","units":2,"stories":2.0,"mbta":true,"lot_sf":3053,"req_lot_sf":6000,"frontage_ft":41.0,"req_side_ft":10,"over_unit_cap":false,"corner":false,"t_area":"short","t_frontage":"short","front_ft":0.2,"side_ft":0.0,"rear_ft":9.5,"t_front":"short","t_side":"short","t_rear":"short","n_short":5,"measured":true},"geometry":{"type":"Polygon","coordinates":[[[-70.882218,42.552091],[-70.882235,42.551975],[-70.88225,42.551977],[-70.882288,42.55188],[-70.882329,42.551778],[-70.882363,42.551787],[-70.88231,42.551927],[-70.882402,42.551947],[-70.882388,42.552093],[-70.882218,42.552091]]]}},{"type":"Feature","properties":{"addr":"18-20 PLEASANT ST","units":3,"stories":2.0,"mbta":true,"lot_sf":6685,"req_lot_sf":6000,"frontage_ft":62.3,"req_side_ft":10,"over_unit_cap":false,"corner":false,"t_area":"meets","t_frontage":"meets","front_ft":6.3,"side_ft":0.0,"rear_ft":37.9,"t_front":"short","t_side":"short","t_rear":"meets","n_short":2,"measured":true},"geometry":{"type":"Polygon","coordinates":[[[-70.882155,42.545001],[-70.882397,42.544797],[-70.882584,42.544921],[-70.882339,42.545125],[-70.882155,42.545001]]]}},{"type":"Feature","properties":{"addr":"45 WALLIS ST","units":1,"stories":2.0,"mbta":true,"lot_sf":3491,"req_lot_sf":6000,"frontage_ft":47.4,"req_side_ft":10,"over_unit_cap":false,"corner":false,"t_area":"short","t_frontage":"close","front_ft":0.0,"side_ft":7.4,"rear_ft":34.0,"t_front":"short","t_side":"close","t_rear":"meets","n_short":2,"measured":true},"geometry":{"type":"Polygon","coordinates":[[[-70.882414,42.548408],[-70.88223,42.548406],[-70.882238,42.548232],[-70.882432,42.548237],[-70.882448,42.548408],[-70.882414,42.548408]]]}},{"type":"Feature","properties":{"addr":"32 BROADWAY","units":14,"stories":2.5,"mbta":true,"lot_sf":8636,"req_lot_sf":6000,"frontage_ft":69.7,"req_side_ft":10,"over_unit_cap":true,"corner":false,"t_area":"meets","t_frontage":"meets","front_ft":10.9,"side_ft":17.0,"rear_ft":51.0,"t_front":"short","t_side":"meets","t_rear":"meets","n_short":1,"measured":true},"geometry":{"type":"Polygon","coordinates":[[[-70.882166,42.547165],[-70.882312,42.547158],[-70.882459,42.547152],[-70.882511,42.547452],[-70.882236,42.547477],[-70.882166,42.547165]]]}},{"type":"Feature","properties":{"addr":"5 CHASE ST","units":3,"stories":2.5,"mbta":true,"lot_sf":3225,"req_lot_sf":6000,"frontage_ft":42.5,"req_side_ft":10,"over_unit_cap":false,"corner":false,"t_area":"short","t_frontage":"short","front_ft":0.6,"side_ft":0.0,"rear_ft":5.4,"t_front":"short","t_side":"short","t_rear":"short","n_short":5,"measured":true},"geometry":{"type":"Polygon","coordinates":[[[-70.882243,42.550415],[-70.882246,42.550404],[-70.882162,42.550386],[-70.88221,42.550269],[-70.882457,42.550328],[-70.882402,42.550452],[-70.882243,42.550415]]]}},{"type":"Feature","properties":{"addr":"18H HIGHLAND AVE","units":2,"stories":2.0,"mbta":true,"lot_sf":2316,"req_lot_sf":6000,"frontage_ft":null,"req_side_ft":10,"over_unit_cap":false,"corner":false,"t_area":"short","t_frontage":null,"front_ft":null,"side_ft":null,"rear_ft":null,"t_front":null,"t_side":null,"t_rear":null,"n_short":1,"measured":false},"geometry":{"type":"Polygon","coordinates":[[[-70.882285,42.546125],[-70.882314,42.546022],[-70.882037,42.545984],[-70.882041,42.545969],[-70.882458,42.546027],[-70.882477,42.546078],[-70.882461,42.54614],[-70.882285,42.546125]]]}},{"type":"Feature","properties":{"addr":"21 PLEASANT ST","units":2,"stories":2.0,"mbta":true,"lot_sf":3812,"req_lot_sf":6000,"frontage_ft":118.4,"req_side_ft":10,"over_unit_cap":false,"corner":false,"t_area":"short","t_frontage":"meets","front_ft":0.0,"side_ft":0.3,"rear_ft":0.0,"t_front":"short","t_side":"short","t_rear":"short","n_short":4,"measured":true},"geometry":{"type":"Polygon","coordinates":[[[-70.88219,42.545435],[-70.882365,42.545293],[-70.882512,42.545391],[-70.882337,42.545538],[-70.88219,42.545435]]]}},{"type":"Feature","properties":{"addr":"16 CHASE ST","units":1,"stories":1.75,"mbta":true,"lot_sf":3124,"req_lot_sf":6000,"frontage_ft":30.7,"req_side_ft":10,"over_unit_cap":false,"corner":false,"t_area":"short","t_frontage":"short","front_ft":1.5,"side_ft":1.7,"rear_ft":49.1,"t_front":"short","t_side":"short","t_rear":"meets","n_short":4,"measured":true},"geometry":{"type":"Polygon","coordinates":[[[-70.882112,42.551467],[-70.882149,42.551374],[-70.882456,42.55144],[-70.882438,42.551484],[-70.882416,42.551537],[-70.882112,42.551467]]]}},{"type":"Feature","properties":{"addr":"BOW ST","units":1,"stories":null,"mbta":true,"lot_sf":4846,"req_lot_sf":6000,"frontage_ft":47.2,"req_side_ft":10,"over_unit_cap":false,"corner":false,"t_area":"short","t_frontage":"close","front_ft":null,"side_ft":null,"rear_ft":null,"t_front":null,"t_side":null,"t_rear":null,"n_short":1,"measured":false},"geometry":{"type":"Polygon","coordinates":[[[-70.882296,42.548669],[-70.882195,42.548666],[-70.88223,42.54841],[-70.88223,42.548406],[-70.882414,42.548408],[-70.882388,42.54867],[-70.882296,42.548669]]]}},{"type":"Feature","properties":{"addr":"44 WALLIS ST","units":3,"stories":1.0,"mbta":true,"lot_sf":3333,"req_lot_sf":6000,"frontage_ft":31.6,"req_side_ft":10,"over_unit_cap":false,"corner":false,"t_area":"short","t_frontage":"short","front_ft":14.0,"side_ft":1.7,"rear_ft":29.8,"t_front":"close","t_side":"short","t_rear":"meets","n_short":3,"measured":true},"geometry":{"type":"Polygon","coordinates":[[[-70.882236,42.54814],[-70.882209,42.547917],[-70.882318,42.547906],[-70.882365,42.547901],[-70.882371,42.548142],[-70.882236,42.54814]]]}},{"type":"Feature","properties":{"addr":"18 CHASE ST","units":1,"stories":1.75,"mbta":true,"lot_sf":2986,"req_lot_sf":6000,"frontage_ft":30.8,"req_side_ft":10,"over_unit_cap":false,"corner":false,"t_area":"short","t_frontage":"short","front_ft":1.5,"side_ft":2.1,"rear_ft":43.5,"t_front":"short","t_side":"short","t_rear":"meets","n_short":4,"measured":true},"geometry":{"type":"Polygon","coordinates":[[[-70.88236,42.551622],[-70.882075,42.551562],[-70.882112,42.551467],[-70.882416,42.551537],[-70.88238,42.551626],[-70.88236,42.551622]]]}},{"type":"Feature","properties":{"addr":"42 POND ST","units":3,"stories":3.0,"mbta":true,"lot_sf":3630,"req_lot_sf":6000,"frontage_ft":114.2,"req_side_ft":10,"over_unit_cap":false,"corner":false,"t_area":"short","t_frontage":"meets","front_ft":4.9,"side_ft":8.7,"rear_ft":9.0,"t_front":"short","t_side":"close","t_rear":"short","n_short":3,"measured":true},"geometry":{"type":"Polygon","coordinates":[[[-70.882103,42.550533],[-70.882162,42.550386],[-70.882246,42.550404],[-70.882243,42.550415],[-70.882402,42.550452],[-70.882342,42.550587],[-70.882103,42.550533]]]}},{"type":"Feature","properties":{"addr":"16 HIGHLAND AVE","units":1,"stories":2.0,"mbta":true,"lot_sf":6188,"req_lot_sf":6000,"frontage_ft":46.9,"req_side_ft":10,"over_unit_cap":false,"corner":false,"t_area":"meets","t_frontage":"short","front_ft":13.8,"side_ft":0.8,"rear_ft":22.7,"t_front":"close","t_side":"short","t_rear":"meets","n_short":2,"measured":true},"geometry":{"type":"Polygon","coordinates":[[[-70.882041,42.545969],[-70.882084,42.545831],[-70.882202,42.545828],[-70.882476,42.545878],[-70.882458,42.546027],[-70.882041,42.545969]]]}},{"type":"Feature","properties":{"addr":"CHASE ST","units":1,"stories":null,"mbta":true,"lot_sf":2790,"req_lot_sf":6000,"frontage_ft":37.9,"req_side_ft":10,"over_unit_cap":false,"corner":false,"t_area":"short","t_frontage":"short","front_ft":null,"side_ft":null,"rear_ft":null,"t_front":null,"t_side":null,"t_rear":null,"n_short":2,"measured":false},"geometry":{"type":"Polygon","coordinates":[[[-70.882105,42.551662],[-70.882096,42.551686],[-70.88203,42.551674],[-70.882075,42.551562],[-70.88236,42.551622],[-70.88232,42.551708],[-70.882105,42.551662]]]}},{"type":"Feature","properties":{"addr":"18 HOME ST","units":2,"stories":2.0,"mbta":true,"lot_sf":3605,"req_lot_sf":6000,"frontage_ft":43.7,"req_side_ft":10,"over_unit_cap":false,"corner":false,"t_area":"short","t_frontage":"short","front_ft":3.8,"side_ft":2.7,"rear_ft":7.6,"t_front":"short","t_side":"short","t_rear":"short","n_short":5,"measured":true},"geometry":{"type":"Polygon","coordinates":[[[-70.882088,42.549175],[-70.88215,42.549003],[-70.882304,42.549011],[-70.882355,42.549013],[-70.882262,42.54921],[-70.882088,42.549175]]]}},{"type":"Feature","properties":{"addr":"13 PHILLIPS ST","units":1,"stories":1.75,"mbta":true,"lot_sf":5357,"req_lot_sf":6000,"frontage_ft":null,"req_side_ft":10,"over_unit_cap":false,"corner":false,"t_area":"short","t_frontage":null,"front_ft":null,"side_ft":null,"rear_ft":null,"t_front":null,"t_side":null,"t_rear":null,"n_short":1,"measured":false},"geometry":{"type":"Polygon","coordinates":[[[-70.882069,42.545591],[-70.88203,42.545573],[-70.882173,42.54545],[-70.88219,42.545435],[-70.882337,42.545538],[-70.882451,42.545617],[-70.882342,42.545709],[-70.882069,42.545591]]]}},{"type":"Feature","properties":{"addr":"40 FEDERAL ST","units":2,"stories":2.75,"mbta":true,"lot_sf":5761,"req_lot_sf":6000,"frontage_ft":44.6,"req_side_ft":10,"over_unit_cap":false,"corner":false,"t_area":"close","t_frontage":"short","front_ft":1.3,"side_ft":5.2,"rear_ft":21.0,"t_front":"short","t_side":"short","t_rear":"meets","n_short":3,"measured":true},"geometry":{"type":"Polygon","coordinates":[[[-70.88204,42.549823],[-70.882111,42.549642],[-70.882157,42.549526],[-70.882236,42.549545],[-70.882344,42.549571],[-70.882215,42.549864],[-70.88204,42.549823]]]}},{"type":"Feature","properties":{"addr":"22 CHASE ST","units":5,"stories":2.5,"mbta":true,"lot_sf":5311,"req_lot_sf":6000,"frontage_ft":48.2,"req_side_ft":10,"over_unit_cap":false,"corner":false,"t_area":"short","t_frontage":"close","front_ft":0.9,"side_ft":0.0,"rear_ft":40.5,"t_front":"short","t_side":"short","t_rear":"meets","n_short":3,"measured":true},"geometry":{"type":"Polygon","coordinates":[[[-70.881974,42.551814],[-70.88203,42.551674],[-70.882096,42.551686],[-70.882105,42.551662],[-70.88232,42.551708],[-70.882317,42.551718],[-70.882349,42.551727],[-70.882329,42.551778],[-70.882288,42.55188],[-70.881974,42.551814]]]}},{"type":"Feature","properties":{"addr":"39 BOW ST","units":1,"stories":2.0,"mbta":true,"lot_sf":6075,"req_lot_sf":6000,"frontage_ft":68.5,"req_side_ft":10,"over_unit_cap":false,"corner":false,"t_area":"meets","t_frontage":"meets","front_ft":7.4,"side_ft":1.0,"rear_ft":0.4,"t_front":"short","t_side":"short","t_rear":"short","n_short":3,"measured":true},"geometry":{"type":"Polygon","coordinates":[[[-70.88215,42.549003],[-70.882056,42.548999],[-70.882062,42.548764],[-70.882334,42.548771],[-70.882304,42.549011],[-70.88215,42.549003]]]}},{"type":"Feature","properties":{"addr":"20 HIGHLAND AVE","units":3,"stories":2.0,"mbta":true,"lot_sf":6876,"req_lot_sf":6000,"frontage_ft":63.3,"req_side_ft":10,"over_unit_cap":false,"corner":true,"t_area":"meets","t_frontage":"meets","front_ft":66.5,"side_ft":0.0,"rear_ft":8.9,"t_front":"meets","t_side":"short","t_rear":"short","n_short":2,"measured":true},"geometry":{"type":"Polygon","coordinates":[[[-70.88201,42.546101],[-70.882285,42.546125],[-70.882461,42.54614],[-70.882479,42.54625],[-70.882413,42.546251],[-70.881965,42.546285],[-70.88201,42.546101]]]}},{"type":"Feature","properties":{"addr":"41 POND ST","units":3,"stories":2.5,"mbta":true,"lot_sf":2984,"req_lot_sf":6000,"frontage_ft":103.6,"req_side_ft":10,"over_unit_cap":false,"corner":false,"t_area":"short","t_frontage":"meets","front_ft":7.2,"side_ft":13.8,"rear_ft":8.2,"t_front":"short","t_side":"meets","t_rear":"short","n_short":3,"measured":true},"geometry":{"type":"Polygon","coordinates":[[[-70.88202,42.550781],[-70.882084,42.550634],[-70.882271,42.550677],[-70.882211,42.550823],[-70.88202,42.550781]]]}},{"type":"Feature","properties":{"addr":"39 RAILROAD AVE","units":10,"stories":2.0,"mbta":true,"lot_sf":10501,"req_lot_sf":6000,"frontage_ft":72.4,"req_side_ft":10,"over_unit_cap":true,"corner":false,"t_area":"meets","t_frontage":"meets","front_ft":25.8,"side_ft":7.9,"rear_ft":6.5,"t_front":"meets","t_side":"close","t_rear":"short","n_short":1,"measured":true},"geometry":{"type":"Polygon","coordinates":[[[-70.882057,42.54684],[-70.882055,42.546758],[-70.882279,42.546799],[-70.882335,42.5468],[-70.882312,42.547158],[-70.882166,42.547165],[-70.882025,42.54717],[-70.882057,42.54684]]]}},{"type":"Feature","properties":{"addr":"14-16 PLEASANT ST","units":4,"stories":2.0,"mbta":true,"lot_sf":5858,"req_lot_sf":6000,"frontage_ft":54.9,"req_side_ft":10,"over_unit_cap":false,"corner":false,"t_area":"close","t_frontage":"meets","front_ft":6.6,"side_ft":0.2,"rear_ft":39.3,"t_front":"short","t_side":"short","t_rear":"meets","n_short":2,"measured":true},"geometry":{"type":"Polygon","coordinates":[[[-70.881991,42.54489],[-70.882234,42.544689],[-70.882397,42.544797],[-70.882155,42.545001],[-70.881991,42.54489]]]}},{"type":"Feature","properties":{"addr":"26 CHASE ST","units":1,"stories":2.0,"mbta":true,"lot_sf":3329,"req_lot_sf":6000,"frontage_ft":31.5,"req_side_ft":10,"over_unit_cap":false,"corner":false,"t_area":"short","t_frontage":"short","front_ft":0.0,"side_ft":0.0,"rear_ft":0.0,"t_front":"short","t_side":"short","t_rear":"short","n_short":5,"measured":true},"geometry":{"type":"Polygon","coordinates":[[[-70.882235,42.551975],[-70.88207,42.551953],[-70.882072,42.551938],[-70.881936,42.55191],[-70.881974,42.551814],[-70.882288,42.55188],[-70.88225,42.551977],[-70.882235,42.551975]]]}},{"type":"Feature","properties":{"addr":"39 FEDERAL ST","units":2,"stories":2.0,"mbta":true,"lot_sf":5954,"req_lot_sf":6000,"frontage_ft":53.7,"req_side_ft":10,"over_unit_cap":false,"corner":false,"t_area":"close","t_frontage":"meets","front_ft":7.3,"side_ft":6.5,"rear_ft":30.3,"t_front":"short","t_side":"short","t_rear":"meets","n_short":2,"measured":true},"geometry":{"type":"Polygon","coordinates":[[[-70.882036,42.550227],[-70.881965,42.550211],[-70.882083,42.54995],[-70.882291,42.549998],[-70.882176,42.550261],[-70.882036,42.550227]]]}},{"type":"Feature","properties":{"addr":"18 HIGHLAND AVE","units":3,"stories":2.0,"mbta":true,"lot_sf":3076,"req_lot_sf":6000,"frontage_ft":38.4,"req_side_ft":10,"over_unit_cap":false,"corner":false,"t_area":"short","t_frontage":"short","front_ft":14.4,"side_ft":0.4,"rear_ft":0.3,"t_front":"close","t_side":"short","t_rear":"short","n_short":4,"measured":true},"geometry":{"type":"Polygon","coordinates":[[[-70.88201,42.546101],[-70.882037,42.545984],[-70.882314,42.546022],[-70.882285,42.546125],[-70.88201,42.546101]]]}},{"type":"Feature","properties":{"addr":"42 WALLIS ST","units":1,"stories":2.0,"mbta":true,"lot_sf":3574,"req_lot_sf":6000,"frontage_ft":42.5,"req_side_ft":10,"over_unit_cap":false,"corner":false,"t_area":"short","t_frontage":"short","front_ft":7.0,"side_ft":3.1,"rear_ft":15.5,"t_front":"short","t_side":"short","t_rear":"short","n_short":5,"measured":true},"geometry":{"type":"Polygon","coordinates":[[[-70.88206,42.548138],[-70.882046,42.547933],[-70.882209,42.547917],[-70.882236,42.54814],[-70.88206,42.548138]]]}},{"type":"Feature","properties":{"addr":"17-19 PLEASANT ST","units":2,"stories":2.0,"mbta":true,"lot_sf":2141,"req_lot_sf":6000,"frontage_ft":136.4,"req_side_ft":10,"over_unit_cap":false,"corner":false,"t_area":"short","t_frontage":"meets","front_ft":0.0,"side_ft":20.2,"rear_ft":21.0,"t_front":"short","t_side":"meets","t_rear":"meets","n_short":2,"measured":true},"geometry":{"type":"Polygon","coordinates":[[[-70.882044,42.54524],[-70.882155,42.545151],[-70.882283,42.545239],[-70.882166,42.545334],[-70.882044,42.54524]]]}},{"type":"Feature","properties":{"addr":"17 HOME ST","units":2,"stories":2.5,"mbta":true,"lot_sf":7459,"req_lot_sf":6000,"frontage_ft":166.2,"req_side_ft":10,"over_unit_cap":false,"corner":false,"t_area":"meets","t_frontage":"meets","front_ft":0.0,"side_ft":22.0,"rear_ft":46.3,"t_front":"short","t_side":"meets","t_rear":"meets","n_short":1,"measured":true},"geometry":{"type":"Polygon","coordinates":[[[-70.882157,42.549526],[-70.881916,42.549469],[-70.882007,42.549255],[-70.882325,42.549324],[-70.882236,42.549545],[-70.882157,42.549526]]]}},{"type":"Feature","properties":{"addr":"40 RAILROAD AVE","units":12,"stories":1.0,"mbta":true,"lot_sf":15076,"req_lot_sf":6000,"frontage_ft":221.2,"req_side_ft":10,"over_unit_cap":true,"corner":true,"t_area":"meets","t_frontage":"meets","front_ft":12.1,"side_ft":27.7,"rear_ft":69.8,"t_front":"close","t_side":"meets","t_rear":"meets","n_short":0,"measured":true},"geometry":{"type":"Polygon","coordinates":[[[-70.881873,42.546583],[-70.881965,42.546285],[-70.882413,42.546251],[-70.882397,42.546307],[-70.882288,42.546655],[-70.881873,42.546583]]]}},{"type":"Feature","properties":{"addr":"43 WALLIS ST","units":2,"stories":2.0,"mbta":true,"lot_sf":3903,"req_lot_sf":6000,"frontage_ft":61.8,"req_side_ft":10,"over_unit_cap":false,"corner":false,"t_area":"short","t_frontage":"meets","front_ft":0.0,"side_ft":4.6,"rear_ft":7.3,"t_front":"short","t_side":"short","t_rear":"short","n_short":4,"measured":true},"geometry":{"type":"Polygon","coordinates":[[[-70.882007,42.548397],[-70.881991,42.548233],[-70.881998,42.548232],[-70.882238,42.548232],[-70.88223,42.548406],[-70.882007,42.548397]]]}},{"type":"Feature","properties":{"addr":"42 BOW ST","units":3,"stories":2.5,"mbta":true,"lot_sf":5383,"req_lot_sf":6000,"frontage_ft":48.1,"req_side_ft":10,"over_unit_cap":false,"corner":false,"t_area":"short","t_frontage":"close","front_ft":3.0,"side_ft":3.3,"rear_ft":23.0,"t_front":"short","t_side":"short","t_rear":"meets","n_short":3,"measured":true},"geometry":{"type":"Polygon","coordinates":[[[-70.881998,42.54866],[-70.882005,42.548488],[-70.882009,42.548408],[-70.882007,42.548397],[-70.88223,42.548406],[-70.88223,42.54841],[-70.882195,42.548666],[-70.881998,42.54866]]]}},{"type":"Feature","properties":{"addr":"14 HIGHLAND AVE","units":4,"stories":2.5,"mbta":true,"lot_sf":5556,"req_lot_sf":6000,"frontage_ft":43.3,"req_side_ft":10,"over_unit_cap":false,"corner":false,"t_area":"short","t_frontage":"short","front_ft":3.6,"side_ft":0.0,"rear_ft":20.0,"t_front":"short","t_side":"short","t_rear":"meets","n_short":4,"measured":true},"geometry":{"type":"Polygon","coordinates":[[[-70.881931,42.545762],[-70.882069,42.545591],[-70.882342,42.545709],[-70.882202,42.545828],[-70.882084,42.545831],[-70.881931,42.545762]]]}},{"type":"Feature","properties":{"addr":"40 POND ST","units":3,"stories":2.0,"mbta":true,"lot_sf":4986,"req_lot_sf":6000,"frontage_ft":44.8,"req_side_ft":10,"over_unit_cap":false,"corner":false,"t_area":"short","t_frontage":"short","front_ft":3.2,"side_ft":6.1,"rear_ft":23.2,"t_front":"short","t_side":"short","t_rear":"meets","n_short":4,"measured":true},"geometry":{"type":"Polygon","coordinates":[[[-70.881926,42.550493],[-70.882036,42.550227],[-70.882176,42.550261],[-70.88221,42.550269],[-70.882162,42.550386],[-70.882103,42.550533],[-70.881926,42.550493]]]}},{"type":"Feature","properties":{"addr":"36 WEST DANE ST","units":2,"stories":2.0,"mbta":true,"lot_sf":4696,"req_lot_sf":6000,"frontage_ft":156.2,"req_side_ft":10,"over_unit_cap":false,"corner":false,"t_area":"short","t_frontage":"meets","front_ft":0.0,"side_ft":3.3,"rear_ft":2.3,"t_front":"short","t_side":"short","t_rear":"short","n_short":4,"measured":true},"geometry":{"type":"Polygon","coordinates":[[[-70.881867,42.552085],[-70.881936,42.55191],[-70.882072,42.551938],[-70.88207,42.551953],[-70.882235,42.551975],[-70.882218,42.552091],[-70.881867,42.552085]]]}},{"type":"Feature","properties":{"addr":"31 BROADWAY","units":4,"stories":3.0,"mbta":true,"lot_sf":12093,"req_lot_sf":6000,"frontage_ft":112.3,"req_side_ft":10,"over_unit_cap":false,"corner":false,"t_area":"meets","t_frontage":"meets","front_ft":17.2,"side_ft":8.7,"rear_ft":33.6,"t_front":"meets","t_side":"close","t_rear":"meets","n_short":0,"measured":true},"geometry":{"type":"Polygon","coordinates":[[[-70.88184,42.547666],[-70.882272,42.54763],[-70.882318,42.547906],[-70.882209,42.547917],[-70.882046,42.547933],[-70.881884,42.54795],[-70.88184,42.547666]]]}},{"type":"Feature","properties":{"addr":"8R PLEASANT ST","units":1,"stories":1.75,"mbta":true,"lot_sf":5961,"req_lot_sf":6000,"frontage_ft":null,"req_side_ft":10,"over_unit_cap":false,"corner":false,"t_area":"close","t_frontage":null,"front_ft":null,"side_ft":null,"rear_ft":null,"t_front":null,"t_side":null,"t_rear":null,"n_short":0,"measured":false},"geometry":{"type":"Polygon","coordinates":[[[-70.88196,42.544507],[-70.8819,42.544467],[-70.882069,42.544322],[-70.882325,42.544418],[-70.882105,42.544604],[-70.88196,42.544507]]]}},{"type":"Feature","properties":{"addr":"30 BROADWAY","units":6,"stories":2.0,"mbta":true,"lot_sf":8268,"req_lot_sf":6000,"frontage_ft":68.4,"req_side_ft":10,"over_unit_cap":false,"corner":false,"t_area":"meets","t_frontage":"meets","front_ft":15.5,"side_ft":10.8,"rear_ft":36.3,"t_front":"meets","t_side":"meets","t_rear":"meets","n_short":0,"measured":true},"geometry":{"type":"Polygon","coordinates":[[[-70.881899,42.547215],[-70.882024,42.547195],[-70.882025,42.54717],[-70.882166,42.547165],[-70.882236,42.547477],[-70.881966,42.547501],[-70.881899,42.547215]]]}},{"type":"Feature","properties":{"addr":"11 CHASE ST","units":1,"stories":1.75,"mbta":true,"lot_sf":4065,"req_lot_sf":6000,"frontage_ft":43.1,"req_side_ft":10,"over_unit_cap":false,"corner":false,"t_area":"short","t_frontage":"short","front_ft":7.1,"side_ft":7.8,"rear_ft":15.8,"t_front":"short","t_side":"close","t_rear":"short","n_short":4,"measured":true},"geometry":{"type":"Polygon","coordinates":[[[-70.881945,42.550902],[-70.881948,42.550895],[-70.881858,42.550876],[-70.881903,42.550755],[-70.88202,42.550781],[-70.882211,42.550823],[-70.882159,42.550949],[-70.881945,42.550902]]]}},{"type":"Feature","properties":{"addr":"16 HOME ST","units":3,"stories":3.0,"mbta":true,"lot_sf":3060,"req_lot_sf":6000,"frontage_ft":47.1,"req_side_ft":10,"over_unit_cap":false,"corner":false,"t_area":"short","t_frontage":"close","front_ft":4.5,"side_ft":3.9,"rear_ft":8.1,"t_front":"short","t_side":"short","t_rear":"short","n_short":4,"measured":true},"geometry":{"type":"Polygon","coordinates":[[[-70.881902,42.549136],[-70.881956,42.548994],[-70.882056,42.548999],[-70.88215,42.549003],[-70.882088,42.549175],[-70.881902,42.549136]]]}},{"type":"Feature","properties":{"addr":"4 ASHLAND ST","units":2,"stories":2.0,"mbta":true,"lot_sf":2967,"req_lot_sf":6000,"frontage_ft":37.6,"req_side_ft":10,"over_unit_cap":false,"corner":false,"t_area":"short","t_frontage":"short","front_ft":3.4,"side_ft":3.1,"rear_ft":3.1,"t_front":"short","t_side":"short","t_rear":"short","n_short":5,"measured":true},"geometry":{"type":"Polygon","coordinates":[[[-70.881989,42.549611],[-70.881869,42.54958],[-70.881916,42.549469],[-70.882157,42.549526],[-70.882111,42.549642],[-70.881989,42.549611]]]}},{"type":"Feature","properties":{"addr":"38 FEDERAL ST","units":2,"stories":2.5,"mbta":true,"lot_sf":2414,"req_lot_sf":6000,"frontage_ft":30.1,"req_side_ft":10,"over_unit_cap":false,"corner":false,"t_area":"short","t_frontage":"short","front_ft":1.8,"side_ft":0.0,"rear_ft":17.1,"t_front":"short","t_side":"short","t_rear":"close","n_short":4,"measured":true},"geometry":{"type":"Polygon","coordinates":[[[-70.881916,42.549794],[-70.881989,42.549611],[-70.882111,42.549642],[-70.88204,42.549823],[-70.881916,42.549794]]]}},{"type":"Feature","properties":{"addr":"32 ARTHUR ST","units":3,"stories":1.0,"mbta":true,"lot_sf":5780,"req_lot_sf":6000,"frontage_ft":151.5,"req_side_ft":10,"over_unit_cap":false,"corner":false,"t_area":"close","t_frontage":"meets","front_ft":6.3,"side_ft":13.4,"rear_ft":8.0,"t_front":"short","t_side":"meets","t_rear":"short","n_short":2,"measured":true},"geometry":{"type":"Polygon","coordinates":[[[-70.881843,42.551155],[-70.881945,42.550902],[-70.882159,42.550949],[-70.882054,42.551203],[-70.881843,42.551155]]]}},{"type":"Feature","properties":{"addr":"12 PLEASANT ST","units":3,"stories":1.0,"mbta":true,"lot_sf":4545,"req_lot_sf":6000,"frontage_ft":40.6,"req_side_ft":10,"over_unit_cap":false,"corner":false,"t_area":"short","t_frontage":"short","front_ft":5.5,"side_ft":0.0,"rear_ft":40.8,"t_front":"short","t_side":"short","t_rear":"meets","n_short":4,"measured":true},"geometry":{"type":"Polygon","coordinates":[[[-70.881864,42.544808],[-70.882105,42.544604],[-70.882234,42.544689],[-70.881991,42.54489],[-70.881864,42.544808]]]}},{"type":"Feature","properties":{"addr":"11 PHILLIPS ST","units":1,"stories":1.75,"mbta":true,"lot_sf":3362,"req_lot_sf":6000,"frontage_ft":49.2,"req_side_ft":10,"over_unit_cap":false,"corner":false,"t_area":"short","t_frontage":"close","front_ft":0.0,"side_ft":0.0,"rear_ft":16.7,"t_front":"short","t_side":"short","t_rear":"short","n_short":4,"measured":true},"geometry":{"type":"Polygon","coordinates":[[[-70.88189,42.545513],[-70.88187,42.545504],[-70.882065,42.545348],[-70.882168,42.54542],[-70.882149,42.545435],[-70.882173,42.54545],[-70.88203,42.545573],[-70.88189,42.545513]]]}},{"type":"Feature","properties":{"addr":"15 PLEASANT ST","units":3,"stories":3.0,"mbta":true,"lot_sf":2218,"req_lot_sf":6000,"frontage_ft":48.1,"req_side_ft":10,"over_unit_cap":false,"corner":true,"t_area":"short","t_frontage":"close","front_ft":0.0,"side_ft":4.5,"rear_ft":4.6,"t_front":"short","t_side":"short","t_rear":"short","n_short":4,"measured":true},"geometry":{"type":"Polygon","coordinates":[[[-70.88191,42.545136],[-70.88201,42.545053],[-70.882155,42.545151],[-70.882044,42.54524],[-70.88191,42.545136]]]}},{"type":"Feature","properties":{"addr":"30 CHASE ST","units":1,"stories":1.75,"mbta":true,"lot_sf":5312,"req_lot_sf":6000,"frontage_ft":134.6,"req_side_ft":10,"over_unit_cap":false,"corner":false,"t_area":"short","t_frontage":"meets","front_ft":4.2,"side_ft":28.1,"rear_ft":28.5,"t_front":"short","t_side":"meets","t_rear":"meets","n_short":2,"measured":true},"geometry":{"type":"Polygon","coordinates":[[[-70.881765,42.552356],[-70.881824,42.552201],[-70.882124,42.552207],[-70.88207,42.552339],[-70.88204,42.552413],[-70.881765,42.552356]]]}},{"type":"Feature","properties":{"addr":"39 POND ST","units":3,"stories":2.5,"mbta":true,"lot_sf":3527,"req_lot_sf":6000,"frontage_ft":44.3,"req_side_ft":10,"over_unit_cap":false,"corner":false,"t_area":"short","t_frontage":"short","front_ft":9.4,"side_ft":0.0,"rear_ft":0.0,"t_front":"short","t_side":"short","t_rear":"short","n_short":5,"measured":true},"geometry":{"type":"Polygon","coordinates":[[[-70.881797,42.550862],[-70.88191,42.550593],[-70.882084,42.550634],[-70.88202,42.550781],[-70.881903,42.550755],[-70.881858,42.550876],[-70.881797,42.550862]]]}},{"type":"Feature","properties":{"addr":"34 CHASE ST","units":3,"stories":2.5,"mbta":true,"lot_sf":4610,"req_lot_sf":6000,"frontage_ft":42.8,"req_side_ft":10,"over_unit_cap":false,"corner":false,"t_area":"short","t_frontage":"short","front_ft":1.7,"side_ft":9.8,"rear_ft":32.9,"t_front":"short","t_side":"close","t_rear":"meets","n_short":3,"measured":true},"geometry":{"type":"Polygon","coordinates":[[[-70.881717,42.552482],[-70.881765,42.552356],[-70.88204,42.552413],[-70.882095,42.552424],[-70.882042,42.552562],[-70.881717,42.552482]]]}},{"type":"Feature","properties":{"addr":"40 WALLIS ST","units":2,"stories":2.0,"mbta":true,"lot_sf":4277,"req_lot_sf":6000,"frontage_ft":56.4,"req_side_ft":10,"over_unit_cap":false,"corner":false,"t_area":"short","t_frontage":"meets","front_ft":17.3,"side_ft":10.8,"rear_ft":24.8,"t_front":"meets","t_side":"meets","t_rear":"meets","n_short":1,"measured":true},"geometry":{"type":"Polygon","coordinates":[[[-70.881824,42.547956],[-70.881884,42.54795],[-70.882046,42.547933],[-70.88206,42.548138],[-70.881943,42.548136],[-70.881832,42.548142],[-70.881824,42.547956]]]}},{"type":"Feature","properties":{"addr":"37 FEDERAL ST","units":2,"stories":2.0,"mbta":true,"lot_sf":5736,"req_lot_sf":6000,"frontage_ft":53.7,"req_side_ft":10,"over_unit_cap":false,"corner":false,"t_area":"close","t_frontage":"meets","front_ft":5.7,"side_ft":4.3,"rear_ft":41.5,"t_front":"short","t_side":"short","t_rear":"meets","n_short":2,"measured":true},"geometry":{"type":"Polygon","coordinates":[[[-70.881878,42.55019],[-70.881767,42.550163],[-70.881876,42.549902],[-70.882083,42.54995],[-70.881965,42.550211],[-70.881878,42.55019]]]}},{"type":"Feature","properties":{"addr":"35 BOW ST","units":2,"stories":2.0,"mbta":true,"lot_sf":6412,"req_lot_sf":6000,"frontage_ft":70.5,"req_side_ft":10,"over_unit_cap":false,"corner":false,"t_area":"meets","t_frontage":"meets","front_ft":8.3,"side_ft":14.1,"rear_ft":22.0,"t_front":"short","t_side":"meets","t_rear":"meets","n_short":1,"measured":true},"geometry":{"type":"Polygon","coordinates":[[[-70.881956,42.548994],[-70.881772,42.548985],[-70.881775,42.548927],[-70.881782,42.548757],[-70.882062,42.548764],[-70.882056,42.548999],[-70.881956,42.548994]]]}},{"type":"Feature","properties":{"addr":"38 POND ST","units":3,"stories":2.5,"mbta":true,"lot_sf":4573,"req_lot_sf":6000,"frontage_ft":40.8,"req_side_ft":10,"over_unit_cap":false,"corner":false,"t_area":"short","t_frontage":"short","front_ft":2.9,"side_ft":1.2,"rear_ft":59.3,"t_front":"short","t_side":"short","t_rear":"meets","n_short":4,"measured":true},"geometry":{"type":"Polygon","coordinates":[[[-70.881764,42.550456],[-70.881878,42.55019],[-70.881965,42.550211],[-70.882036,42.550227],[-70.881926,42.550493],[-70.881764,42.550456]]]}},{"type":"Feature","properties":{"addr":"40 BOW ST","units":3,"stories":1.0,"mbta":true,"lot_sf":2745,"req_lot_sf":6000,"frontage_ft":40.6,"req_side_ft":10,"over_unit_cap":false,"corner":false,"t_area":"short","t_frontage":"short","front_ft":12.8,"side_ft":0.8,"rear_ft":0.0,"t_front":"close","t_side":"short","t_rear":"short","n_short":4,"measured":true},"geometry":{"type":"Polygon","coordinates":[[[-70.881829,42.548655],[-70.881827,42.548516],[-70.881872,42.548498],[-70.882005,42.548488],[-70.881998,42.54866],[-70.881829,42.548655]]]}},{"type":"Feature","properties":{"addr":"36 FEDERAL ST","units":1,"stories":1.75,"mbta":true,"lot_sf":2424,"req_lot_sf":6000,"frontage_ft":100.6,"req_side_ft":10,"over_unit_cap":false,"corner":false,"t_area":"short","t_frontage":"meets","front_ft":0.0,"side_ft":13.5,"rear_ft":14.0,"t_front":"short","t_side":"meets","t_rear":"short","n_short":3,"measured":true},"geometry":{"type":"Polygon","coordinates":[[[-70.881791,42.549764],[-70.881869,42.54958],[-70.881989,42.549611],[-70.881916,42.549794],[-70.881791,42.549764]]]}},{"type":"Feature","properties":{"addr":"17 CHASE ST","units":3,"stories":2.5,"mbta":true,"lot_sf":4588,"req_lot_sf":6000,"frontage_ft":131.5,"req_side_ft":10,"over_unit_cap":false,"corner":false,"t_area":"short","t_frontage":"meets","front_ft":0.0,"side_ft":4.9,"rear_ft":5.4,"t_front":"short","t_side":"short","t_rear":"short","n_short":4,"measured":true},"geometry":{"type":"Polygon","coordinates":[[[-70.881725,42.551477],[-70.881815,42.551265],[-70.882012,42.55131],[-70.88193,42.551523],[-70.881725,42.551477]]]}},{"type":"Feature","properties":{"addr":"31 VESTRY ST","units":2,"stories":2.0,"mbta":true,"lot_sf":8455,"req_lot_sf":6000,"frontage_ft":23.3,"req_side_ft":10,"over_unit_cap":false,"corner":false,"t_area":"meets","t_frontage":"short","front_ft":26.9,"side_ft":6.4,"rear_ft":6.3,"t_front":"meets","t_side":"short","t_rear":"short","n_short":3,"measured":true},"geometry":{"type":"Polygon","coordinates":[[[-70.881774,42.547068],[-70.881782,42.546991],[-70.881804,42.54699],[-70.881806,42.546944],[-70.881861,42.546894],[-70.882057,42.54684],[-70.882025,42.54717],[-70.882024,42.547195],[-70.881899,42.547215],[-70.881758,42.547238],[-70.881774,42.547068]]]}},{"type":"Feature","properties":{"addr":"39-39H WALLIS ST","units":2,"stories":2.0,"mbta":true,"lot_sf":3290,"req_lot_sf":6000,"frontage_ft":48.2,"req_side_ft":10,"over_unit_cap":false,"corner":false,"t_area":"short","t_frontage":"close","front_ft":2.1,"side_ft":4.5,"rear_ft":14.7,"t_front":"short","t_side":"short","t_rear":"short","n_short":4,"measured":true},"geometry":{"type":"Polygon","coordinates":[[[-70.881794,42.548242],[-70.881991,42.548233],[-70.882007,42.548397],[-70.881791,42.548402],[-70.881794,42.548242]]]}},{"type":"Feature","properties":{"addr":"36 CHASE ST","units":1,"stories":1.75,"mbta":true,"lot_sf":4553,"req_lot_sf":6000,"frontage_ft":50.0,"req_side_ft":10,"over_unit_cap":false,"corner":false,"t_area":"short","t_frontage":"close","front_ft":13.7,"side_ft":8.2,"rear_ft":14.3,"t_front":"close","t_side":"close","t_rear":"short","n_short":2,"measured":true},"geometry":{"type":"Polygon","coordinates":[[[-70.881811,42.552641],[-70.881777,42.552635],[-70.881662,42.552627],[-70.881717,42.552482],[-70.882042,42.552562],[-70.881986,42.552697],[-70.881811,42.552641]]]}},{"type":"Feature","properties":{"addr":"38H BOW ST","units":1,"stories":1.75,"mbta":true,"lot_sf":2482,"req_lot_sf":6000,"frontage_ft":null,"req_side_ft":10,"over_unit_cap":false,"corner":false,"t_area":"short","t_frontage":null,"front_ft":null,"side_ft":null,"rear_ft":null,"t_front":null,"t_side":null,"t_rear":null,"n_short":1,"measured":false},"geometry":{"type":"Polygon","coordinates":[[[-70.881803,42.548655],[-70.881793,42.548428],[-70.881791,42.548402],[-70.882007,42.548397],[-70.882009,42.548408],[-70.882005,42.548488],[-70.881872,42.548498],[-70.881827,42.548516],[-70.881829,42.548655],[-70.881803,42.548655]]]}},{"type":"Feature","properties":{"addr":"10 PLEASANT ST","units":2,"stories":2.75,"mbta":true,"lot_sf":5085,"req_lot_sf":6000,"frontage_ft":46.1,"req_side_ft":10,"over_unit_cap":false,"corner":false,"t_area":"short","t_frontage":"short","front_ft":5.9,"side_ft":0.0,"rear_ft":38.7,"t_front":"short","t_side":"short","t_rear":"meets","n_short":4,"measured":true},"geometry":{"type":"Polygon","coordinates":[[[-70.881726,42.544712],[-70.88196,42.544507],[-70.882105,42.544604],[-70.881864,42.544808],[-70.881726,42.544712]]]}},{"type":"Feature","properties":{"addr":"12 HIGHLAND AVE","units":4,"stories":2.0,"mbta":true,"lot_sf":4609,"req_lot_sf":6000,"frontage_ft":65.9,"req_side_ft":10,"over_unit_cap":false,"corner":false,"t_area":"short","t_frontage":"meets","front_ft":3.1,"side_ft":3.3,"rear_ft":29.2,"t_front":"short","t_side":"short","t_rear":"meets","n_short":3,"measured":true},"geometry":{"type":"Polygon","coordinates":[[[-70.881705,42.545662],[-70.88189,42.545513],[-70.88203,42.545573],[-70.882069,42.545591],[-70.881931,42.545762],[-70.881705,42.545662]]]}},{"type":"Feature","properties":{"addr":"7A PHILLIPS ST","units":6,"stories":3.0,"mbta":true,"lot_sf":4251,"req_lot_sf":6000,"frontage_ft":49.3,"req_side_ft":10,"over_unit_cap":false,"corner":false,"t_area":"short","t_frontage":"close","front_ft":0.0,"side_ft":0.0,"rear_ft":41.2,"t_front":"short","t_side":"short","t_rear":"meets","n_short":3,"measured":true},"geometry":{"type":"Polygon","coordinates":[[[-70.881734,42.545429],[-70.881717,42.54542],[-70.881919,42.545245],[-70.882065,42.545348],[-70.88187,42.545504],[-70.881734,42.545429]]]}},{"type":"Feature","properties":{"addr":"14 HOME ST","units":1,"stories":1.75,"mbta":true,"lot_sf":2376,"req_lot_sf":6000,"frontage_ft":44.0,"req_side_ft":10,"over_unit_cap":false,"corner":false,"t_area":"short","t_frontage":"short","front_ft":3.9,"side_ft":2.7,"rear_ft":10.0,"t_front":"short","t_side":"short","t_rear":"short","n_short":5,"measured":true},"geometry":{"type":"Polygon","coordinates":[[[-70.881727,42.549101],[-70.881772,42.548985],[-70.881956,42.548994],[-70.881902,42.549136],[-70.881727,42.549101]]]}},{"type":"Feature","properties":{"addr":"38 CHASE ST","units":1,"stories":1.75,"mbta":true,"lot_sf":4579,"req_lot_sf":6000,"frontage_ft":43.7,"req_side_ft":10,"over_unit_cap":false,"corner":false,"t_area":"short","t_frontage":"short","front_ft":2.0,"side_ft":0.0,"rear_ft":1.2,"t_front":"short","t_side":"short","t_rear":"short","n_short":5,"measured":true},"geometry":{"type":"Polygon","coordinates":[[[-70.88187,42.552805],[-70.881613,42.552756],[-70.881662,42.552627],[-70.881777,42.552635],[-70.881811,42.552641],[-70.881986,42.552697],[-70.881936,42.552817],[-70.88187,42.552805]]]}},{"type":"Feature","properties":{"addr":"30 ARTHUR ST","units":3,"stories":3.0,"mbta":true,"lot_sf":4761,"req_lot_sf":6000,"frontage_ft":43.5,"req_side_ft":10,"over_unit_cap":false,"corner":false,"t_area":"short","t_frontage":"short","front_ft":5.3,"side_ft":5.2,"rear_ft":53.9,"t_front":"short","t_side":"short","t_rear":"meets","n_short":4,"measured":true},"geometry":{"type":"Polygon","coordinates":[[[-70.881671,42.551116],[-70.881776,42.550857],[-70.881797,42.550862],[-70.881858,42.550876],[-70.881948,42.550895],[-70.881945,42.550902],[-70.881843,42.551155],[-70.881671,42.551116]]]}},{"type":"Feature","properties":{"addr":"11 PLEASANT ST","units":4,"stories":2.0,"mbta":true,"lot_sf":3508,"req_lot_sf":6000,"frontage_ft":227.1,"req_side_ft":10,"over_unit_cap":false,"corner":false,"t_area":"short","t_frontage":"meets","front_ft":0.0,"side_ft":0.0,"rear_ft":0.0,"t_front":"short","t_side":"short","t_rear":"short","n_short":4,"measured":true},"geometry":{"type":"Polygon","coordinates":[[[-70.881744,42.545008],[-70.881702,42.544943],[-70.881715,42.544852],[-70.88201,42.545053],[-70.88191,42.545136],[-70.881744,42.545008]]]}},{"type":"Feature","properties":{"addr":"21 CHASE ST","units":1,"stories":1.75,"mbta":true,"lot_sf":3152,"req_lot_sf":6000,"frontage_ft":34.7,"req_side_ft":10,"over_unit_cap":false,"corner":false,"t_area":"short","t_frontage":"short","front_ft":0.0,"side_ft":2.0,"rear_ft":26.9,"t_front":"short","t_side":"short","t_rear":"meets","n_short":4,"measured":true},"geometry":{"type":"Polygon","coordinates":[[[-70.881607,42.551565],[-70.881648,42.55146],[-70.881725,42.551477],[-70.88193,42.551523],[-70.881889,42.551628],[-70.881607,42.551565]]]}},{"type":"Feature","properties":{"addr":"37 POND ST","units":2,"stories":2.0,"mbta":true,"lot_sf":5244,"req_lot_sf":6000,"frontage_ft":45.7,"req_side_ft":10,"over_unit_cap":false,"corner":false,"t_area":"short","t_frontage":"short","front_ft":3.5,"side_ft":3.4,"rear_ft":53.3,"t_front":"short","t_side":"short","t_rear":"meets","n_short":4,"measured":true},"geometry":{"type":"Polygon","coordinates":[[[-70.881776,42.550857],[-70.881614,42.550823],[-70.881731,42.550552],[-70.88191,42.550593],[-70.881797,42.550862],[-70.881776,42.550857]]]}},{"type":"Feature","properties":{"addr":"40 CHASE ST","units":1,"stories":1.75,"mbta":true,"lot_sf":2104,"req_lot_sf":6000,"frontage_ft":26.1,"req_side_ft":10,"over_unit_cap":false,"corner":false,"t_area":"short","t_frontage":"short","front_ft":0.7,"side_ft":1.3,"rear_ft":1.3,"t_front":"short","t_side":"short","t_rear":"short","n_short":5,"measured":true},"geometry":{"type":"Polygon","coordinates":[[[-70.881712,42.552852],[-70.881709,42.552863],[-70.881581,42.552837],[-70.881613,42.552756],[-70.88187,42.552805],[-70.881843,42.552878],[-70.881712,42.552852]]]}},{"type":"Feature","properties":{"addr":"23 CHASE ST","units":1,"stories":1.75,"mbta":true,"lot_sf":3056,"req_lot_sf":6000,"frontage_ft":113.4,"req_side_ft":10,"over_unit_cap":false,"corner":false,"t_area":"short","t_frontage":"meets","front_ft":0.8,"side_ft":15.1,"rear_ft":14.2,"t_front":"short","t_side":"meets","t_rear":"short","n_short":3,"measured":true},"geometry":{"type":"Polygon","coordinates":[[[-70.881567,42.551665],[-70.881607,42.551565],[-70.881889,42.551628],[-70.88185,42.551729],[-70.881567,42.551665]]]}},{"type":"Feature","properties":{"addr":"15 HOME ST","units":2,"stories":2.0,"mbta":true,"lot_sf":3029,"req_lot_sf":6000,"frontage_ft":110.6,"req_side_ft":10,"over_unit_cap":false,"corner":false,"t_area":"short","t_frontage":"meets","front_ft":10.9,"side_ft":1.2,"rear_ft":3.1,"t_front":"short","t_side":"short","t_rear":"short","n_short":4,"measured":true},"geometry":{"type":"Polygon","coordinates":[[[-70.881635,42.549391],[-70.881713,42.549198],[-70.881863,42.549228],[-70.88178,42.54942],[-70.881635,42.549391]]]}},{"type":"Feature","properties":{"addr":"36 POND ST","units":3,"stories":2.5,"mbta":true,"lot_sf":4946,"req_lot_sf":6000,"frontage_ft":43.9,"req_side_ft":10,"over_unit_cap":false,"corner":false,"t_area":"short","t_frontage":"short","front_ft":4.8,"side_ft":5.8,"rear_ft":46.9,"t_front":"short","t_side":"short","t_rear":"meets","n_short":4,"measured":true},"geometry":{"type":"Polygon","coordinates":[[[-70.881591,42.550417],[-70.881709,42.550149],[-70.881767,42.550163],[-70.881878,42.55019],[-70.881764,42.550456],[-70.881591,42.550417]]]}},{"type":"Feature","properties":{"addr":"38 BOW ST","units":2,"stories":2.5,"mbta":true,"lot_sf":2261,"req_lot_sf":6000,"frontage_ft":24.1,"req_side_ft":10,"over_unit_cap":false,"corner":false,"t_area":"short","t_frontage":"short","front_ft":4.1,"side_ft":0.0,"rear_ft":25.0,"t_front":"short","t_side":"short","t_rear":"meets","n_short":4,"measured":true},"geometry":{"type":"Polygon","coordinates":[[[-70.881696,42.548652],[-70.881696,42.548426],[-70.881793,42.548428],[-70.881803,42.548655],[-70.881696,42.548652]]]}},{"type":"Feature","properties":{"addr":"35 FEDERAL ST","units":3,"stories":2.0,"mbta":true,"lot_sf":5026,"req_lot_sf":6000,"frontage_ft":44.9,"req_side_ft":10,"over_unit_cap":false,"corner":false,"t_area":"short","t_frontage":"short","front_ft":9.8,"side_ft":3.2,"rear_ft":42.4,"t_front":"short","t_side":"short","t_rear":"meets","n_short":4,"measured":true},"geometry":{"type":"Polygon","coordinates":[[[-70.881709,42.550149],[-70.881586,42.55012],[-70.881699,42.549861],[-70.881876,42.549902],[-70.881767,42.550163],[-70.881709,42.550149]]]}},{"type":"Feature","properties":{"addr":"42 CHASE ST","units":1,"stories":1.75,"mbta":true,"lot_sf":2228,"req_lot_sf":6000,"frontage_ft":23.9,"req_side_ft":10,"over_unit_cap":false,"corner":false,"t_area":"short","t_frontage":"short","front_ft":0.0,"side_ft":0.0,"rear_ft":5.4,"t_front":"short","t_side":"short","t_rear":"short","n_short":5,"measured":true},"geometry":{"type":"Polygon","coordinates":[[[-70.881552,42.552913],[-70.881581,42.552837],[-70.881709,42.552863],[-70.881712,42.552852],[-70.881843,42.552878],[-70.88181,42.552965],[-70.881552,42.552913]]]}},{"type":"Feature","properties":{"addr":"29 BROADWAY","units":6,"stories":3.0,"mbta":true,"lot_sf":6652,"req_lot_sf":6000,"frontage_ft":58.0,"req_side_ft":10,"over_unit_cap":false,"corner":false,"t_area":"meets","t_frontage":"meets","front_ft":6.1,"side_ft":5.3,"rear_ft":36.7,"t_front":"short","t_side":"short","t_rear":"meets","n_short":2,"measured":true},"geometry":{"type":"Polygon","coordinates":[[[-70.881608,42.547685],[-70.88184,42.547666],[-70.881884,42.54795],[-70.881824,42.547956],[-70.88165,42.547974],[-70.881608,42.547685]]]}},{"type":"Feature","properties":{"addr":"37 WALLIS ST","units":1,"stories":2.0,"mbta":true,"lot_sf":1901,"req_lot_sf":6000,"frontage_ft":26.3,"req_side_ft":10,"over_unit_cap":false,"corner":false,"t_area":"short","t_frontage":"short","front_ft":3.4,"side_ft":0.0,"rear_ft":23.2,"t_front":"short","t_side":"short","t_rear":"meets","n_short":4,"measured":true},"geometry":{"type":"Polygon","coordinates":[[[-70.881696,42.548426],[-70.881678,42.548244],[-70.881794,42.548242],[-70.881791,42.548402],[-70.881793,42.548428],[-70.881696,42.548426]]]}},{"type":"Feature","properties":{"addr":"25 CHASE ST","units":1,"stories":2.0,"mbta":true,"lot_sf":2041,"req_lot_sf":6000,"frontage_ft":90.7,"req_side_ft":10,"over_unit_cap":false,"corner":false,"t_area":"short","t_frontage":"meets","front_ft":1.3,"side_ft":7.4,"rear_ft":1.5,"t_front":"short","t_side":"close","t_rear":"short","n_short":3,"measured":true},"geometry":{"type":"Polygon","coordinates":[[[-70.881615,42.551912],[-70.881626,42.551792],[-70.881809,42.551833],[-70.881764,42.55195],[-70.881615,42.551912]]]}},{"type":"Feature","properties":{"addr":"28 BROADWAY","units":6,"stories":3.0,"mbta":true,"lot_sf":10923,"req_lot_sf":6000,"frontage_ft":102.4,"req_side_ft":10,"over_unit_cap":false,"corner":false,"t_area":"meets","t_frontage":"meets","front_ft":15.4,"side_ft":23.7,"rear_ft":15.3,"t_front":"meets","t_side":"meets","t_rear":"short","n_short":1,"measured":true},"geometry":{"type":"Polygon","coordinates":[[[-70.88152,42.547247],[-70.881758,42.547238],[-70.881899,42.547215],[-70.881966,42.547501],[-70.881571,42.547536],[-70.88152,42.547247]]]}},{"type":"Feature","properties":{"addr":"31 ARTHUR ST","units":3,"stories":1.0,"mbta":true,"lot_sf":4059,"req_lot_sf":6000,"frontage_ft":44.7,"req_side_ft":10,"over_unit_cap":false,"corner":false,"t_area":"short","t_frontage":"short","front_ft":6.2,"side_ft":3.2,"rear_ft":34.9,"t_front":"short","t_side":"short","t_rear":"meets","n_short":4,"measured":true},"geometry":{"type":"Polygon","coordinates":[[[-70.881648,42.55146],[-70.881548,42.551438],[-70.881639,42.551224],[-70.881815,42.551265],[-70.881725,42.551477],[-70.881648,42.55146]]]}},{"type":"Feature","properties":{"addr":"44 CHASE ST","units":1,"stories":1.75,"mbta":true,"lot_sf":2461,"req_lot_sf":6000,"frontage_ft":27.8,"req_side_ft":10,"over_unit_cap":false,"corner":false,"t_area":"short","t_frontage":"short","front_ft":4.3,"side_ft":3.1,"rear_ft":34.5,"t_front":"short","t_side":"short","t_rear":"meets","n_short":4,"measured":true},"geometry":{"type":"Polygon","coordinates":[[[-70.881519,42.553],[-70.881552,42.552913],[-70.88181,42.552965],[-70.881775,42.553059],[-70.881519,42.553]]]}},{"type":"Feature","properties":{"addr":"10 HIGHLAND AVE","units":2,"stories":2.0,"mbta":true,"lot_sf":3231,"req_lot_sf":6000,"frontage_ft":30.2,"req_side_ft":10,"over_unit_cap":false,"corner":false,"t_area":"short","t_frontage":"short","front_ft":5.6,"side_ft":0.0,"rear_ft":16.3,"t_front":"short","t_side":"short","t_rear":"short","n_short":5,"measured":true},"geometry":{"type":"Polygon","coordinates":[[[-70.881594,42.545613],[-70.881734,42.545429],[-70.88187,42.545504],[-70.88189,42.545513],[-70.881705,42.545662],[-70.881594,42.545613]]]}},{"type":"Feature","properties":{"addr":"27 CHASE ST","units":1,"stories":1.75,"mbta":true,"lot_sf":1954,"req_lot_sf":6000,"frontage_ft":74.5,"req_side_ft":10,"over_unit_cap":false,"corner":false,"t_area":"short","t_frontage":"meets","front_ft":2.4,"side_ft":5.0,"rear_ft":3.4,"t_front":"short","t_side":"short","t_rear":"short","n_short":4,"measured":true},"geometry":{"type":"Polygon","coordinates":[[[-70.881613,42.551933],[-70.881615,42.551912],[-70.881764,42.55195],[-70.881716,42.552076],[-70.881599,42.552076],[-70.881613,42.551933]]]}},{"type":"Feature","properties":{"addr":"5 PHILLIPS ST","units":6,"stories":3.0,"mbta":true,"lot_sf":5246,"req_lot_sf":6000,"frontage_ft":54.6,"req_side_ft":10,"over_unit_cap":false,"corner":false,"t_area":"short","t_frontage":"meets","front_ft":4.9,"side_ft":8.8,"rear_ft":15.1,"t_front":"short","t_side":"close","t_rear":"short","n_short":3,"measured":true},"geometry":{"type":"Polygon","coordinates":[[[-70.881578,42.545343],[-70.881536,42.54532],[-70.881759,42.545133],[-70.881919,42.545245],[-70.881717,42.54542],[-70.881578,42.545343]]]}},{"type":"Feature","properties":{"addr":"11 HIGHLAND AVE","units":3,"stories":1.0,"mbta":true,"lot_sf":7208,"req_lot_sf":6000,"frontage_ft":244.5,"req_side_ft":10,"over_unit_cap":false,"corner":false,"t_area":"meets","t_frontage":"meets","front_ft":8.7,"side_ft":23.1,"rear_ft":15.4,"t_front":"short","t_side":"meets","t_rear":"short","n_short":2,"measured":true},"geometry":{"type":"Polygon","coordinates":[[[-70.881497,42.545997],[-70.881675,42.545776],[-70.881915,42.545884],[-70.881855,42.546079],[-70.881497,42.545997]]]}},{"type":"Feature","properties":{"addr":"33 BOW ST","units":2,"stories":2.5,"mbta":true,"lot_sf":2613,"req_lot_sf":6000,"frontage_ft":38.3,"req_side_ft":10,"over_unit_cap":false,"corner":false,"t_area":"short","t_frontage":"short","front_ft":5.2,"side_ft":5.3,"rear_ft":9.7,"t_front":"short","t_side":"short","t_rear":"short","n_short":5,"measured":true},"geometry":{"type":"Polygon","coordinates":[[[-70.881626,42.548918],[-70.881617,42.548917],[-70.881622,42.548753],[-70.881782,42.548757],[-70.881775,42.548927],[-70.881626,42.548918]]]}},{"type":"Feature","properties":{"addr":"44H CHASE ST","units":2,"stories":2.0,"mbta":true,"lot_sf":4261,"req_lot_sf":6000,"frontage_ft":43.5,"req_side_ft":10,"over_unit_cap":false,"corner":false,"t_area":"short","t_frontage":"short","front_ft":3.5,"side_ft":0.0,"rear_ft":26.9,"t_front":"short","t_side":"short","t_rear":"meets","n_short":4,"measured":true},"geometry":{"type":"Polygon","coordinates":[[[-70.88147,42.553128],[-70.881519,42.553],[-70.881775,42.553059],[-70.881841,42.553074],[-70.881794,42.553194],[-70.88147,42.553128]]]}},{"type":"Feature","properties":{"addr":"12 HOME ST","units":2,"stories":3.0,"mbta":true,"lot_sf":2747,"req_lot_sf":6000,"frontage_ft":42.4,"req_side_ft":10,"over_unit_cap":false,"corner":false,"t_area":"short","t_frontage":"short","front_ft":4.2,"side_ft":4.1,"rear_ft":5.1,"t_front":"short","t_side":"short","t_rear":"short","n_short":5,"measured":true},"geometry":{"type":"Polygon","coordinates":[[[-70.881558,42.549066],[-70.881626,42.548918],[-70.881775,42.548927],[-70.881772,42.548985],[-70.881727,42.549101],[-70.881558,42.549066]]]}},{"type":"Feature","properties":{"addr":"36 WALLIS ST","units":4,"stories":1.0,"mbta":true,"lot_sf":5095,"req_lot_sf":6000,"frontage_ft":75.3,"req_side_ft":10,"over_unit_cap":false,"corner":false,"t_area":"short","t_frontage":"meets","front_ft":5.4,"side_ft":1.5,"rear_ft":3.8,"t_front":"short","t_side":"short","t_rear":"short","n_short":4,"measured":true},"geometry":{"type":"Polygon","coordinates":[[[-70.881541,42.547985],[-70.88165,42.547974],[-70.881824,42.547956],[-70.881832,42.548142],[-70.881535,42.548157],[-70.881541,42.547985]]]}},{"type":"Feature","properties":{"addr":"28 ARTHUR ST","units":3,"stories":1.0,"mbta":true,"lot_sf":4510,"req_lot_sf":6000,"frontage_ft":41.9,"req_side_ft":10,"over_unit_cap":false,"corner":false,"t_area":"short","t_frontage":"short","front_ft":4.4,"side_ft":0.3,"rear_ft":53.7,"t_front":"short","t_side":"short","t_rear":"meets","n_short":4,"measured":true},"geometry":{"type":"Polygon","coordinates":[[[-70.881505,42.551078],[-70.881614,42.550823],[-70.881776,42.550857],[-70.881671,42.551116],[-70.881505,42.551078]]]}},{"type":"Feature","properties":{"addr":"37 RAILROAD AVE","units":8,"stories":3.0,"mbta":true,"lot_sf":15187,"req_lot_sf":6000,"frontage_ft":160.5,"req_side_ft":10,"over_unit_cap":false,"corner":true,"t_area":"meets","t_frontage":"meets","front_ft":19.1,"side_ft":8.9,"rear_ft":11.9,"t_front":"meets","t_side":"close","t_rear":"short","n_short":1,"measured":true},"geometry":{"type":"Polygon","coordinates":[[[-70.881392,42.546958],[-70.881392,42.546958],[-70.881428,42.546772],[-70.881459,42.546649],[-70.882055,42.546758],[-70.882057,42.54684],[-70.881861,42.546894],[-70.881806,42.546944],[-70.881804,42.54699],[-70.881782,42.546991],[-70.881662,42.547002],[-70.881392,42.546958]]]}},{"type":"Feature","properties":{"addr":"46 CHASE ST","units":2,"stories":2.0,"mbta":true,"lot_sf":4472,"req_lot_sf":6000,"frontage_ft":44.3,"req_side_ft":10,"over_unit_cap":false,"corner":false,"t_area":"short","t_frontage":"short","front_ft":1.3,"side_ft":6.4,"rear_ft":44.2,"t_front":"short","t_side":"short","t_rear":"meets","n_short":4,"measured":true},"geometry":{"type":"Polygon","coordinates":[[[-70.88142,42.553258],[-70.88147,42.553128],[-70.881794,42.553194],[-70.881744,42.553324],[-70.88142,42.553258]]]}},{"type":"Feature","properties":{"addr":"32 RAILROAD AVE","units":15,"stories":4.0,"mbta":true,"lot_sf":6806,"req_lot_sf":6000,"frontage_ft":170.7,"req_side_ft":15,"over_unit_cap":true,"corner":false,"t_area":"meets","t_frontage":"meets","front_ft":0.0,"side_ft":19.7,"rear_ft":20.3,"t_front":"short","t_side":"meets","t_rear":"meets","n_short":1,"measured":true},"geometry":{"type":"Polygon","coordinates":[[[-70.88146,42.546513],[-70.881539,42.546286],[-70.881812,42.546286],[-70.88173,42.546558],[-70.88146,42.546513]]]}},{"type":"Feature","properties":{"addr":"34 FEDERAL ST","units":2,"stories":2.5,"mbta":true,"lot_sf":3699,"req_lot_sf":6000,"frontage_ft":119.3,"req_side_ft":10,"over_unit_cap":false,"corner":false,"t_area":"short","t_frontage":"meets","front_ft":2.2,"side_ft":9.1,"rear_ft":8.2,"t_front":"short","t_side":"close","t_rear":"short","n_short":3,"measured":true},"geometry":{"type":"Polygon","coordinates":[[[-70.881476,42.549686],[-70.881557,42.549488],[-70.881733,42.549528],[-70.881648,42.549726],[-70.881476,42.549686]]]}},{"type":"Feature","properties":{"addr":"35 POND ST","units":1,"stories":1.0,"mbta":true,"lot_sf":5264,"req_lot_sf":6000,"frontage_ft":46.0,"req_side_ft":10,"over_unit_cap":false,"corner":false,"t_area":"short","t_frontage":"short","front_ft":53.3,"side_ft":1.1,"rear_ft":0.5,"t_front":"meets","t_side":"short","t_rear":"short","n_short":4,"measured":true},"geometry":{"type":"Polygon","coordinates":[[[-70.881435,42.55078],[-70.881551,42.55051],[-70.881731,42.550552],[-70.881614,42.550823],[-70.881435,42.55078]]]}},{"type":"Feature","properties":{"addr":"32 ROUNDY ST","units":2,"stories":1.75,"mbta":true,"lot_sf":4449,"req_lot_sf":6000,"frontage_ft":134.7,"req_side_ft":10,"over_unit_cap":false,"corner":false,"t_area":"short","t_frontage":"meets","front_ft":7.0,"side_ft":7.3,"rear_ft":11.4,"t_front":"short","t_side":"close","t_rear":"short","n_short":3,"measured":true},"geometry":{"type":"Polygon","coordinates":[[[-70.88137,42.553387],[-70.88142,42.553258],[-70.881744,42.553324],[-70.881693,42.553454],[-70.88137,42.553387]]]}},{"type":"Feature","properties":{"addr":"3 ASHLAND ST","units":2,"stories":2.5,"mbta":true,"lot_sf":3766,"req_lot_sf":6000,"frontage_ft":36.3,"req_side_ft":10,"over_unit_cap":false,"corner":false,"t_area":"short","t_frontage":"short","front_ft":5.1,"side_ft":2.8,"rear_ft":3.7,"t_front":"short","t_side":"short","t_rear":"short","n_short":5,"measured":true},"geometry":{"type":"Polygon","coordinates":[[[-70.881557,42.549488],[-70.881395,42.549451],[-70.881442,42.549352],[-70.881635,42.549391],[-70.88178,42.54942],[-70.881733,42.549528],[-70.881557,42.549488]]]}},{"type":"Feature","properties":{"addr":"13 HOME ST","units":3,"stories":2.5,"mbta":true,"lot_sf":3985,"req_lot_sf":6000,"frontage_ft":49.7,"req_side_ft":10,"over_unit_cap":false,"corner":false,"t_area":"short","t_frontage":"close","front_ft":11.0,"side_ft":6.4,"rear_ft":12.3,"t_front":"short","t_side":"short","t_rear":"short","n_short":4,"measured":true},"geometry":{"type":"Polygon","coordinates":[[[-70.881442,42.549352],[-70.88146,42.549306],[-70.881518,42.549159],[-70.881713,42.549198],[-70.881635,42.549391],[-70.881442,42.549352]]]}},{"type":"Feature","properties":{"addr":"21 HIGHLAND AVE","units":3,"stories":2.0,"mbta":true,"lot_sf":7799,"req_lot_sf":6000,"frontage_ft":157.1,"req_side_ft":10,"over_unit_cap":false,"corner":false,"t_area":"meets","t_frontage":"meets","front_ft":8.7,"side_ft":0.6,"rear_ft":18.9,"t_front":"short","t_side":"short","t_rear":"close","n_short":2,"measured":true},"geometry":{"type":"Polygon","coordinates":[[[-70.881424,42.546066],[-70.881589,42.546107],[-70.881845,42.546174],[-70.881812,42.546286],[-70.881539,42.546286],[-70.881511,42.546287],[-70.881327,42.546292],[-70.881424,42.546066]]]}},{"type":"Feature","properties":{"addr":"29 WEST DANE ST","units":3,"stories":3.0,"mbta":true,"lot_sf":2882,"req_lot_sf":6000,"frontage_ft":113.3,"req_side_ft":10,"over_unit_cap":false,"corner":false,"t_area":"short","t_frontage":"meets","front_ft":1.8,"side_ft":8.0,"rear_ft":4.0,"t_front":"short","t_side":"close","t_rear":"short","n_short":3,"measured":true},"geometry":{"type":"Polygon","coordinates":[[[-70.881427,42.552321],[-70.88143,42.552195],[-70.881678,42.552198],[-70.881625,42.552334],[-70.881427,42.552321]]]}},{"type":"Feature","properties":{"addr":"35 WALLIS ST","units":1,"stories":2.0,"mbta":true,"lot_sf":4183,"req_lot_sf":6000,"frontage_ft":105.3,"req_side_ft":10,"over_unit_cap":false,"corner":false,"t_area":"short","t_frontage":"meets","front_ft":0.0,"side_ft":11.4,"rear_ft":5.0,"t_front":"short","t_side":"meets","t_rear":"short","n_short":3,"measured":true},"geometry":{"type":"Polygon","coordinates":[[[-70.881426,42.548433],[-70.881436,42.548399],[-70.881474,42.54825],[-70.881678,42.548244],[-70.881696,42.548426],[-70.881534,42.548418],[-70.88153,42.548439],[-70.881426,42.548433]]]}},{"type":"Feature","properties":{"addr":"33 FEDERAL ST","units":4,"stories":2.0,"mbta":true,"lot_sf":5117,"req_lot_sf":6000,"frontage_ft":50.4,"req_side_ft":10,"over_unit_cap":false,"corner":false,"t_area":"short","t_frontage":"meets","front_ft":10.9,"side_ft":0.0,"rear_ft":0.0,"t_front":"short","t_side":"short","t_rear":"short","n_short":4,"measured":true},"geometry":{"type":"Polygon","coordinates":[[[-70.881506,42.550101],[-70.881435,42.550084],[-70.88146,42.550019],[-70.881431,42.549978],[-70.881503,42.549816],[-70.881699,42.549861],[-70.881586,42.55012],[-70.881506,42.550101]]]}},{"type":"Feature","properties":{"addr":"27 VESTRY ST","units":1,"stories":1.0,"mbta":true,"lot_sf":6905,"req_lot_sf":6000,"frontage_ft":82.4,"req_side_ft":10,"over_unit_cap":false,"corner":false,"t_area":"meets","t_frontage":"meets","front_ft":3.9,"side_ft":11.5,"rear_ft":26.8,"t_front":"short","t_side":"meets","t_rear":"meets","n_short":1,"measured":true},"geometry":{"type":"Polygon","coordinates":[[[-70.881455,42.547026],[-70.881684,42.547062],[-70.881774,42.547068],[-70.881758,42.547238],[-70.88152,42.547247],[-70.88138,42.547299],[-70.881455,42.547026]]]}},{"type":"Feature","properties":{"addr":"34 POND ST","units":3,"stories":2.75,"mbta":true,"lot_sf":5951,"req_lot_sf":6000,"frontage_ft":53.2,"req_side_ft":10,"over_unit_cap":false,"corner":false,"t_area":"close","t_frontage":"meets","front_ft":6.3,"side_ft":0.7,"rear_ft":31.5,"t_front":"short","t_side":"short","t_rear":"meets","n_short":2,"measured":true},"geometry":{"type":"Polygon","coordinates":[[[-70.881385,42.55037],[-70.881506,42.550101],[-70.881586,42.55012],[-70.881709,42.550149],[-70.881591,42.550417],[-70.881385,42.55037]]]}},{"type":"Feature","properties":{"addr":"3 PHILLIPS ST","units":2,"stories":2.5,"mbta":true,"lot_sf":4119,"req_lot_sf":6000,"frontage_ft":43.4,"req_side_ft":10,"over_unit_cap":false,"corner":false,"t_area":"short","t_frontage":"short","front_ft":4.7,"side_ft":4.3,"rear_ft":4.2,"t_front":"short","t_side":"short","t_rear":"short","n_short":5,"measured":true},"geometry":{"type":"Polygon","coordinates":[[[-70.88143,42.545262],[-70.88142,42.545257],[-70.881526,42.54515],[-70.881592,42.545089],[-70.881661,42.545024],[-70.881707,42.545096],[-70.881759,42.545133],[-70.881536,42.54532],[-70.88143,42.545262]]]}},{"type":"Feature","properties":{"addr":"1 PHILLIPS ST","units":1,"stories":null,"mbta":true,"lot_sf":1592,"req_lot_sf":6000,"frontage_ft":64.4,"req_side_ft":10,"over_unit_cap":false,"corner":false,"t_area":"short","t_frontage":"meets","front_ft":null,"side_ft":null,"rear_ft":null,"t_front":null,"t_side":null,"t_rear":null,"n_short":1,"measured":false},"geometry":{"type":"Polygon","coordinates":[[[-70.881578,42.545035],[-70.88151,42.54498],[-70.881545,42.544925],[-70.881662,42.544839],[-70.881613,42.544948],[-70.881661,42.545024],[-70.881592,42.545089],[-70.881578,42.545035]]]}},{"type":"Feature","properties":{"addr":"8 HIGHLAND AVE","units":1,"stories":2.0,"mbta":true,"lot_sf":4103,"req_lot_sf":6000,"frontage_ft":46.3,"req_side_ft":10,"over_unit_cap":false,"corner":false,"t_area":"short","t_frontage":"short","front_ft":5.9,"side_ft":0.0,"rear_ft":29.9,"t_front":"short","t_side":"short","t_rear":"meets","n_short":4,"measured":true},"geometry":{"type":"Polygon","coordinates":[[[-70.881461,42.545554],[-70.881431,42.54554],[-70.881578,42.545343],[-70.881717,42.54542],[-70.881734,42.545429],[-70.881594,42.545613],[-70.881461,42.545554]]]}},{"type":"Feature","properties":{"addr":"31 BOW ST","units":2,"stories":3.0,"mbta":true,"lot_sf":2268,"req_lot_sf":6000,"frontage_ft":33.4,"req_side_ft":10,"over_unit_cap":false,"corner":false,"t_area":"short","t_frontage":"short","front_ft":4.7,"side_ft":4.0,"rear_ft":0.3,"t_front":"short","t_side":"short","t_rear":"short","n_short":5,"measured":true},"geometry":{"type":"Polygon","coordinates":[[[-70.881466,42.548899],[-70.881479,42.548749],[-70.881622,42.548753],[-70.881617,42.548917],[-70.881466,42.548899]]]}},{"type":"Feature","properties":{"addr":"26 JUDSON ST","units":1,"stories":1.75,"mbta":true,"lot_sf":3112,"req_lot_sf":6000,"frontage_ft":49.3,"req_side_ft":10,"over_unit_cap":false,"corner":false,"t_area":"short","t_frontage":"close","front_ft":3.9,"side_ft":3.7,"rear_ft":10.2,"t_front":"short","t_side":"short","t_rear":"short","n_short":4,"measured":true},"geometry":{"type":"Polygon","coordinates":[[[-70.881416,42.551929],[-70.881424,42.551838],[-70.881433,42.551749],[-70.881626,42.551792],[-70.881615,42.551912],[-70.881613,42.551933],[-70.881416,42.551929]]]}},{"type":"Feature","properties":{"addr":"25 JUDSON ST","units":2,"stories":2.75,"mbta":true,"lot_sf":4010,"req_lot_sf":6000,"frontage_ft":47.3,"req_side_ft":10,"over_unit_cap":false,"corner":false,"t_area":"short","t_frontage":"close","front_ft":0.2,"side_ft":3.7,"rear_ft":4.1,"t_front":"short","t_side":"short","t_rear":"short","n_short":4,"measured":true},"geometry":{"type":"Polygon","coordinates":[[[-70.881382,42.551623],[-70.881468,42.55142],[-70.881548,42.551438],[-70.881648,42.55146],[-70.881607,42.551565],[-70.881567,42.551665],[-70.881382,42.551623]]]}},{"type":"Feature","properties":{"addr":"30-32 WEST DANE ST","units":2,"stories":2.0,"mbta":true,"lot_sf":2757,"req_lot_sf":6000,"frontage_ft":48.0,"req_side_ft":10,"over_unit_cap":false,"corner":false,"t_area":"short","t_frontage":"close","front_ft":3.2,"side_ft":2.9,"rear_ft":10.6,"t_front":"short","t_side":"short","t_rear":"short","n_short":4,"measured":true},"geometry":{"type":"Polygon","coordinates":[[[-70.881403,42.552072],[-70.881416,42.551929],[-70.881613,42.551933],[-70.881599,42.552076],[-70.881403,42.552072]]]}},{"type":"Feature","properties":{"addr":"31 CHASE ST","units":1,"stories":2.0,"mbta":true,"lot_sf":1764,"req_lot_sf":6000,"frontage_ft":30.2,"req_side_ft":10,"over_unit_cap":false,"corner":false,"t_area":"short","t_frontage":"short","front_ft":1.3,"side_ft":0.8,"rear_ft":15.5,"t_front":"short","t_side":"short","t_rear":"short","n_short":5,"measured":true},"geometry":{"type":"Polygon","coordinates":[[[-70.881364,42.552377],[-70.881389,42.552329],[-70.881427,42.552328],[-70.881427,42.552321],[-70.881625,42.552334],[-70.881589,42.552426],[-70.881364,42.552377]]]}},{"type":"Feature","properties":{"addr":"29 ARTHUR ST","units":2,"stories":2.0,"mbta":true,"lot_sf":4088,"req_lot_sf":6000,"frontage_ft":43.2,"req_side_ft":10,"over_unit_cap":false,"corner":false,"t_area":"short","t_frontage":"short","front_ft":2.5,"side_ft":6.2,"rear_ft":30.5,"t_front":"short","t_side":"short","t_rear":"meets","n_short":4,"measured":true},"geometry":{"type":"Polygon","coordinates":[[[-70.881468,42.55142],[-70.881363,42.551396],[-70.881469,42.551185],[-70.881639,42.551224],[-70.881548,42.551438],[-70.881468,42.55142]]]}},{"type":"Feature","properties":{"addr":"27 BROADWAY","units":4,"stories":3.0,"mbta":true,"lot_sf":5827,"req_lot_sf":6000,"frontage_ft":51.0,"req_side_ft":10,"over_unit_cap":false,"corner":false,"t_area":"close","t_frontage":"meets","front_ft":17.2,"side_ft":2.5,"rear_ft":32.7,"t_front":"meets","t_side":"short","t_rear":"meets","n_short":1,"measured":true},"geometry":{"type":"Polygon","coordinates":[[[-70.881447,42.547956],[-70.881402,42.547702],[-70.881608,42.547685],[-70.88165,42.547974],[-70.881541,42.547985],[-70.881453,42.547994],[-70.881447,42.547956]]]}},{"type":"Feature","properties":{"addr":"36 BOW ST","units":3,"stories":2.75,"mbta":true,"lot_sf":7526,"req_lot_sf":6000,"frontage_ft":90.9,"req_side_ft":10,"over_unit_cap":false,"corner":false,"t_area":"meets","t_frontage":"meets","front_ft":13.1,"side_ft":11.8,"rear_ft":34.3,"t_front":"close","t_side":"meets","t_rear":"meets","n_short":0,"measured":true},"geometry":{"type":"Polygon","coordinates":[[[-70.881341,42.548641],[-70.881349,42.548429],[-70.881426,42.548433],[-70.88153,42.548439],[-70.881534,42.548418],[-70.881696,42.548426],[-70.881696,42.548652],[-70.881341,42.548641]]]}},{"type":"Feature","properties":{"addr":"10 HOME ST","units":2,"stories":2.0,"mbta":true,"lot_sf":2678,"req_lot_sf":6000,"frontage_ft":42.6,"req_side_ft":10,"over_unit_cap":false,"corner":false,"t_area":"short","t_frontage":"short","front_ft":0.5,"side_ft":6.6,"rear_ft":3.3,"t_front":"short","t_side":"short","t_rear":"short","n_short":5,"measured":true},"geometry":{"type":"Polygon","coordinates":[[[-70.881388,42.549031],[-70.881435,42.548896],[-70.881466,42.548899],[-70.881617,42.548917],[-70.881626,42.548918],[-70.881558,42.549066],[-70.881388,42.549031]]]}},{"type":"Feature","properties":{"addr":"26 ARTHUR ST","units":3,"stories":2.5,"mbta":true,"lot_sf":4981,"req_lot_sf":6000,"frontage_ft":46.1,"req_side_ft":10,"over_unit_cap":false,"corner":false,"t_area":"short","t_frontage":"short","front_ft":4.4,"side_ft":1.8,"rear_ft":42.2,"t_front":"short","t_side":"short","t_rear":"meets","n_short":4,"measured":true},"geometry":{"type":"Polygon","coordinates":[[[-70.881324,42.551037],[-70.881435,42.55078],[-70.881614,42.550823],[-70.881505,42.551078],[-70.881324,42.551037]]]}},{"type":"Feature","properties":{"addr":"9 HIGHLAND AVE","units":1,"stories":2.0,"mbta":true,"lot_sf":5302,"req_lot_sf":6000,"frontage_ft":51.7,"req_side_ft":10,"over_unit_cap":false,"corner":true,"t_area":"short","t_frontage":"meets","front_ft":7.9,"side_ft":0.0,"rear_ft":32.7,"t_front":"short","t_side":"short","t_rear":"meets","n_short":3,"measured":true},"geometry":{"type":"Polygon","coordinates":[[[-70.881312,42.545955],[-70.881299,42.545947],[-70.881513,42.545704],[-70.881675,42.545776],[-70.881497,42.545997],[-70.881312,42.545955]]]}},{"type":"Feature","properties":{"addr":"32 FEDERAL ST","units":2,"stories":2.5,"mbta":true,"lot_sf":3431,"req_lot_sf":6000,"frontage_ft":39.8,"req_side_ft":10,"over_unit_cap":false,"corner":false,"t_area":"short","t_frontage":"short","front_ft":2.0,"side_ft":6.4,"rear_ft":23.1,"t_front":"short","t_side":"short","t_rear":"meets","n_short":4,"measured":true},"geometry":{"type":"Polygon","coordinates":[[[-70.881317,42.549651],[-70.881395,42.549451],[-70.881557,42.549488],[-70.881476,42.549686],[-70.881317,42.549651]]]}},{"type":"Feature","properties":{"addr":"33 CHASE ST","units":2,"stories":2.0,"mbta":true,"lot_sf":5237,"req_lot_sf":6000,"frontage_ft":48.2,"req_side_ft":10,"over_unit_cap":false,"corner":false,"t_area":"short","t_frontage":"close","front_ft":5.9,"side_ft":5.4,"rear_ft":19.8,"t_front":"short","t_side":"short","t_rear":"close","n_short":3,"measured":true},"geometry":{"type":"Polygon","coordinates":[[[-70.881186,42.552492],[-70.881187,42.552488],[-70.881237,42.55235],[-70.881364,42.552377],[-70.881589,42.552426],[-70.881533,42.552566],[-70.881186,42.552492]]]}},{"type":"Feature","properties":{"addr":"29 BOW ST","units":3,"stories":3.0,"mbta":true,"lot_sf":1816,"req_lot_sf":6000,"frontage_ft":31.4,"req_side_ft":10,"over_unit_cap":false,"corner":false,"t_area":"short","t_frontage":"short","front_ft":1.2,"side_ft":1.7,"rear_ft":8.4,"t_front":"short","t_side":"short","t_rear":"short","n_short":5,"measured":true},"geometry":{"type":"Polygon","coordinates":[[[-70.881435,42.548896],[-70.881344,42.548882],[-70.881345,42.548747],[-70.881479,42.548749],[-70.881466,42.548899],[-70.881435,42.548896]]]}},{"type":"Feature","properties":{"addr":"11 HOME ST","units":3,"stories":2.5,"mbta":true,"lot_sf":2705,"req_lot_sf":6000,"frontage_ft":44.1,"req_side_ft":10,"over_unit_cap":false,"corner":false,"t_area":"short","t_frontage":"short","front_ft":10.2,"side_ft":0.0,"rear_ft":7.2,"t_front":"short","t_side":"short","t_rear":"short","n_short":5,"measured":true},"geometry":{"type":"Polygon","coordinates":[[[-70.881288,42.549271],[-70.881342,42.549124],[-70.881518,42.549159],[-70.88146,42.549306],[-70.881288,42.549271]]]}},{"type":"Feature","properties":{"addr":"33 POND ST","units":2,"stories":1.75,"mbta":true,"lot_sf":6212,"req_lot_sf":6000,"frontage_ft":54.4,"req_side_ft":10,"over_unit_cap":false,"corner":false,"t_area":"meets","t_frontage":"meets","front_ft":3.5,"side_ft":2.9,"rear_ft":30.6,"t_front":"short","t_side":"short","t_rear":"meets","n_short":2,"measured":true},"geometry":{"type":"Polygon","coordinates":[[[-70.881219,42.550734],[-70.881248,42.55067],[-70.881341,42.550461],[-70.881551,42.55051],[-70.881435,42.55078],[-70.881219,42.550734]]]}},{"type":"Feature","properties":{"addr":"26 BROADWAY","units":4,"stories":2.0,"mbta":true,"lot_sf":7331,"req_lot_sf":6000,"frontage_ft":65.6,"req_side_ft":10,"over_unit_cap":false,"corner":false,"t_area":"meets","t_frontage":"meets","front_ft":14.5,"side_ft":2.4,"rear_ft":11.6,"t_front":"close","t_side":"short","t_rear":"short","n_short":2,"measured":true},"geometry":{"type":"Polygon","coordinates":[[[-70.881231,42.547281],[-70.88138,42.547299],[-70.88152,42.547247],[-70.881571,42.547536],[-70.881311,42.54756],[-70.881231,42.547281]]]}},{"type":"Feature","properties":{"addr":"32 POND ST","units":2,"stories":2.0,"mbta":true,"lot_sf":3578,"req_lot_sf":6000,"frontage_ft":28.4,"req_side_ft":10,"over_unit_cap":false,"corner":false,"t_area":"short","t_frontage":"short","front_ft":49.4,"side_ft":1.4,"rear_ft":5.6,"t_front":"meets","t_side":"short","t_rear":"short","n_short":4,"measured":true},"geometry":{"type":"Polygon","coordinates":[[[-70.881267,42.550344],[-70.88138,42.550071],[-70.881435,42.550084],[-70.881506,42.550101],[-70.881385,42.55037],[-70.881267,42.550344]]]}},{"type":"Feature","properties":{"addr":"6 HIGHLAND AVE","units":1,"stories":2.0,"mbta":true,"lot_sf":4199,"req_lot_sf":6000,"frontage_ft":45.5,"req_side_ft":10,"over_unit_cap":false,"corner":false,"t_area":"short","t_frontage":"short","front_ft":7.9,"side_ft":2.3,"rear_ft":31.5,"t_front":"short","t_side":"short","t_rear":"meets","n_short":4,"measured":true},"geometry":{"type":"Polygon","coordinates":[[[-70.881271,42.545469],[-70.88143,42.545262],[-70.881536,42.54532],[-70.881578,42.545343],[-70.881431,42.54554],[-70.881271,42.545469]]]}},{"type":"Feature","properties":{"addr":"30 WALLIS ST","units":4,"stories":2.0,"mbta":true,"lot_sf":4826,"req_lot_sf":6000,"frontage_ft":69.4,"req_side_ft":10,"over_unit_cap":false,"corner":false,"t_area":"short","t_frontage":"meets","front_ft":1.1,"side_ft":8.0,"rear_ft":7.9,"t_front":"short","t_side":"close","t_rear":"short","n_short":3,"measured":true},"geometry":{"type":"Polygon","coordinates":[[[-70.881261,42.548156],[-70.881278,42.548024],[-70.881284,42.547982],[-70.881447,42.547956],[-70.881453,42.547994],[-70.881541,42.547985],[-70.881535,42.548157],[-70.881363,42.548165],[-70.881261,42.548156]]]}},{"type":"Feature","properties":{"addr":"31 FEDERAL ST","units":2,"stories":2.0,"mbta":true,"lot_sf":4995,"req_lot_sf":6000,"frontage_ft":141.8,"req_side_ft":10,"over_unit_cap":false,"corner":false,"t_area":"short","t_frontage":"meets","front_ft":0.0,"side_ft":18.3,"rear_ft":18.5,"t_front":"short","t_side":"meets","t_rear":"close","n_short":2,"measured":true},"geometry":{"type":"Polygon","coordinates":[[[-70.88138,42.550071],[-70.881229,42.550036],[-70.881332,42.549777],[-70.881503,42.549816],[-70.881431,42.549978],[-70.88146,42.550019],[-70.881435,42.550084],[-70.88138,42.550071]]]}},{"type":"Feature","properties":{"addr":"30 RAILROAD AVE","units":3,"stories":3.0,"mbta":true,"lot_sf":4368,"req_lot_sf":6000,"frontage_ft":53.9,"req_side_ft":10,"over_unit_cap":false,"corner":false,"t_area":"short","t_frontage":"meets","front_ft":0.3,"side_ft":3.1,"rear_ft":14.9,"t_front":"short","t_side":"short","t_rear":"short","n_short":4,"measured":true},"geometry":{"type":"Polygon","coordinates":[[[-70.881249,42.546473],[-70.881327,42.546292],[-70.881511,42.546287],[-70.881539,42.546286],[-70.88146,42.546513],[-70.881249,42.546473]]]}},{"type":"Feature","properties":{"addr":"27 WEST DANE ST","units":3,"stories":2.5,"mbta":true,"lot_sf":2602,"req_lot_sf":6000,"frontage_ft":32.0,"req_side_ft":10,"over_unit_cap":false,"corner":false,"t_area":"short","t_frontage":"short","front_ft":1.2,"side_ft":0.0,"rear_ft":4.7,"t_front":"short","t_side":"short","t_rear":"short","n_short":5,"measured":true},"geometry":{"type":"Polygon","coordinates":[[[-70.881237,42.55235],[-70.881293,42.552193],[-70.88143,42.552195],[-70.881427,42.552321],[-70.881427,42.552328],[-70.881389,42.552329],[-70.881364,42.552377],[-70.881237,42.55235]]]}},{"type":"Feature","properties":{"addr":"35 CHASE ST","units":3,"stories":2.75,"mbta":true,"lot_sf":4918,"req_lot_sf":6000,"frontage_ft":47.0,"req_side_ft":10,"over_unit_cap":false,"corner":false,"t_area":"short","t_frontage":"close","front_ft":6.7,"side_ft":7.2,"rear_ft":39.8,"t_front":"short","t_side":"close","t_rear":"meets","n_short":2,"measured":true},"geometry":{"type":"Polygon","coordinates":[[[-70.881139,42.552624],[-70.881186,42.552492],[-70.881533,42.552566],[-70.88148,42.552703],[-70.881139,42.552624]]]}},{"type":"Feature","properties":{"addr":"24 JUDSON ST","units":1,"stories":2.0,"mbta":true,"lot_sf":1769,"req_lot_sf":6000,"frontage_ft":41.8,"req_side_ft":10,"over_unit_cap":false,"corner":false,"t_area":"short","t_frontage":"short","front_ft":3.0,"side_ft":3.7,"rear_ft":4.6,"t_front":"short","t_side":"short","t_rear":"short","n_short":5,"measured":true},"geometry":{"type":"Polygon","coordinates":[[[-70.881253,42.551834],[-70.881266,42.551712],[-70.881433,42.551749],[-70.881424,42.551838],[-70.881253,42.551834]]]}},{"type":"Feature","properties":{"addr":"23 JUDSON ST","units":1,"stories":2.0,"mbta":true,"lot_sf":3840,"req_lot_sf":6000,"frontage_ft":44.4,"req_side_ft":10,"over_unit_cap":false,"corner":false,"t_area":"short","t_frontage":"short","front_ft":2.1,"side_ft":4.0,"rear_ft":27.9,"t_front":"short","t_side":"short","t_rear":"meets","n_short":4,"measured":true},"geometry":{"type":"Polygon","coordinates":[[[-70.881207,42.551584],[-70.881292,42.55138],[-70.881363,42.551396],[-70.881468,42.55142],[-70.881382,42.551623],[-70.881207,42.551584]]]}},{"type":"Feature","properties":{"addr":"29 RAILROAD AVE","units":3,"stories":2.0,"mbta":true,"lot_sf":1790,"req_lot_sf":6000,"frontage_ft":33.0,"req_side_ft":10,"over_unit_cap":false,"corner":false,"t_area":"short","t_frontage":"short","front_ft":2.5,"side_ft":2.5,"rear_ft":3.9,"t_front":"short","t_side":"short","t_rear":"short","n_short":5,"measured":true},"geometry":{"type":"Polygon","coordinates":[[[-70.881291,42.546757],[-70.881323,42.546623],[-70.881459,42.546649],[-70.881428,42.546772],[-70.881291,42.546757]]]}},{"type":"Feature","properties":{"addr":"28 WEST DANE ST","units":3,"stories":2.75,"mbta":true,"lot_sf":3983,"req_lot_sf":6000,"frontage_ft":42.1,"req_side_ft":10,"over_unit_cap":false,"corner":false,"t_area":"short","t_frontage":"short","front_ft":2.4,"side_ft":1.0,"rear_ft":15.2,"t_front":"short","t_side":"short","t_rear":"short","n_short":5,"measured":true},"geometry":{"type":"Polygon","coordinates":[[[-70.881228,42.552069],[-70.881245,42.551908],[-70.881253,42.551834],[-70.881424,42.551838],[-70.881416,42.551929],[-70.881403,42.552072],[-70.881228,42.552069]]]}},{"type":"Feature","properties":{"addr":"27 ARTHUR ST","units":3,"stories":2.75,"mbta":true,"lot_sf":4101,"req_lot_sf":6000,"frontage_ft":46.5,"req_side_ft":10,"over_unit_cap":false,"corner":false,"t_area":"short","t_frontage":"short","front_ft":6.3,"side_ft":5.5,"rear_ft":36.0,"t_front":"short","t_side":"short","t_rear":"meets","n_short":4,"measured":true},"geometry":{"type":"Polygon","coordinates":[[[-70.881292,42.55138],[-70.881191,42.551358],[-70.881287,42.551144],[-70.881469,42.551185],[-70.881363,42.551396],[-70.881292,42.55138]]]}},{"type":"Feature","properties":{"addr":"31 WALLIS ST","units":2,"stories":1.5,"mbta":true,"lot_sf":2916,"req_lot_sf":6000,"frontage_ft":98.9,"req_side_ft":10,"over_unit_cap":false,"corner":false,"t_area":"short","t_frontage":"meets","front_ft":1.4,"side_ft":2.2,"rear_ft":1.9,"t_front":"short","t_side":"short","t_rear":"short","n_short":4,"measured":true},"geometry":{"type":"Polygon","coordinates":[[[-70.881349,42.548429],[-70.88125,42.548423],[-70.881274,42.548246],[-70.88141,42.548257],[-70.881445,42.548256],[-70.881415,42.548396],[-70.881436,42.548399],[-70.881426,42.548433],[-70.881349,42.548429]]]}},{"type":"Feature","properties":{"addr":"8 HOME ST","units":1,"stories":1.75,"mbta":true,"lot_sf":2284,"req_lot_sf":6000,"frontage_ft":40.4,"req_side_ft":10,"over_unit_cap":false,"corner":false,"t_area":"short","t_frontage":"short","front_ft":4.4,"side_ft":0.8,"rear_ft":1.7,"t_front":"short","t_side":"short","t_rear":"short","n_short":5,"measured":true},"geometry":{"type":"Polygon","coordinates":[[[-70.881226,42.548998],[-70.881259,42.548873],[-70.881344,42.548882],[-70.881435,42.548896],[-70.881388,42.549031],[-70.881226,42.548998]]]}},{"type":"Feature","properties":{"addr":"25 VESTRY ST","units":2,"stories":2.5,"mbta":true,"lot_sf":4436,"req_lot_sf":6000,"frontage_ft":40.9,"req_side_ft":10,"over_unit_cap":false,"corner":false,"t_area":"short","t_frontage":"short","front_ft":21.0,"side_ft":1.0,"rear_ft":8.2,"t_front":"meets","t_side":"short","t_rear":"short","n_short":4,"measured":true},"geometry":{"type":"Polygon","coordinates":[[[-70.881231,42.547281],[-70.881265,42.547116],[-70.881289,42.546999],[-70.881455,42.547026],[-70.88138,42.547299],[-70.881231,42.547281]]]}},{"type":"Feature","properties":{"addr":"37 CHASE ST","units":3,"stories":2.75,"mbta":true,"lot_sf":4908,"req_lot_sf":6000,"frontage_ft":43.7,"req_side_ft":10,"over_unit_cap":false,"corner":false,"t_area":"short","t_frontage":"short","front_ft":7.6,"side_ft":6.6,"rear_ft":49.7,"t_front":"short","t_side":"short","t_rear":"meets","n_short":4,"measured":true},"geometry":{"type":"Polygon","coordinates":[[[-70.881078,42.552751],[-70.881123,42.552618],[-70.881139,42.552624],[-70.88148,42.552703],[-70.881432,42.552832],[-70.881078,42.552751]]]}},{"type":"Feature","properties":{"addr":"30 FEDERAL ST","units":2,"stories":2.5,"mbta":true,"lot_sf":6125,"req_lot_sf":6000,"frontage_ft":41.8,"req_side_ft":10,"over_unit_cap":false,"corner":false,"t_area":"meets","t_frontage":"short","front_ft":2.9,"side_ft":0.0,"rear_ft":32.7,"t_front":"short","t_side":"short","t_rear":"meets","n_short":3,"measured":true},"geometry":{"type":"Polygon","coordinates":[[[-70.881151,42.549613],[-70.881288,42.549271],[-70.88146,42.549306],[-70.881442,42.549352],[-70.881395,42.549451],[-70.881317,42.549651],[-70.881151,42.549613]]]}},{"type":"Feature","properties":{"addr":"24 ARTHUR ST","units":3,"stories":1.0,"mbta":true,"lot_sf":5964,"req_lot_sf":6000,"frontage_ft":56.3,"req_side_ft":10,"over_unit_cap":false,"corner":false,"t_area":"close","t_frontage":"meets","front_ft":4.2,"side_ft":1.0,"rear_ft":4.4,"t_front":"short","t_side":"short","t_rear":"short","n_short":3,"measured":true},"geometry":{"type":"Polygon","coordinates":[[[-70.881106,42.550989],[-70.881159,42.550868],[-70.881219,42.550734],[-70.881435,42.55078],[-70.881324,42.551037],[-70.881106,42.550989]]]}},{"type":"Feature","properties":{"addr":"25 BROADWAY","units":5,"stories":2.5,"mbta":true,"lot_sf":7116,"req_lot_sf":6000,"frontage_ft":64.6,"req_side_ft":10,"over_unit_cap":false,"corner":false,"t_area":"meets","t_frontage":"meets","front_ft":19.5,"side_ft":4.1,"rear_ft":18.1,"t_front":"meets","t_side":"short","t_rear":"close","n_short":1,"measured":true},"geometry":{"type":"Polygon","coordinates":[[[-70.88119,42.548018],[-70.881145,42.547723],[-70.881402,42.547702],[-70.881447,42.547956],[-70.881284,42.547982],[-70.881278,42.548024],[-70.88119,42.548018]]]}},{"type":"Feature","properties":{"addr":"39 CHASE ST","units":2,"stories":2.0,"mbta":true,"lot_sf":4825,"req_lot_sf":6000,"frontage_ft":43.5,"req_side_ft":10,"over_unit_cap":false,"corner":false,"t_area":"short","t_frontage":"short","front_ft":7.5,"side_ft":4.0,"rear_ft":55.0,"t_front":"short","t_side":"short","t_rear":"meets","n_short":4,"measured":true},"geometry":{"type":"Polygon","coordinates":[[[-70.881024,42.552874],[-70.881078,42.552751],[-70.881432,42.552832],[-70.881385,42.55296],[-70.881024,42.552874]]]}},{"type":"Feature","properties":{"addr":"24 VESTRY ST","units":2,"stories":2.0,"mbta":true,"lot_sf":4933,"req_lot_sf":6000,"frontage_ft":71.1,"req_side_ft":10,"over_unit_cap":false,"corner":false,"t_area":"short","t_frontage":"meets","front_ft":7.0,"side_ft":5.8,"rear_ft":17.0,"t_front":"short","t_side":"short","t_rear":"short","n_short":4,"measured":true},"geometry":{"type":"Polygon","coordinates":[[[-70.881117,42.546913],[-70.881156,42.546742],[-70.881291,42.546757],[-70.881428,42.546772],[-70.881392,42.546958],[-70.881392,42.546958],[-70.881117,42.546913]]]}},{"type":"Feature","properties":{"addr":"30 POND ST","units":3,"stories":2.5,"mbta":true,"lot_sf":4551,"req_lot_sf":6000,"frontage_ft":144.2,"req_side_ft":10,"over_unit_cap":false,"corner":false,"t_area":"short","t_frontage":"meets","front_ft":0.0,"side_ft":20.2,"rear_ft":14.1,"t_front":"short","t_side":"meets","t_rear":"short","n_short":3,"measured":true},"geometry":{"type":"Polygon","coordinates":[[[-70.881108,42.550308],[-70.881229,42.550036],[-70.88138,42.550071],[-70.881267,42.550344],[-70.881108,42.550308]]]}},{"type":"Feature","properties":{"addr":"7 HIGHLAND AVE","units":8,"stories":2.0,"mbta":true,"lot_sf":8098,"req_lot_sf":6000,"frontage_ft":78.0,"req_side_ft":10,"over_unit_cap":false,"corner":true,"t_area":"meets","t_frontage":"meets","front_ft":18.8,"side_ft":11.8,"rear_ft":10.4,"t_front":"meets","t_side":"meets","t_rear":"short","n_short":1,"measured":true},"geometry":{"type":"Polygon","coordinates":[[[-70.881192,42.545881],[-70.881071,42.545806],[-70.881252,42.545585],[-70.881513,42.545704],[-70.881299,42.545947],[-70.881192,42.545881]]]}},{"type":"Feature","properties":{"addr":"47 CHASE ST","units":1,"stories":1.75,"mbta":true,"lot_sf":4309,"req_lot_sf":6000,"frontage_ft":138.9,"req_side_ft":10,"over_unit_cap":false,"corner":false,"t_area":"short","t_frontage":"meets","front_ft":5.4,"side_ft":14.0,"rear_ft":5.1,"t_front":"short","t_side":"meets","t_rear":"short","n_short":3,"measured":true},"geometry":{"type":"Polygon","coordinates":[[[-70.881083,42.55332],[-70.881186,42.553056],[-70.881337,42.553088],[-70.881239,42.553352],[-70.881083,42.55332]]]}},{"type":"Feature","properties":{"addr":"3-5 HIGHLAND TERR","units":3,"stories":2.0,"mbta":true,"lot_sf":5250,"req_lot_sf":6000,"frontage_ft":42.5,"req_side_ft":10,"over_unit_cap":false,"corner":false,"t_area":"short","t_frontage":"short","front_ft":12.5,"side_ft":3.9,"rear_ft":27.3,"t_front":"close","t_side":"short","t_rear":"meets","n_short":3,"measured":true},"geometry":{"type":"Polygon","coordinates":[[[-70.881089,42.546251],[-70.881258,42.546024],[-70.881424,42.546066],[-70.881327,42.546292],[-70.881243,42.546295],[-70.881089,42.546251]]]}},{"type":"Feature","properties":{"addr":"32 BOW ST","units":3,"stories":2.5,"mbta":true,"lot_sf":4199,"req_lot_sf":6000,"frontage_ft":54.8,"req_side_ft":10,"over_unit_cap":false,"corner":false,"t_area":"short","t_frontage":"meets","front_ft":14.4,"side_ft":0.0,"rear_ft":9.2,"t_front":"close","t_side":"short","t_rear":"short","n_short":3,"measured":true},"geometry":{"type":"Polygon","coordinates":[[[-70.881119,42.548635],[-70.881165,42.548453],[-70.881177,42.548419],[-70.88125,42.548423],[-70.881349,42.548429],[-70.881341,42.548641],[-70.881119,42.548635]]]}},{"type":"Feature","properties":{"addr":"4 HIGHLAND AVE","units":3,"stories":2.0,"mbta":true,"lot_sf":4567,"req_lot_sf":6000,"frontage_ft":46.9,"req_side_ft":10,"over_unit_cap":false,"corner":false,"t_area":"short","t_frontage":"short","front_ft":9.2,"side_ft":0.6,"rear_ft":17.2,"t_front":"short","t_side":"short","t_rear":"close","n_short":4,"measured":true},"geometry":{"type":"Polygon","coordinates":[[[-70.881106,42.545395],[-70.881279,42.545179],[-70.88142,42.545257],[-70.88143,42.545262],[-70.881271,42.545469],[-70.881106,42.545395]]]}},{"type":"Feature","properties":{"addr":"9 HOME ST","units":3,"stories":2.75,"mbta":true,"lot_sf":2673,"req_lot_sf":6000,"frontage_ft":42.7,"req_side_ft":10,"over_unit_cap":false,"corner":false,"t_area":"short","t_frontage":"short","front_ft":6.8,"side_ft":0.0,"rear_ft":0.9,"t_front":"short","t_side":"short","t_rear":"short","n_short":5,"measured":true},"geometry":{"type":"Polygon","coordinates":[[[-70.881126,42.549239],[-70.881114,42.549236],[-70.881171,42.54909],[-70.881342,42.549124],[-70.881288,42.549271],[-70.881126,42.549239]]]}},{"type":"Feature","properties":{"addr":"41 CHASE ST","units":2,"stories":2.5,"mbta":true,"lot_sf":5064,"req_lot_sf":6000,"frontage_ft":43.3,"req_side_ft":10,"over_unit_cap":false,"corner":false,"t_area":"short","t_frontage":"short","front_ft":5.0,"side_ft":1.7,"rear_ft":2.0,"t_front":"short","t_side":"short","t_rear":"short","n_short":5,"measured":true},"geometry":{"type":"Polygon","coordinates":[[[-70.881186,42.553056],[-70.881001,42.553022],[-70.880985,42.553018],[-70.881024,42.552874],[-70.881385,42.55296],[-70.881337,42.553088],[-70.881186,42.553056]]]}},{"type":"Feature","properties":{"addr":"2 HOME ST","units":3,"stories":2.5,"mbta":true,"lot_sf":3420,"req_lot_sf":6000,"frontage_ft":110.5,"req_side_ft":10,"over_unit_cap":false,"corner":false,"t_area":"short","t_frontage":"meets","front_ft":2.2,"side_ft":9.0,"rear_ft":14.1,"t_front":"short","t_side":"close","t_rear":"short","n_short":3,"measured":true},"geometry":{"type":"Polygon","coordinates":[[[-70.881259,42.548873],[-70.88106,42.548851],[-70.881069,42.548739],[-70.881345,42.548747],[-70.881344,42.548882],[-70.881259,42.548873]]]}},{"type":"Feature","properties":{"addr":"21 JUDSON ST","units":1,"stories":2.0,"mbta":true,"lot_sf":3464,"req_lot_sf":6000,"frontage_ft":39.8,"req_side_ft":10,"over_unit_cap":false,"corner":false,"t_area":"short","t_frontage":"short","front_ft":0.0,"side_ft":0.0,"rear_ft":29.1,"t_front":"short","t_side":"short","t_rear":"meets","n_short":4,"measured":true},"geometry":{"type":"Polygon","coordinates":[[[-70.881048,42.551548],[-70.881133,42.551345],[-70.881191,42.551358],[-70.881292,42.55138],[-70.881207,42.551584],[-70.881048,42.551548]]]}},{"type":"Feature","properties":{"addr":"22 JUDSON ST","units":2,"stories":2.0,"mbta":true,"lot_sf":3655,"req_lot_sf":6000,"frontage_ft":44.6,"req_side_ft":10,"over_unit_cap":false,"corner":false,"t_area":"short","t_frontage":"short","front_ft":1.7,"side_ft":0.0,"rear_ft":10.2,"t_front":"short","t_side":"short","t_rear":"short","n_short":5,"measured":true},"geometry":{"type":"Polygon","coordinates":[[[-70.881065,42.551888],[-70.881072,42.551826],[-70.88109,42.551673],[-70.881266,42.551712],[-70.881253,42.551834],[-70.881245,42.551908],[-70.881065,42.551888]]]}},{"type":"Feature","properties":{"addr":"25 RAILROAD AVE","units":1,"stories":2.5,"mbta":true,"lot_sf":2653,"req_lot_sf":6000,"frontage_ft":46.9,"req_side_ft":10,"over_unit_cap":false,"corner":false,"t_area":"short","t_frontage":"short","front_ft":4.9,"side_ft":0.7,"rear_ft":12.0,"t_front":"short","t_side":"short","t_rear":"short","n_short":5,"measured":true},"geometry":{"type":"Polygon","coordinates":[[[-70.881156,42.546742],[-70.881104,42.546736],[-70.881136,42.546589],[-70.881323,42.546623],[-70.881291,42.546757],[-70.881156,42.546742]]]}},{"type":"Feature","properties":{"addr":"29 WALLIS ST","units":2,"stories":2.5,"mbta":true,"lot_sf":2710,"req_lot_sf":6000,"frontage_ft":33.0,"req_side_ft":10,"over_unit_cap":false,"corner":false,"t_area":"short","t_frontage":"short","front_ft":0.0,"side_ft":2.8,"rear_ft":23.1,"t_front":"short","t_side":"short","t_rear":"meets","n_short":4,"measured":true},"geometry":{"type":"Polygon","coordinates":[[[-70.881104,42.548445],[-70.881134,42.548234],[-70.881274,42.548246],[-70.88125,42.548423],[-70.881177,42.548419],[-70.881165,42.548453],[-70.881104,42.548445]]]}},{"type":"Feature","properties":{"addr":"25 WEST DANE ST","units":2,"stories":2.0,"mbta":true,"lot_sf":5619,"req_lot_sf":6000,"frontage_ft":54.8,"req_side_ft":10,"over_unit_cap":false,"corner":false,"t_area":"short","t_frontage":"meets","front_ft":2.1,"side_ft":6.7,"rear_ft":7.0,"t_front":"short","t_side":"short","t_rear":"short","n_short":4,"measured":true},"geometry":{"type":"Polygon","coordinates":[[[-70.881024,42.552482],[-70.881026,42.552468],[-70.881039,42.552373],[-70.881071,42.55219],[-70.881293,42.552193],[-70.881237,42.55235],[-70.881187,42.552488],[-70.881024,42.552482]]]}},{"type":"Feature","properties":{"addr":"10 MULBERRY ST","units":3,"stories":3.0,"mbta":true,"lot_sf":6101,"req_lot_sf":6000,"frontage_ft":150.7,"req_side_ft":10,"over_unit_cap":false,"corner":false,"t_area":"meets","t_frontage":"meets","front_ft":0.5,"side_ft":20.8,"rear_ft":13.6,"t_front":"short","t_side":"meets","t_rear":"short","n_short":2,"measured":true},"geometry":{"type":"Polygon","coordinates":[[[-70.880978,42.550603],[-70.881067,42.550398],[-70.881341,42.550461],[-70.881248,42.55067],[-70.880978,42.550603]]]}},{"type":"Feature","properties":{"addr":"26 WEST DANE ST","units":3,"stories":2.5,"mbta":true,"lot_sf":3019,"req_lot_sf":6000,"frontage_ft":44.3,"req_side_ft":10,"over_unit_cap":false,"corner":false,"t_area":"short","t_frontage":"short","front_ft":1.8,"side_ft":0.0,"rear_ft":13.0,"t_front":"short","t_side":"short","t_rear":"short","n_short":5,"measured":true},"geometry":{"type":"Polygon","coordinates":[[[-70.881045,42.552064],[-70.881065,42.551888],[-70.881245,42.551908],[-70.881228,42.552069],[-70.881045,42.552064]]]}},{"type":"Feature","properties":{"addr":"25 ARTHUR ST","units":3,"stories":1.0,"mbta":true,"lot_sf":4784,"req_lot_sf":6000,"frontage_ft":52.6,"req_side_ft":10,"over_unit_cap":false,"corner":false,"t_area":"short","t_frontage":"meets","front_ft":13.1,"side_ft":4.8,"rear_ft":17.7,"t_front":"close","t_side":"short","t_rear":"close","n_short":2,"measured":true},"geometry":{"type":"Polygon","coordinates":[[[-70.881133,42.551345],[-70.880982,42.551311],[-70.881022,42.551225],[-70.881083,42.551097],[-70.881287,42.551144],[-70.881191,42.551358],[-70.881133,42.551345]]]}},{"type":"Feature","properties":{"addr":"28 RAILROAD AVE","units":6,"stories":3.0,"mbta":true,"lot_sf":4024,"req_lot_sf":6000,"frontage_ft":54.1,"req_side_ft":10,"over_unit_cap":false,"corner":false,"t_area":"short","t_frontage":"meets","front_ft":0.0,"side_ft":0.0,"rear_ft":27.4,"t_front":"short","t_side":"short","t_rear":"meets","n_short":3,"measured":true},"geometry":{"type":"Polygon","coordinates":[[[-70.881038,42.546429],[-70.881089,42.546251],[-70.881243,42.546295],[-70.881327,42.546292],[-70.881249,42.546473],[-70.881038,42.546429]]]}},{"type":"Feature","properties":{"addr":"6 HOME ST","units":2,"stories":2.0,"mbta":true,"lot_sf":2260,"req_lot_sf":6000,"frontage_ft":85.8,"req_side_ft":10,"over_unit_cap":false,"corner":false,"t_area":"short","t_frontage":"meets","front_ft":0.6,"side_ft":11.0,"rear_ft":5.6,"t_front":"short","t_side":"meets","t_rear":"short","n_short":3,"measured":true},"geometry":{"type":"Polygon","coordinates":[[[-70.881047,42.548964],[-70.88106,42.548851],[-70.881259,42.548873],[-70.881226,42.548998],[-70.881047,42.548964]]]}},{"type":"Feature","properties":{"addr":"28 FEDERAL ST","units":1,"stories":2.0,"mbta":true,"lot_sf":5830,"req_lot_sf":6000,"frontage_ft":39.3,"req_side_ft":10,"over_unit_cap":false,"corner":false,"t_area":"close","t_frontage":"short","front_ft":1.9,"side_ft":1.2,"rear_ft":45.4,"t_front":"short","t_side":"short","t_rear":"meets","n_short":3,"measured":true},"geometry":{"type":"Polygon","coordinates":[[[-70.880995,42.549576],[-70.881093,42.549314],[-70.881126,42.549239],[-70.881288,42.549271],[-70.881151,42.549613],[-70.880995,42.549576]]]}},{"type":"Feature","properties":{"addr":"23 VESTRY ST","units":4,"stories":3.0,"mbta":true,"lot_sf":3483,"req_lot_sf":6000,"frontage_ft":84.5,"req_side_ft":10,"over_unit_cap":false,"corner":false,"t_area":"short","t_frontage":"meets","front_ft":0.0,"side_ft":0.0,"rear_ft":12.8,"t_front":"short","t_side":"short","t_rear":"short","n_short":4,"measured":true},"geometry":{"type":"Polygon","coordinates":[[[-70.880985,42.547085],[-70.881004,42.546989],[-70.88101,42.546955],[-70.881289,42.546999],[-70.881265,42.547116],[-70.880985,42.547085]]]}},{"type":"Feature","properties":{"addr":"14 MULBERRY ST","units":2,"stories":2.0,"mbta":true,"lot_sf":5893,"req_lot_sf":6000,"frontage_ft":73.0,"req_side_ft":10,"over_unit_cap":false,"corner":false,"t_area":"close","t_frontage":"meets","front_ft":0.8,"side_ft":3.4,"rear_ft":20.1,"t_front":"short","t_side":"short","t_rear":"meets","n_short":2,"measured":true},"geometry":{"type":"Polygon","coordinates":[[[-70.880889,42.550806],[-70.880978,42.550603],[-70.881248,42.55067],[-70.881219,42.550734],[-70.881159,42.550868],[-70.880889,42.550806]]]}},{"type":"Feature","properties":{"addr":"49 CHASE ST","units":2,"stories":2.0,"mbta":true,"lot_sf":5550,"req_lot_sf":6000,"frontage_ft":145.0,"req_side_ft":10,"over_unit_cap":false,"corner":false,"t_area":"short","t_frontage":"meets","front_ft":0.0,"side_ft":20.8,"rear_ft":22.2,"t_front":"short","t_side":"meets","t_rear":"meets","n_short":2,"measured":true},"geometry":{"type":"Polygon","coordinates":[[[-70.880881,42.553638],[-70.880882,42.553636],[-70.880925,42.553519],[-70.880966,42.55341],[-70.881199,42.553463],[-70.881113,42.553685],[-70.880881,42.553638]]]}},{"type":"Feature","properties":{"addr":"7 HIGHLAND TERR","units":3,"stories":3.0,"mbta":true,"lot_sf":4156,"req_lot_sf":6000,"frontage_ft":40.5,"req_side_ft":10,"over_unit_cap":false,"corner":false,"t_area":"short","t_frontage":"short","front_ft":8.7,"side_ft":0.0,"rear_ft":28.6,"t_front":"short","t_side":"short","t_rear":"meets","n_short":4,"measured":true},"geometry":{"type":"Polygon","coordinates":[[[-70.880962,42.546148],[-70.881123,42.545949],[-70.881249,42.546022],[-70.881258,42.546024],[-70.881089,42.546251],[-70.880962,42.546148]]]}},{"type":"Feature","properties":{"addr":"26 ROUNDY ST","units":2,"stories":2.75,"mbta":true,"lot_sf":5303,"req_lot_sf":6000,"frontage_ft":45.5,"req_side_ft":10,"over_unit_cap":false,"corner":false,"t_area":"short","t_frontage":"short","front_ft":1.8,"side_ft":2.6,"rear_ft":45.0,"t_front":"short","t_side":"short","t_rear":"meets","n_short":4,"measured":true},"geometry":{"type":"Polygon","coordinates":[[[-70.880902,42.553286],[-70.880985,42.553018],[-70.881001,42.553022],[-70.881186,42.553056],[-70.881083,42.55332],[-70.880902,42.553286]]]}},{"type":"Feature","properties":{"addr":"29 FEDERAL ST","units":1,"stories":2.0,"mbta":true,"lot_sf":4398,"req_lot_sf":6000,"frontage_ft":139.1,"req_side_ft":10,"over_unit_cap":false,"corner":false,"t_area":"short","t_frontage":"meets","front_ft":7.7,"side_ft":16.9,"rear_ft":5.3,"t_front":"short","t_side":"meets","t_rear":"short","n_short":3,"measured":true},"geometry":{"type":"Polygon","coordinates":[[[-70.880932,42.54997],[-70.881046,42.549709],[-70.881203,42.549744],[-70.881088,42.550005],[-70.880932,42.54997]]]}},{"type":"Feature","properties":{"addr":"2 VESTRY TERR","units":6,"stories":3.0,"mbta":true,"lot_sf":5971,"req_lot_sf":6000,"frontage_ft":9.3,"req_side_ft":10,"over_unit_cap":false,"corner":false,"t_area":"close","t_frontage":"short","front_ft":47.8,"side_ft":11.2,"rear_ft":2.7,"t_front":"meets","t_side":"meets","t_rear":"short","n_short":2,"measured":true},"geometry":{"type":"Polygon","coordinates":[[[-70.880901,42.547242],[-70.880952,42.546981],[-70.881004,42.546989],[-70.880985,42.547085],[-70.881265,42.547116],[-70.881231,42.547281],[-70.880901,42.547242]]]}},{"type":"Feature","properties":{"addr":"6H MECHANIC ST","units":1,"stories":1.5,"mbta":true,"lot_sf":3619,"req_lot_sf":6000,"frontage_ft":8.1,"req_side_ft":10,"over_unit_cap":false,"corner":false,"t_area":"short","t_frontage":"short","front_ft":40.9,"side_ft":0.0,"rear_ft":0.0,"t_front":"meets","t_side":"short","t_rear":"short","n_short":4,"measured":true},"geometry":{"type":"Polygon","coordinates":[[[-70.881123,42.552618],[-70.880987,42.552606],[-70.88099,42.552562],[-70.880893,42.552554],[-70.880895,42.552493],[-70.880759,42.552487],[-70.880761,42.552452],[-70.881026,42.552468],[-70.881024,42.552482],[-70.881187,42.552488],[-70.881186,42.552492],[-70.881139,42.552624],[-70.881123,42.552618]]]}},{"type":"Feature","properties":{"addr":"26 WALLIS ST","units":2,"stories":3.0,"mbta":true,"lot_sf":5585,"req_lot_sf":6000,"frontage_ft":117.6,"req_side_ft":10,"over_unit_cap":false,"corner":false,"t_area":"short","t_frontage":"meets","front_ft":3.5,"side_ft":40.3,"rear_ft":1.7,"t_front":"short","t_side":"meets","t_rear":"short","n_short":3,"measured":true},"geometry":{"type":"Polygon","coordinates":[[[-70.880809,42.548116],[-70.880844,42.547996],[-70.880858,42.547997],[-70.88119,42.548018],[-70.881278,42.548024],[-70.881261,42.548156],[-70.880809,42.548116]]]}},{"type":"Feature","properties":{"addr":"19 JUDSON ST","units":3,"stories":2.5,"mbta":true,"lot_sf":3407,"req_lot_sf":6000,"frontage_ft":40.0,"req_side_ft":10,"over_unit_cap":false,"corner":false,"t_area":"short","t_frontage":"short","front_ft":5.4,"side_ft":1.5,"rear_ft":15.8,"t_front":"short","t_side":"short","t_rear":"short","n_short":5,"measured":true},"geometry":{"type":"Polygon","coordinates":[[[-70.880888,42.551514],[-70.880917,42.55145],[-70.880954,42.551372],[-70.880982,42.551311],[-70.881133,42.551345],[-70.881048,42.551548],[-70.880888,42.551514]]]}},{"type":"Feature","properties":{"addr":"30 BOW ST","units":1,"stories":1.75,"mbta":true,"lot_sf":3947,"req_lot_sf":6000,"frontage_ft":50.5,"req_side_ft":10,"over_unit_cap":false,"corner":false,"t_area":"short","t_frontage":"meets","front_ft":10.6,"side_ft":1.1,"rear_ft":4.8,"t_front":"short","t_side":"short","t_rear":"short","n_short":4,"measured":true},"geometry":{"type":"Polygon","coordinates":[[[-70.881006,42.548632],[-70.880916,42.548618],[-70.880957,42.548425],[-70.881104,42.548445],[-70.881165,42.548453],[-70.881119,42.548635],[-70.881006,42.548632]]]}},{"type":"Feature","properties":{"addr":"20 JUDSON ST","units":1,"stories":2.0,"mbta":true,"lot_sf":2416,"req_lot_sf":6000,"frontage_ft":30.0,"req_side_ft":10,"over_unit_cap":false,"corner":false,"t_area":"short","t_frontage":"short","front_ft":3.5,"side_ft":0.7,"rear_ft":24.3,"t_front":"short","t_side":"short","t_rear":"meets","n_short":4,"measured":true},"geometry":{"type":"Polygon","coordinates":[[[-70.880905,42.551821],[-70.880966,42.551646],[-70.88109,42.551673],[-70.881072,42.551826],[-70.880905,42.551821]]]}},{"type":"Feature","properties":{"addr":"53 CHASE ST","units":1,"stories":2.0,"mbta":true,"lot_sf":2940,"req_lot_sf":6000,"frontage_ft":40.7,"req_side_ft":10,"over_unit_cap":false,"corner":false,"t_area":"short","t_frontage":"short","front_ft":6.5,"side_ft":4.2,"rear_ft":25.1,"t_front":"short","t_side":"short","t_rear":"meets","n_short":4,"measured":true},"geometry":{"type":"Polygon","coordinates":[[[-70.880837,42.553758],[-70.880858,42.5537],[-70.880881,42.553638],[-70.881113,42.553685],[-70.881067,42.553806],[-70.880837,42.553758]]]}},{"type":"Feature","properties":{"addr":"16 MULBERRY ST","units":1,"stories":1.75,"mbta":true,"lot_sf":3503,"req_lot_sf":6000,"frontage_ft":117.0,"req_side_ft":10,"over_unit_cap":false,"corner":false,"t_area":"short","t_frontage":"meets","front_ft":1.0,"side_ft":7.5,"rear_ft":8.2,"t_front":"short","t_side":"close","t_rear":"short","n_short":3,"measured":true},"geometry":{"type":"Polygon","coordinates":[[[-70.880837,42.550925],[-70.880889,42.550806],[-70.881159,42.550868],[-70.881106,42.550989],[-70.880837,42.550925]]]}},{"type":"Feature","properties":{"addr":"7 HOME ST","units":5,"stories":2.5,"mbta":true,"lot_sf":5572,"req_lot_sf":6000,"frontage_ft":57.6,"req_side_ft":10,"over_unit_cap":false,"corner":false,"t_area":"short","t_frontage":"meets","front_ft":5.0,"side_ft":0.4,"rear_ft":0.4,"t_front":"short","t_side":"short","t_rear":"short","n_short":4,"measured":true},"geometry":{"type":"Polygon","coordinates":[[[-70.880839,42.549258],[-70.880881,42.549175],[-70.880947,42.549045],[-70.881171,42.54909],[-70.881114,42.549236],[-70.881126,42.549239],[-70.881093,42.549314],[-70.880839,42.549258]]]}},{"type":"Feature","properties":{"addr":"27 WALLIS ST","units":2,"stories":2.0,"mbta":true,"lot_sf":4736,"req_lot_sf":6000,"frontage_ft":56.4,"req_side_ft":10,"over_unit_cap":false,"corner":false,"t_area":"short","t_frontage":"meets","front_ft":4.5,"side_ft":7.9,"rear_ft":37.5,"t_front":"short","t_side":"close","t_rear":"meets","n_short":2,"measured":true},"geometry":{"type":"Polygon","coordinates":[[[-70.880957,42.548425],[-70.88087,42.548414],[-70.880908,42.548214],[-70.881134,42.548234],[-70.881104,42.548445],[-70.880957,42.548425]]]}},{"type":"Feature","properties":{"addr":"21-23 BROADWAY","units":4,"stories":3.0,"mbta":true,"lot_sf":8837,"req_lot_sf":6000,"frontage_ft":85.4,"req_side_ft":10,"over_unit_cap":false,"corner":false,"t_area":"meets","t_frontage":"meets","front_ft":13.4,"side_ft":6.2,"rear_ft":14.4,"t_front":"close","t_side":"short","t_rear":"short","n_short":2,"measured":true},"geometry":{"type":"Polygon","coordinates":[[[-70.880858,42.547997],[-70.880812,42.54775],[-70.88094,42.547741],[-70.881145,42.547723],[-70.88119,42.548018],[-70.880858,42.547997]]]}},{"type":"Feature","properties":{"addr":"22 BROADWAY","units":4,"stories":3.0,"mbta":true,"lot_sf":16262,"req_lot_sf":6000,"frontage_ft":135.7,"req_side_ft":10,"over_unit_cap":false,"corner":false,"t_area":"meets","t_frontage":"meets","front_ft":15.6,"side_ft":47.3,"rear_ft":34.4,"t_front":"meets","t_side":"meets","t_rear":"meets","n_short":0,"measured":true},"geometry":{"type":"Polygon","coordinates":[[[-70.880749,42.547211],[-70.880901,42.547242],[-70.881231,42.547281],[-70.881311,42.54756],[-70.880793,42.547606],[-70.880749,42.547211]]]}},{"type":"Feature","properties":{"addr":"55 CHASE ST","units":1,"stories":1.75,"mbta":true,"lot_sf":2908,"req_lot_sf":6000,"frontage_ft":41.3,"req_side_ft":10,"over_unit_cap":false,"corner":false,"t_area":"short","t_frontage":"short","front_ft":7.3,"side_ft":8.3,"rear_ft":24.1,"t_front":"short","t_side":"close","t_rear":"meets","n_short":3,"measured":true},"geometry":{"type":"Polygon","coordinates":[[[-70.880793,42.553876],[-70.880799,42.553859],[-70.880834,42.553765],[-70.880837,42.553758],[-70.881067,42.553806],[-70.881019,42.553927],[-70.880793,42.553876]]]}},{"type":"Feature","properties":{"addr":"4-6 ELM ST","units":2,"stories":2.0,"mbta":true,"lot_sf":4903,"req_lot_sf":6000,"frontage_ft":131.9,"req_side_ft":10,"over_unit_cap":false,"corner":false,"t_area":"short","t_frontage":"meets","front_ft":3.2,"side_ft":11.3,"rear_ft":17.4,"t_front":"short","t_side":"meets","t_rear":"close","n_short":2,"measured":true},"geometry":{"type":"Polygon","coordinates":[[[-70.880832,42.546866],[-70.88085,42.546706],[-70.881104,42.546736],[-70.881156,42.546742],[-70.881117,42.546913],[-70.880832,42.546866]]]}},{"type":"Feature","properties":{"addr":"24 WEST DANE ST","units":3,"stories":2.75,"mbta":true,"lot_sf":5488,"req_lot_sf":6000,"frontage_ft":57.6,"req_side_ft":10,"over_unit_cap":false,"corner":false,"t_area":"short","t_frontage":"meets","front_ft":1.0,"side_ft":9.2,"rear_ft":30.1,"t_front":"short","t_side":"close","t_rear":"meets","n_short":2,"measured":true},"geometry":{"type":"Polygon","coordinates":[[[-70.880813,42.552057],[-70.880836,42.551819],[-70.880905,42.551821],[-70.881072,42.551826],[-70.881065,42.551888],[-70.881045,42.552064],[-70.880813,42.552057]]]}},{"type":"Feature","properties":{"addr":"2 ELM ST","units":3,"stories":2.0,"mbta":true,"lot_sf":4079,"req_lot_sf":6000,"frontage_ft":128.8,"req_side_ft":10,"over_unit_cap":false,"corner":false,"t_area":"short","t_frontage":"meets","front_ft":0.0,"side_ft":11.6,"rear_ft":12.4,"t_front":"short","t_side":"meets","t_rear":"short","n_short":3,"measured":true},"geometry":{"type":"Polygon","coordinates":[[[-70.88085,42.546706],[-70.880873,42.546541],[-70.881136,42.546589],[-70.881104,42.546736],[-70.88085,42.546706]]]}},{"type":"Feature","properties":{"addr":"8 MECHANIC ST","units":2,"stories":2.0,"mbta":true,"lot_sf":4962,"req_lot_sf":6000,"frontage_ft":49.0,"req_side_ft":10,"over_unit_cap":false,"corner":false,"t_area":"short","t_frontage":"close","front_ft":3.7,"side_ft":5.0,"rear_ft":15.6,"t_front":"short","t_side":"short","t_rear":"short","n_short":4,"measured":true},"geometry":{"type":"Polygon","coordinates":[[[-70.881072,42.55275],[-70.880735,42.552736],[-70.880755,42.552588],[-70.880987,42.552606],[-70.881123,42.552618],[-70.881078,42.552751],[-70.881072,42.55275]]]}},{"type":"Feature","properties":{"addr":"21 WEST DANE ST","units":1,"stories":2.0,"mbta":true,"lot_sf":5039,"req_lot_sf":6000,"frontage_ft":139.4,"req_side_ft":10,"over_unit_cap":false,"corner":false,"t_area":"short","t_frontage":"meets","front_ft":0.6,"side_ft":29.6,"rear_ft":28.3,"t_front":"short","t_side":"meets","t_rear":"meets","n_short":2,"measured":true},"geometry":{"type":"Polygon","coordinates":[[[-70.880765,42.552362],[-70.880773,42.552186],[-70.881071,42.55219],[-70.881039,42.552373],[-70.880765,42.552362]]]}},{"type":"Feature","properties":{"addr":"1-1A MULBERRY ST","units":3,"stories":1.0,"mbta":true,"lot_sf":4256,"req_lot_sf":6000,"frontage_ft":52.0,"req_side_ft":10,"over_unit_cap":false,"corner":false,"t_area":"short","t_frontage":"meets","front_ft":7.3,"side_ft":8.1,"rear_ft":12.8,"t_front":"short","t_side":"close","t_rear":"short","n_short":3,"measured":true},"geometry":{"type":"Polygon","coordinates":[[[-70.880761,42.550091],[-70.880813,42.549944],[-70.880932,42.54997],[-70.881088,42.550005],[-70.881022,42.550153],[-70.880761,42.550091]]]}},{"type":"Feature","properties":{"addr":"4 MECHANIC ST","units":1,"stories":2.0,"mbta":true,"lot_sf":2473,"req_lot_sf":6000,"frontage_ft":27.9,"req_side_ft":10,"over_unit_cap":false,"corner":false,"t_area":"short","t_frontage":"short","front_ft":5.0,"side_ft":1.4,"rear_ft":29.2,"t_front":"short","t_side":"short","t_rear":"meets","n_short":4,"measured":true},"geometry":{"type":"Polygon","coordinates":[[[-70.880761,42.552452],[-70.880765,42.552362],[-70.881039,42.552373],[-70.881026,42.552468],[-70.880761,42.552452]]]}},{"type":"Feature","properties":{"addr":"57 CHASE ST","units":2,"stories":2.0,"mbta":true,"lot_sf":2925,"req_lot_sf":6000,"frontage_ft":41.3,"req_side_ft":10,"over_unit_cap":false,"corner":false,"t_area":"short","t_frontage":"short","front_ft":9.3,"side_ft":1.6,"rear_ft":0.8,"t_front":"short","t_side":"short","t_rear":"short","n_short":5,"measured":true},"geometry":{"type":"Polygon","coordinates":[[[-70.880748,42.553998],[-70.880763,42.553956],[-70.880793,42.553876],[-70.881019,42.553927],[-70.880972,42.554049],[-70.880748,42.553998]]]}},{"type":"Feature","properties":{"addr":"22 RAILROAD AVE","units":3,"stories":2.0,"mbta":true,"lot_sf":4782,"req_lot_sf":6000,"frontage_ft":67.2,"req_side_ft":10,"over_unit_cap":false,"corner":false,"t_area":"short","t_frontage":"meets","front_ft":0.0,"side_ft":0.0,"rear_ft":17.0,"t_front":"short","t_side":"short","t_rear":"short","n_short":4,"measured":true},"geometry":{"type":"Polygon","coordinates":[[[-70.880896,42.546404],[-70.880831,42.546384],[-70.880786,42.546366],[-70.880902,42.546218],[-70.880962,42.546148],[-70.881089,42.546251],[-70.881038,42.546429],[-70.880896,42.546404]]]}},{"type":"Feature","properties":{"addr":"18 MULBERRY ST","units":1,"stories":1.75,"mbta":true,"lot_sf":4096,"req_lot_sf":6000,"frontage_ft":128.0,"req_side_ft":10,"over_unit_cap":false,"corner":false,"t_area":"short","t_frontage":"meets","front_ft":5.9,"side_ft":6.4,"rear_ft":1.7,"t_front":"short","t_side":"short","t_rear":"short","n_short":4,"measured":true},"geometry":{"type":"Polygon","coordinates":[[[-70.880733,42.551162],[-70.880791,42.55103],[-70.881083,42.551097],[-70.881022,42.551225],[-70.880733,42.551162]]]}},{"type":"Feature","properties":{"addr":"10-12 MECHANIC ST","units":2,"stories":3.0,"mbta":true,"lot_sf":3911,"req_lot_sf":6000,"frontage_ft":38.0,"req_side_ft":10,"over_unit_cap":false,"corner":false,"t_area":"short","t_frontage":"short","front_ft":4.7,"side_ft":4.1,"rear_ft":25.8,"t_front":"short","t_side":"short","t_rear":"meets","n_short":4,"measured":true},"geometry":{"type":"Polygon","coordinates":[[[-70.880719,42.552853],[-70.880735,42.552736],[-70.881072,42.55275],[-70.881078,42.552751],[-70.881024,42.552874],[-70.880719,42.552853]]]}},{"type":"Feature","properties":{"addr":"26 FEDERAL ST","units":1,"stories":1.75,"mbta":true,"lot_sf":7002,"req_lot_sf":6000,"frontage_ft":65.4,"req_side_ft":10,"over_unit_cap":false,"corner":false,"t_area":"meets","t_frontage":"meets","front_ft":4.8,"side_ft":4.0,"rear_ft":50.3,"t_front":"short","t_side":"short","t_rear":"meets","n_short":2,"measured":true},"geometry":{"type":"Polygon","coordinates":[[[-70.880746,42.549519],[-70.880839,42.549258],[-70.881093,42.549314],[-70.880995,42.549576],[-70.880746,42.549519]]]}},{"type":"Feature","properties":{"addr":"27H FEDERAL ST","units":1,"stories":2.0,"mbta":true,"lot_sf":4192,"req_lot_sf":6000,"frontage_ft":37.6,"req_side_ft":10,"over_unit_cap":false,"corner":false,"t_area":"short","t_frontage":"short","front_ft":11.8,"side_ft":4.1,"rear_ft":50.6,"t_front":"short","t_side":"short","t_rear":"meets","n_short":4,"measured":true},"geometry":{"type":"Polygon","coordinates":[[[-70.880813,42.549944],[-70.880786,42.549938],[-70.880895,42.549674],[-70.881046,42.549709],[-70.880932,42.54997],[-70.880813,42.549944]]]}},{"type":"Feature","properties":{"addr":"24 ROUNDY ST","units":1,"stories":1.75,"mbta":true,"lot_sf":3189,"req_lot_sf":6000,"frontage_ft":30.3,"req_side_ft":10,"over_unit_cap":false,"corner":false,"t_area":"short","t_frontage":"short","front_ft":2.4,"side_ft":2.6,"rear_ft":58.7,"t_front":"short","t_side":"short","t_rear":"meets","n_short":4,"measured":true},"geometry":{"type":"Polygon","coordinates":[[[-70.880776,42.553259],[-70.880869,42.553012],[-70.880985,42.553018],[-70.880902,42.553286],[-70.880776,42.553259]]]}},{"type":"Feature","properties":{"addr":"11 HIGHLAND TERR","units":6,"stories":2.0,"mbta":true,"lot_sf":11496,"req_lot_sf":6000,"frontage_ft":26.1,"req_side_ft":10,"over_unit_cap":false,"corner":false,"t_area":"meets","t_frontage":"short","front_ft":40.6,"side_ft":15.5,"rear_ft":15.4,"t_front":"meets","t_side":"meets","t_rear":"short","n_short":2,"measured":true},"geometry":{"type":"Polygon","coordinates":[[[-70.880717,42.545949],[-70.880675,42.545915],[-70.880891,42.545695],[-70.881071,42.545806],[-70.881192,42.545881],[-70.881123,42.545949],[-70.880962,42.546148],[-70.880717,42.545949]]]}},{"type":"Feature","properties":{"addr":"14 MECHANIC ST","units":1,"stories":1.75,"mbta":true,"lot_sf":4344,"req_lot_sf":6000,"frontage_ft":50.5,"req_side_ft":10,"over_unit_cap":false,"corner":false,"t_area":"short","t_frontage":"meets","front_ft":1.9,"side_ft":1.8,"rear_ft":20.3,"t_front":"short","t_side":"short","t_rear":"meets","n_short":3,"measured":true},"geometry":{"type":"Polygon","coordinates":[[[-70.880869,42.553012],[-70.880698,42.553004],[-70.880719,42.552853],[-70.881024,42.552874],[-70.880985,42.553018],[-70.880869,42.553012]]]}},{"type":"Feature","properties":{"addr":"23 ROUNDY ST","units":2,"stories":2.0,"mbta":true,"lot_sf":2352,"req_lot_sf":6000,"frontage_ft":93.2,"req_side_ft":10,"over_unit_cap":false,"corner":false,"t_area":"short","t_frontage":"meets","front_ft":0.0,"side_ft":12.4,"rear_ft":12.8,"t_front":"short","t_side":"meets","t_rear":"short","n_short":3,"measured":true},"geometry":{"type":"Polygon","coordinates":[[[-70.880722,42.553472],[-70.880763,42.553364],[-70.880966,42.55341],[-70.880925,42.553519],[-70.880722,42.553472]]]}},{"type":"Feature","properties":{"addr":"50 ELLIOTT ST","units":1,"stories":1.75,"mbta":true,"lot_sf":3290,"req_lot_sf":6000,"frontage_ft":114.4,"req_side_ft":10,"over_unit_cap":false,"corner":false,"t_area":"short","t_frontage":"meets","front_ft":3.8,"side_ft":14.6,"rear_ft":11.3,"t_front":"short","t_side":"meets","t_rear":"short","n_short":3,"measured":true},"geometry":{"type":"Polygon","coordinates":[[[-70.8807,42.554126],[-70.880748,42.553998],[-70.880972,42.554049],[-70.880915,42.554197],[-70.8807,42.554126]]]}},{"type":"Feature","properties":{"addr":"20 MULBERRY ST","units":2,"stories":2.0,"mbta":true,"lot_sf":4528,"req_lot_sf":6000,"frontage_ft":51.1,"req_side_ft":10,"over_unit_cap":false,"corner":false,"t_area":"short","t_frontage":"meets","front_ft":8.2,"side_ft":1.9,"rear_ft":23.9,"t_front":"short","t_side":"short","t_rear":"meets","n_short":3,"measured":true},"geometry":{"type":"Polygon","coordinates":[[[-70.88067,42.551308],[-70.880733,42.551162],[-70.881022,42.551225],[-70.880982,42.551311],[-70.880954,42.551372],[-70.88067,42.551308]]]}},{"type":"Feature","properties":{"addr":"6 MECHANIC ST","units":1,"stories":1.75,"mbta":true,"lot_sf":1815,"req_lot_sf":6000,"frontage_ft":31.9,"req_side_ft":10,"over_unit_cap":false,"corner":false,"t_area":"short","t_frontage":"short","front_ft":1.7,"side_ft":1.3,"rear_ft":5.2,"t_front":"short","t_side":"short","t_rear":"short","n_short":5,"measured":true},"geometry":{"type":"Polygon","coordinates":[[[-70.880755,42.552588],[-70.880759,42.552487],[-70.880895,42.552493],[-70.880893,42.552554],[-70.88099,42.552562],[-70.880987,42.552606],[-70.880755,42.552588]]]}},{"type":"Feature","properties":{"addr":"18 JUDSON ST","units":1,"stories":2.0,"mbta":true,"lot_sf":4267,"req_lot_sf":6000,"frontage_ft":53.7,"req_side_ft":10,"over_unit_cap":false,"corner":false,"t_area":"short","t_frontage":"meets","front_ft":2.4,"side_ft":3.7,"rear_ft":28.5,"t_front":"short","t_side":"short","t_rear":"meets","n_short":3,"measured":true},"geometry":{"type":"Polygon","coordinates":[[[-70.880836,42.551819],[-70.880687,42.551815],[-70.8807,42.551775],[-70.880727,42.551693],[-70.880758,42.551599],[-70.880966,42.551646],[-70.880905,42.551821],[-70.880836,42.551819]]]}},{"type":"Feature","properties":{"addr":"24 MECHANIC ST","units":1,"stories":2.0,"mbta":true,"lot_sf":2539,"req_lot_sf":6000,"frontage_ft":39.0,"req_side_ft":10,"over_unit_cap":false,"corner":false,"t_area":"short","t_frontage":"short","front_ft":0.0,"side_ft":0.1,"rear_ft":26.4,"t_front":"short","t_side":"short","t_rear":"meets","n_short":4,"measured":true},"geometry":{"type":"Polygon","coordinates":[[[-70.880677,42.553588],[-70.880722,42.553472],[-70.880925,42.553519],[-70.880882,42.553636],[-70.880677,42.553588]]]}},{"type":"Feature","properties":{"addr":"28 BOW ST","units":1,"stories":2.75,"mbta":true,"lot_sf":3506,"req_lot_sf":6000,"frontage_ft":46.9,"req_side_ft":10,"over_unit_cap":false,"corner":false,"t_area":"short","t_frontage":"short","front_ft":10.9,"side_ft":4.9,"rear_ft":22.7,"t_front":"short","t_side":"short","t_rear":"meets","n_short":4,"measured":true},"geometry":{"type":"Polygon","coordinates":[[[-70.880728,42.548588],[-70.880781,42.548402],[-70.88087,42.548414],[-70.880957,42.548425],[-70.880916,42.548618],[-70.880728,42.548588]]]}},{"type":"Feature","properties":{"addr":"28 POND ST","units":3,"stories":1.0,"mbta":true,"lot_sf":6507,"req_lot_sf":6000,"frontage_ft":130.6,"req_side_ft":10,"over_unit_cap":false,"corner":false,"t_area":"meets","t_frontage":"meets","front_ft":2.3,"side_ft":2.7,"rear_ft":10.1,"t_front":"short","t_side":"short","t_rear":"short","n_short":3,"measured":true},"geometry":{"type":"Polygon","coordinates":[[[-70.880655,42.550223],[-70.880701,42.550077],[-70.880761,42.550091],[-70.881022,42.550153],[-70.880956,42.550305],[-70.88067,42.55033],[-70.880655,42.550223]]]}},{"type":"Feature","properties":{"addr":"5 HOME ST","units":1,"stories":2.0,"mbta":true,"lot_sf":3178,"req_lot_sf":6000,"frontage_ft":24.2,"req_side_ft":10,"over_unit_cap":false,"corner":false,"t_area":"short","t_frontage":"short","front_ft":0.2,"side_ft":7.3,"rear_ft":7.5,"t_front":"short","t_side":"close","t_rear":"short","n_short":4,"measured":true},"geometry":{"type":"Polygon","coordinates":[[[-70.880699,42.549137],[-70.880748,42.549018],[-70.880702,42.549009],[-70.880781,42.548984],[-70.880903,42.548993],[-70.880899,42.549036],[-70.880947,42.549045],[-70.880881,42.549175],[-70.880699,42.549137]]]}},{"type":"Feature","properties":{"addr":"22 MULBERRY ST","units":1,"stories":1.75,"mbta":true,"lot_sf":2387,"req_lot_sf":6000,"frontage_ft":24.8,"req_side_ft":10,"over_unit_cap":false,"corner":false,"t_area":"short","t_frontage":"short","front_ft":3.2,"side_ft":3.2,"rear_ft":34.0,"t_front":"short","t_side":"short","t_rear":"meets","n_short":4,"measured":true},"geometry":{"type":"Polygon","coordinates":[[[-70.880636,42.551386],[-70.88067,42.551308],[-70.880954,42.551372],[-70.880917,42.55145],[-70.880636,42.551386]]]}},{"type":"Feature","properties":{"addr":"26 MECHANIC ST","units":1,"stories":1.75,"mbta":true,"lot_sf":1414,"req_lot_sf":6000,"frontage_ft":19.9,"req_side_ft":10,"over_unit_cap":false,"corner":false,"t_area":"short","t_frontage":"short","front_ft":0.0,"side_ft":1.5,"rear_ft":25.8,"t_front":"short","t_side":"short","t_rear":"meets","n_short":4,"measured":true},"geometry":{"type":"Polygon","coordinates":[[[-70.880652,42.553654],[-70.880677,42.553588],[-70.880882,42.553636],[-70.880881,42.553638],[-70.880858,42.5537],[-70.880652,42.553654]]]}},{"type":"Feature","properties":{"addr":"25 BOW ST","units":6,"stories":2.75,"mbta":true,"lot_sf":6045,"req_lot_sf":6000,"frontage_ft":146.5,"req_side_ft":10,"over_unit_cap":false,"corner":false,"t_area":"meets","t_frontage":"meets","front_ft":0.7,"side_ft":6.2,"rear_ft":5.5,"t_front":"short","t_side":"short","t_rear":"short","n_short":3,"measured":true},"geometry":{"type":"Polygon","coordinates":[[[-70.880666,42.549003],[-70.880737,42.548692],[-70.880926,42.54872],[-70.880903,42.548993],[-70.880781,42.548984],[-70.880702,42.549009],[-70.880666,42.549003]]]}},{"type":"Feature","properties":{"addr":"22 ROUNDY ST","units":2,"stories":3.0,"mbta":true,"lot_sf":3409,"req_lot_sf":6000,"frontage_ft":111.2,"req_side_ft":10,"over_unit_cap":false,"corner":false,"t_area":"short","t_frontage":"meets","front_ft":0.0,"side_ft":11.9,"rear_ft":10.9,"t_front":"short","t_side":"meets","t_rear":"short","n_short":3,"measured":true},"geometry":{"type":"Polygon","coordinates":[[[-70.880666,42.553237],[-70.880698,42.553004],[-70.880869,42.553012],[-70.880776,42.553259],[-70.880666,42.553237]]]}},{"type":"Feature","properties":{"addr":"28 MECHANIC ST","units":1,"stories":1.75,"mbta":true,"lot_sf":1420,"req_lot_sf":6000,"frontage_ft":19.2,"req_side_ft":10,"over_unit_cap":false,"corner":false,"t_area":"short","t_frontage":"short","front_ft":0.0,"side_ft":0.1,"rear_ft":24.2,"t_front":"short","t_side":"short","t_rear":"meets","n_short":4,"measured":true},"geometry":{"type":"Polygon","coordinates":[[[-70.880628,42.553717],[-70.880652,42.553654],[-70.880858,42.5537],[-70.880837,42.553758],[-70.880834,42.553765],[-70.880628,42.553717]]]}},{"type":"Feature","properties":{"addr":"24 MULBERRY ST","units":1,"stories":1.75,"mbta":true,"lot_sf":1916,"req_lot_sf":6000,"frontage_ft":98.0,"req_side_ft":10,"over_unit_cap":false,"corner":false,"t_area":"short","t_frontage":"meets","front_ft":0.0,"side_ft":4.6,"rear_ft":3.5,"t_front":"short","t_side":"short","t_rear":"short","n_short":4,"measured":true},"geometry":{"type":"Polygon","coordinates":[[[-70.880609,42.551449],[-70.880636,42.551386],[-70.880917,42.55145],[-70.880888,42.551514],[-70.880609,42.551449]]]}},{"type":"Feature","properties":{"addr":"25 WALLIS ST","units":2,"stories":2.0,"mbta":true,"lot_sf":4088,"req_lot_sf":6000,"frontage_ft":52.4,"req_side_ft":10,"over_unit_cap":false,"corner":false,"t_area":"short","t_frontage":"meets","front_ft":11.9,"side_ft":9.5,"rear_ft":22.3,"t_front":"short","t_side":"close","t_rear":"meets","n_short":2,"measured":true},"geometry":{"type":"Polygon","coordinates":[[[-70.880781,42.548402],[-70.880664,42.548387],[-70.880697,42.548196],[-70.880908,42.548214],[-70.88087,42.548414],[-70.880781,42.548402]]]}},{"type":"Feature","properties":{"addr":"27 FEDERAL ST","units":1,"stories":2.0,"mbta":true,"lot_sf":4050,"req_lot_sf":6000,"frontage_ft":33.9,"req_side_ft":10,"over_unit_cap":false,"corner":false,"t_area":"short","t_frontage":"short","front_ft":9.7,"side_ft":3.1,"rear_ft":53.1,"t_front":"short","t_side":"short","t_rear":"meets","n_short":4,"measured":true},"geometry":{"type":"Polygon","coordinates":[[[-70.880638,42.549904],[-70.880758,42.549643],[-70.880895,42.549674],[-70.880786,42.549938],[-70.880638,42.549904]]]}},{"type":"Feature","properties":{"addr":"29 POND ST","units":3,"stories":2.5,"mbta":true,"lot_sf":4036,"req_lot_sf":6000,"frontage_ft":147.4,"req_side_ft":10,"over_unit_cap":false,"corner":false,"t_area":"short","t_frontage":"meets","front_ft":2.1,"side_ft":16.3,"rear_ft":2.3,"t_front":"short","t_side":"meets","t_rear":"short","n_short":3,"measured":true},"geometry":{"type":"Polygon","coordinates":[[[-70.880642,42.550457],[-70.880902,42.550436],[-70.880807,42.55065],[-70.880666,42.550659],[-70.880642,42.550457]]]}},{"type":"Feature","properties":{"addr":"30 MECHANIC ST","units":1,"stories":1.75,"mbta":true,"lot_sf":2071,"req_lot_sf":6000,"frontage_ft":30.6,"req_side_ft":10,"over_unit_cap":false,"corner":false,"t_area":"short","t_frontage":"short","front_ft":0.0,"side_ft":0.0,"rear_ft":25.2,"t_front":"short","t_side":"short","t_rear":"meets","n_short":4,"measured":true},"geometry":{"type":"Polygon","coordinates":[[[-70.880592,42.553811],[-70.880628,42.553717],[-70.880834,42.553765],[-70.880799,42.553859],[-70.880592,42.553811]]]}},{"type":"Feature","properties":{"addr":"18 RAILROAD AVE","units":2,"stories":2.0,"mbta":true,"lot_sf":2533,"req_lot_sf":6000,"frontage_ft":32.5,"req_side_ft":10,"over_unit_cap":false,"corner":false,"t_area":"short","t_frontage":"short","front_ft":2.2,"side_ft":5.3,"rear_ft":0.0,"t_front":"short","t_side":"short","t_rear":"short","n_short":5,"measured":true},"geometry":{"type":"Polygon","coordinates":[[[-70.880734,42.546344],[-70.880665,42.546316],[-70.880778,42.546151],[-70.880902,42.546218],[-70.880786,42.546366],[-70.880734,42.546344]]]}},{"type":"Feature","properties":{"addr":"21 VESTRY ST","units":1,"stories":1.0,"mbta":true,"lot_sf":8936,"req_lot_sf":6000,"frontage_ft":85.0,"req_side_ft":10,"over_unit_cap":false,"corner":false,"t_area":"meets","t_frontage":"meets","front_ft":17.4,"side_ft":5.4,"rear_ft":7.5,"t_front":"meets","t_side":"short","t_rear":"short","n_short":2,"measured":true},"geometry":{"type":"Polygon","coordinates":[[[-70.880749,42.547211],[-70.880576,42.54718],[-70.880579,42.547167],[-70.880639,42.546896],[-70.880648,42.546897],[-70.880952,42.546981],[-70.880901,42.547242],[-70.880749,42.547211]]]}},{"type":"Feature","properties":{"addr":"22 WEST DANE ST","units":3,"stories":2.75,"mbta":true,"lot_sf":5103,"req_lot_sf":6000,"frontage_ft":51.9,"req_side_ft":10,"over_unit_cap":false,"corner":false,"t_area":"short","t_frontage":"meets","front_ft":1.0,"side_ft":4.9,"rear_ft":46.2,"t_front":"short","t_side":"short","t_rear":"meets","n_short":3,"measured":true},"geometry":{"type":"Polygon","coordinates":[[[-70.880603,42.552053],[-70.880613,42.551813],[-70.880687,42.551815],[-70.880836,42.551819],[-70.880813,42.552057],[-70.880603,42.552053]]]}},{"type":"Feature","properties":{"addr":"32 MECHANIC ST","units":1,"stories":2.0,"mbta":true,"lot_sf":2112,"req_lot_sf":6000,"frontage_ft":30.4,"req_side_ft":10,"over_unit_cap":false,"corner":false,"t_area":"short","t_frontage":"short","front_ft":0.0,"side_ft":3.3,"rear_ft":15.7,"t_front":"short","t_side":"short","t_rear":"short","n_short":5,"measured":true},"geometry":{"type":"Polygon","coordinates":[[[-70.880556,42.553904],[-70.880592,42.553811],[-70.880799,42.553859],[-70.880793,42.553876],[-70.880763,42.553956],[-70.880556,42.553904]]]}},{"type":"Feature","properties":{"addr":"24 FEDERAL ST","units":3,"stories":1.0,"mbta":true,"lot_sf":6377,"req_lot_sf":6000,"frontage_ft":44.4,"req_side_ft":10,"over_unit_cap":false,"corner":false,"t_area":"meets","t_frontage":"short","front_ft":1.9,"side_ft":4.6,"rear_ft":48.9,"t_front":"short","t_side":"short","t_rear":"meets","n_short":3,"measured":true},"geometry":{"type":"Polygon","coordinates":[[[-70.880571,42.549479],[-70.880699,42.549137],[-70.880881,42.549175],[-70.880839,42.549258],[-70.880746,42.549519],[-70.880571,42.549479]]]}},{"type":"Feature","properties":{"addr":"13 MULBERRY ST","units":2,"stories":2.0,"mbta":true,"lot_sf":2501,"req_lot_sf":6000,"frontage_ft":45.4,"req_side_ft":10,"over_unit_cap":false,"corner":false,"t_area":"short","t_frontage":"short","front_ft":5.6,"side_ft":1.7,"rear_ft":6.5,"t_front":"short","t_side":"short","t_rear":"short","n_short":5,"measured":true},"geometry":{"type":"Polygon","coordinates":[[[-70.880526,42.550731],[-70.880511,42.550669],[-70.880666,42.550659],[-70.880807,42.55065],[-70.880748,42.550781],[-70.880526,42.550731]]]}},{"type":"Feature","properties":{"addr":"44-46 ELLIOTT ST","units":2,"stories":2.5,"mbta":true,"lot_sf":3629,"req_lot_sf":6000,"frontage_ft":113.5,"req_side_ft":10,"over_unit_cap":false,"corner":false,"t_area":"short","t_frontage":"meets","front_ft":0.0,"side_ft":9.5,"rear_ft":22.5,"t_front":"short","t_side":"close","t_rear":"meets","n_short":2,"measured":true},"geometry":{"type":"Polygon","coordinates":[[[-70.880497,42.554059],[-70.880556,42.553904],[-70.880763,42.553956],[-70.880748,42.553998],[-70.8807,42.554126],[-70.880497,42.554059]]]}},{"type":"Feature","properties":{"addr":"26 MULBERRY ST","units":1,"stories":2.0,"mbta":true,"lot_sf":1968,"req_lot_sf":6000,"frontage_ft":85.3,"req_side_ft":10,"over_unit_cap":false,"corner":false,"t_area":"short","t_frontage":"meets","front_ft":0.0,"side_ft":8.2,"rear_ft":7.0,"t_front":"short","t_side":"close","t_rear":"short","n_short":3,"measured":true},"geometry":{"type":"Polygon","coordinates":[[[-70.880524,42.551647],[-70.880562,42.551556],[-70.880758,42.551599],[-70.880727,42.551693],[-70.880524,42.551647]]]}},{"type":"Feature","properties":{"addr":"1H MULBERRY ST","units":1,"stories":2.0,"mbta":true,"lot_sf":4105,"req_lot_sf":6000,"frontage_ft":null,"req_side_ft":10,"over_unit_cap":false,"corner":false,"t_area":"short","t_frontage":null,"front_ft":null,"side_ft":null,"rear_ft":null,"t_front":null,"t_side":null,"t_rear":null,"n_short":1,"measured":false},"geometry":{"type":"Polygon","coordinates":[[[-70.880701,42.550077],[-70.88059,42.550051],[-70.880495,42.550028],[-70.880511,42.549986],[-70.880549,42.549885],[-70.880638,42.549904],[-70.880786,42.549938],[-70.880813,42.549944],[-70.880761,42.550091],[-70.880701,42.550077]]]}},{"type":"Feature","properties":{"addr":"26 BOW ST","units":1,"stories":1.0,"mbta":true,"lot_sf":3374,"req_lot_sf":6000,"frontage_ft":45.0,"req_side_ft":10,"over_unit_cap":false,"corner":false,"t_area":"short","t_frontage":"short","front_ft":3.4,"side_ft":4.7,"rear_ft":19.2,"t_front":"short","t_side":"short","t_rear":"close","n_short":4,"measured":true},"geometry":{"type":"Polygon","coordinates":[[[-70.880546,42.54856],[-70.880604,42.548379],[-70.880664,42.548387],[-70.880781,42.548402],[-70.880728,42.548588],[-70.880546,42.54856]]]}},{"type":"Feature","properties":{"addr":"21 ROUNDY ST","units":1,"stories":1.75,"mbta":true,"lot_sf":1301,"req_lot_sf":6000,"frontage_ft":75.8,"req_side_ft":10,"over_unit_cap":false,"corner":false,"t_area":"short","t_frontage":"meets","front_ft":3.7,"side_ft":4.9,"rear_ft":0.0,"t_front":"short","t_side":"short","t_rear":"short","n_short":4,"measured":true},"geometry":{"type":"Polygon","coordinates":[[[-70.880562,42.553491],[-70.880573,42.55334],[-70.880681,42.553358],[-70.880635,42.553494],[-70.880562,42.553491]]]}},{"type":"Feature","properties":{"addr":"25 FEDERAL ST","units":2,"stories":2.0,"mbta":true,"lot_sf":3837,"req_lot_sf":6000,"frontage_ft":33.9,"req_side_ft":10,"over_unit_cap":false,"corner":false,"t_area":"short","t_frontage":"short","front_ft":7.2,"side_ft":3.3,"rear_ft":24.5,"t_front":"short","t_side":"short","t_rear":"meets","n_short":4,"measured":true},"geometry":{"type":"Polygon","coordinates":[[[-70.880549,42.549885],[-70.880505,42.549875],[-70.88062,42.549612],[-70.880758,42.549643],[-70.880638,42.549904],[-70.880549,42.549885]]]}},{"type":"Feature","properties":{"addr":"28 MULBERRY ST","units":1,"stories":2.0,"mbta":true,"lot_sf":1785,"req_lot_sf":6000,"frontage_ft":25.7,"req_side_ft":10,"over_unit_cap":false,"corner":false,"t_area":"short","t_frontage":"short","front_ft":0.0,"side_ft":0.8,"rear_ft":14.6,"t_front":"short","t_side":"short","t_rear":"short","n_short":5,"measured":true},"geometry":{"type":"Polygon","coordinates":[[[-70.88049,42.551728],[-70.880524,42.551647],[-70.880727,42.551693],[-70.8807,42.551775],[-70.88049,42.551728]]]}},{"type":"Feature","properties":{"addr":"19 BROADWAY","units":3,"stories":1.0,"mbta":true,"lot_sf":13397,"req_lot_sf":6000,"frontage_ft":106.5,"req_side_ft":10,"over_unit_cap":false,"corner":true,"t_area":"meets","t_frontage":"meets","front_ft":45.6,"side_ft":30.0,"rear_ft":22.4,"t_front":"meets","t_side":"meets","t_rear":"meets","n_short":0,"measured":true},"geometry":{"type":"Polygon","coordinates":[[[-70.880799,42.548115],[-70.880674,42.548104],[-70.880451,42.548083],[-70.880401,42.547781],[-70.880812,42.54775],[-70.880858,42.547997],[-70.880844,42.547996],[-70.880809,42.548116],[-70.880799,42.548115]]]}},{"type":"Feature","properties":{"addr":"23 BOW ST","units":3,"stories":2.75,"mbta":true,"lot_sf":6381,"req_lot_sf":6000,"frontage_ft":52.7,"req_side_ft":10,"over_unit_cap":false,"corner":false,"t_area":"meets","t_frontage":"meets","front_ft":2.6,"side_ft":0.0,"rear_ft":31.7,"t_front":"short","t_side":"short","t_rear":"meets","n_short":2,"measured":true},"geometry":{"type":"Polygon","coordinates":[[[-70.880472,42.548968],[-70.880476,42.548927],[-70.880528,42.54866],[-70.880737,42.548692],[-70.880666,42.549003],[-70.880472,42.548968]]]}},{"type":"Feature","properties":{"addr":"30 MULBERRY ST","units":1,"stories":2.0,"mbta":true,"lot_sf":1367,"req_lot_sf":6000,"frontage_ft":25.8,"req_side_ft":10,"over_unit_cap":false,"corner":false,"t_area":"short","t_frontage":"short","front_ft":0.0,"side_ft":0.4,"rear_ft":5.2,"t_front":"short","t_side":"short","t_rear":"short","n_short":5,"measured":true},"geometry":{"type":"Polygon","coordinates":[[[-70.880613,42.551813],[-70.880457,42.551809],[-70.88049,42.551728],[-70.8807,42.551775],[-70.880687,42.551815],[-70.880613,42.551813]]]}},{"type":"Feature","properties":{"addr":"8 RAILROAD AVE","units":1,"stories":1.0,"mbta":true,"lot_sf":11456,"req_lot_sf":6000,"frontage_ft":104.9,"req_side_ft":10,"over_unit_cap":false,"corner":false,"t_area":"meets","t_frontage":"meets","front_ft":null,"side_ft":null,"rear_ft":null,"t_front":null,"t_side":null,"t_rear":null,"n_short":0,"measured":false},"geometry":{"type":"Polygon","coordinates":[[[-70.880367,42.546083],[-70.880398,42.546095],[-70.880473,42.545985],[-70.880617,42.546068],[-70.880717,42.545949],[-70.880962,42.546148],[-70.880902,42.546218],[-70.880778,42.546151],[-70.880665,42.546316],[-70.88031,42.546168],[-70.880367,42.546083]]]}},{"type":"Feature","properties":{"addr":"19 WEST DANE ST","units":2,"stories":2.5,"mbta":true,"lot_sf":5013,"req_lot_sf":6000,"frontage_ft":149.5,"req_side_ft":10,"over_unit_cap":false,"corner":false,"t_area":"short","t_frontage":"meets","front_ft":0.0,"side_ft":10.5,"rear_ft":10.3,"t_front":"short","t_side":"meets","t_rear":"short","n_short":3,"measured":true},"geometry":{"type":"Polygon","coordinates":[[[-70.88047,42.552461],[-70.880473,42.552176],[-70.880659,42.55218],[-70.880641,42.552466],[-70.88047,42.552461]]]}},{"type":"Feature","properties":{"addr":"27 POND ST","units":2,"stories":2.0,"mbta":true,"lot_sf":3307,"req_lot_sf":6000,"frontage_ft":43.4,"req_side_ft":10,"over_unit_cap":false,"corner":false,"t_area":"short","t_frontage":"short","front_ft":2.3,"side_ft":0.0,"rear_ft":18.1,"t_front":"short","t_side":"short","t_rear":"close","n_short":4,"measured":true},"geometry":{"type":"Polygon","coordinates":[[[-70.880464,42.550471],[-70.880642,42.550457],[-70.880666,42.550659],[-70.880511,42.550669],[-70.880464,42.550471]]]}},{"type":"Feature","properties":{"addr":"19 RAILROAD AVE","units":3,"stories":3.0,"mbta":true,"lot_sf":4254,"req_lot_sf":6000,"frontage_ft":107.0,"req_side_ft":10,"over_unit_cap":false,"corner":false,"t_area":"short","t_frontage":"meets","front_ft":0.0,"side_ft":9.4,"rear_ft":14.6,"t_front":"short","t_side":"close","t_rear":"short","n_short":3,"measured":true},"geometry":{"type":"Polygon","coordinates":[[[-70.880477,42.546594],[-70.880457,42.546637],[-70.880409,42.546627],[-70.880546,42.546427],[-70.880756,42.546513],[-70.880734,42.546642],[-70.880477,42.546594]]]}},{"type":"Feature","properties":{"addr":"7 GALLOUPE AVE","units":1,"stories":1.75,"mbta":true,"lot_sf":2477,"req_lot_sf":6000,"frontage_ft":89.5,"req_side_ft":10,"over_unit_cap":false,"corner":false,"t_area":"short","t_frontage":"meets","front_ft":4.4,"side_ft":4.5,"rear_ft":0.7,"t_front":"short","t_side":"short","t_rear":"short","n_short":4,"measured":true},"geometry":{"type":"Polygon","coordinates":[[[-70.880428,42.553635],[-70.880438,42.553487],[-70.880562,42.553491],[-70.880635,42.553494],[-70.880571,42.55364],[-70.880428,42.553635]]]}},{"type":"Feature","properties":{"addr":"23 WALLIS ST","units":3,"stories":2.0,"mbta":true,"lot_sf":4295,"req_lot_sf":6000,"frontage_ft":56.4,"req_side_ft":10,"over_unit_cap":false,"corner":false,"t_area":"short","t_frontage":"meets","front_ft":8.4,"side_ft":5.3,"rear_ft":9.4,"t_front":"short","t_side":"short","t_rear":"short","n_short":4,"measured":true},"geometry":{"type":"Polygon","coordinates":[[[-70.880604,42.548379],[-70.88045,42.548359],[-70.880429,42.548356],[-70.880471,42.548176],[-70.880697,42.548196],[-70.880664,42.548387],[-70.880604,42.548379]]]}},{"type":"Feature","properties":{"addr":"15 MULBERRY ST","units":3,"stories":2.0,"mbta":true,"lot_sf":5940,"req_lot_sf":6000,"frontage_ft":151.9,"req_side_ft":10,"over_unit_cap":false,"corner":false,"t_area":"close","t_frontage":"meets","front_ft":0.0,"side_ft":6.7,"rear_ft":16.2,"t_front":"short","t_side":"short","t_rear":"short","n_short":3,"measured":true},"geometry":{"type":"Polygon","coordinates":[[[-70.880337,42.550815],[-70.8803,42.550807],[-70.880298,42.550751],[-70.880297,42.550682],[-70.880511,42.550669],[-70.880526,42.550731],[-70.880748,42.550781],[-70.880696,42.550898],[-70.880337,42.550815]]]}},{"type":"Feature","properties":{"addr":"5 ELM ST","units":3,"stories":2.0,"mbta":true,"lot_sf":5954,"req_lot_sf":6000,"frontage_ft":156.7,"req_side_ft":10,"over_unit_cap":false,"corner":false,"t_area":"close","t_frontage":"meets","front_ft":0.0,"side_ft":25.0,"rear_ft":41.3,"t_front":"short","t_side":"meets","t_rear":"meets","n_short":1,"measured":true},"geometry":{"type":"Polygon","coordinates":[[[-70.880386,42.5468],[-70.880469,42.54664],[-70.880457,42.546637],[-70.880477,42.546594],[-70.880734,42.546642],[-70.880698,42.546848],[-70.880386,42.5468]]]}},{"type":"Feature","properties":{"addr":"24 POND ST","units":3,"stories":1.0,"mbta":true,"lot_sf":6629,"req_lot_sf":6000,"frontage_ft":73.7,"req_side_ft":10,"over_unit_cap":false,"corner":false,"t_area":"meets","t_frontage":"meets","front_ft":8.4,"side_ft":10.3,"rear_ft":9.3,"t_front":"short","t_side":"meets","t_rear":"short","n_short":2,"measured":true},"geometry":{"type":"Polygon","coordinates":[[[-70.880391,42.550234],[-70.880432,42.550102],[-70.880558,42.55013],[-70.88059,42.550051],[-70.880701,42.550077],[-70.880655,42.550223],[-70.88067,42.55033],[-70.88038,42.550356],[-70.880391,42.550234]]]}},{"type":"Feature","properties":{"addr":"5 MECHANIC ST","units":1,"stories":1.75,"mbta":true,"lot_sf":1989,"req_lot_sf":6000,"frontage_ft":23.0,"req_side_ft":10,"over_unit_cap":false,"corner":false,"t_area":"short","t_frontage":"short","front_ft":11.3,"side_ft":0.7,"rear_ft":5.3,"t_front":"short","t_side":"short","t_rear":"short","n_short":5,"measured":true},"geometry":{"type":"Polygon","coordinates":[[[-70.880447,42.552534],[-70.880354,42.552517],[-70.880362,42.552459],[-70.88047,42.552461],[-70.880641,42.552466],[-70.880637,42.552542],[-70.880447,42.552534]]]}},{"type":"Feature","properties":{"addr":"20 WEST DANE ST","units":2,"stories":2.75,"mbta":true,"lot_sf":4736,"req_lot_sf":6000,"frontage_ft":152.2,"req_side_ft":10,"over_unit_cap":false,"corner":false,"t_area":"short","t_frontage":"meets","front_ft":0.1,"side_ft":23.4,"rear_ft":24.2,"t_front":"short","t_side":"meets","t_rear":"meets","n_short":2,"measured":true},"geometry":{"type":"Polygon","coordinates":[[[-70.880358,42.552048],[-70.880457,42.551809],[-70.880613,42.551813],[-70.880603,42.552053],[-70.880358,42.552048]]]}},{"type":"Feature","properties":{"addr":"9 MECHANIC ST","units":1,"stories":1.5,"mbta":true,"lot_sf":4730,"req_lot_sf":6000,"frontage_ft":58.6,"req_side_ft":10,"over_unit_cap":false,"corner":false,"t_area":"short","t_frontage":"meets","front_ft":4.3,"side_ft":0.3,"rear_ft":21.9,"t_front":"short","t_side":"short","t_rear":"meets","n_short":3,"measured":true},"geometry":{"type":"Polygon","coordinates":[[[-70.880342,42.552733],[-70.880366,42.552559],[-70.880635,42.552566],[-70.880625,42.55274],[-70.880342,42.552733]]]}},{"type":"Feature","properties":{"addr":"20 ROUNDY ST","units":1,"stories":2.0,"mbta":true,"lot_sf":5348,"req_lot_sf":6000,"frontage_ft":147.3,"req_side_ft":10,"over_unit_cap":false,"corner":false,"t_area":"short","t_frontage":"meets","front_ft":6.2,"side_ft":19.2,"rear_ft":18.7,"t_front":"short","t_side":"meets","t_rear":"close","n_short":2,"measured":true},"geometry":{"type":"Polygon","coordinates":[[[-70.880375,42.553214],[-70.880383,42.552981],[-70.880601,42.552985],[-70.880623,42.552986],[-70.8806,42.553221],[-70.880375,42.553214]]]}},{"type":"Feature","properties":{"addr":"29 MECHANIC ST","units":1,"stories":1.75,"mbta":true,"lot_sf":1488,"req_lot_sf":6000,"frontage_ft":75.2,"req_side_ft":10,"over_unit_cap":false,"corner":false,"t_area":"short","t_frontage":"meets","front_ft":0.0,"side_ft":0.0,"rear_ft":5.0,"t_front":"short","t_side":"short","t_rear":"short","n_short":4,"measured":true},"geometry":{"type":"Polygon","coordinates":[[[-70.880376,42.553814],[-70.880356,42.553803],[-70.880395,42.553727],[-70.880558,42.553734],[-70.880519,42.553828],[-70.880376,42.553814]]]}},{"type":"Feature","properties":{"addr":"17 MULBERRY ST","units":1,"stories":1.75,"mbta":true,"lot_sf":4389,"req_lot_sf":6000,"frontage_ft":132.3,"req_side_ft":10,"over_unit_cap":false,"corner":false,"t_area":"short","t_frontage":"meets","front_ft":6.6,"side_ft":18.4,"rear_ft":13.2,"t_front":"short","t_side":"meets","t_rear":"short","n_short":3,"measured":true},"geometry":{"type":"Polygon","coordinates":[[[-70.880306,42.551065],[-70.880362,42.550927],[-70.880655,42.550994],[-70.880591,42.551136],[-70.880306,42.551065]]]}},{"type":"Feature","properties":{"addr":"24 BOW ST","units":2,"stories":2.5,"mbta":true,"lot_sf":2770,"req_lot_sf":6000,"frontage_ft":35.7,"req_side_ft":10,"over_unit_cap":false,"corner":false,"t_area":"short","t_frontage":"short","front_ft":1.8,"side_ft":0.2,"rear_ft":16.9,"t_front":"short","t_side":"short","t_rear":"short","n_short":5,"measured":true},"geometry":{"type":"Polygon","coordinates":[[[-70.880399,42.548537],[-70.88045,42.548359],[-70.880604,42.548379],[-70.880546,42.54856],[-70.880399,42.548537]]]}},{"type":"Feature","properties":{"addr":"17 VESTRY ST","units":2,"stories":2.0,"mbta":true,"lot_sf":5814,"req_lot_sf":6000,"frontage_ft":59.0,"req_side_ft":10,"over_unit_cap":false,"corner":false,"t_area":"close","t_frontage":"meets","front_ft":10.7,"side_ft":11.0,"rear_ft":11.0,"t_front":"short","t_side":"meets","t_rear":"short","n_short":2,"measured":true},"geometry":{"type":"Polygon","coordinates":[[[-70.880414,42.547148],[-70.880429,42.547069],[-70.8804,42.547066],[-70.88041,42.547019],[-70.880363,42.547013],[-70.880405,42.546863],[-70.880639,42.546896],[-70.880579,42.547167],[-70.880414,42.547148]]]}},{"type":"Feature","properties":{"addr":"23 FEDERAL ST","units":3,"stories":3.0,"mbta":true,"lot_sf":4784,"req_lot_sf":6000,"frontage_ft":40.7,"req_side_ft":10,"over_unit_cap":false,"corner":false,"t_area":"short","t_frontage":"short","front_ft":1.9,"side_ft":7.1,"rear_ft":34.4,"t_front":"short","t_side":"close","t_rear":"meets","n_short":3,"measured":true},"geometry":{"type":"Polygon","coordinates":[[[-70.88033,42.549838],[-70.880458,42.549575],[-70.88062,42.549612],[-70.880505,42.549875],[-70.88033,42.549838]]]}},{"type":"Feature","properties":{"addr":"15 MECHANIC ST","units":2,"stories":2.0,"mbta":true,"lot_sf":4809,"req_lot_sf":6000,"frontage_ft":39.1,"req_side_ft":10,"over_unit_cap":false,"corner":false,"t_area":"short","t_frontage":"short","front_ft":24.8,"side_ft":3.3,"rear_ft":4.1,"t_front":"meets","t_side":"short","t_rear":"short","n_short":4,"measured":true},"geometry":{"type":"Polygon","coordinates":[[[-70.880209,42.552853],[-70.880219,42.552759],[-70.880221,42.552733],[-70.880342,42.552733],[-70.880625,42.55274],[-70.880613,42.552861],[-70.880209,42.552853]]]}},{"type":"Feature","properties":{"addr":"40 ELLIOTT ST","units":2,"stories":2.5,"mbta":true,"lot_sf":3003,"req_lot_sf":6000,"frontage_ft":118.7,"req_side_ft":10,"over_unit_cap":false,"corner":false,"t_area":"short","t_frontage":"meets","front_ft":5.6,"side_ft":5.9,"rear_ft":3.0,"t_front":"short","t_side":"short","t_rear":"short","n_short":4,"measured":true},"geometry":{"type":"Polygon","coordinates":[[[-70.880285,42.553984],[-70.880376,42.553814],[-70.880519,42.553828],[-70.880434,42.554036],[-70.880285,42.553984]]]}},{"type":"Feature","properties":{"addr":"22 FEDERAL ST","units":57,"stories":5.0,"mbta":true,"lot_sf":19273,"req_lot_sf":6000,"frontage_ft":122.3,"req_side_ft":15,"over_unit_cap":true,"corner":false,"t_area":"meets","t_frontage":"meets","front_ft":4.6,"side_ft":5.9,"rear_ft":5.5,"t_front":"short","t_side":"short","t_rear":"short","n_short":3,"measured":true},"geometry":{"type":"Polygon","coordinates":[[[-70.88012,42.549376],[-70.880245,42.549055],[-70.880435,42.549089],[-70.880472,42.548968],[-70.880666,42.549003],[-70.880702,42.549009],[-70.880748,42.549018],[-70.880699,42.549137],[-70.880571,42.549479],[-70.88012,42.549376]]]}},{"type":"Feature","properties":{"addr":"17 MECHANIC ST","units":2,"stories":2.5,"mbta":true,"lot_sf":4838,"req_lot_sf":6000,"frontage_ft":40.6,"req_side_ft":10,"over_unit_cap":false,"corner":false,"t_area":"short","t_frontage":"short","front_ft":28.4,"side_ft":2.3,"rear_ft":10.9,"t_front":"meets","t_side":"short","t_rear":"short","n_short":4,"measured":true},"geometry":{"type":"Polygon","coordinates":[[[-70.880383,42.552981],[-70.880213,42.552977],[-70.880209,42.552853],[-70.880613,42.552861],[-70.880601,42.552985],[-70.880383,42.552981]]]}},{"type":"Feature","properties":{"addr":"17 ROUNDY ST","units":3,"stories":2.0,"mbta":true,"lot_sf":5683,"req_lot_sf":6000,"frontage_ft":88.4,"req_side_ft":10,"over_unit_cap":false,"corner":false,"t_area":"short","t_frontage":"meets","front_ft":1.8,"side_ft":4.6,"rear_ft":27.4,"t_front":"short","t_side":"short","t_rear":"meets","n_short":3,"measured":true},"geometry":{"type":"Polygon","coordinates":[[[-70.880438,42.553487],[-70.880301,42.553482],[-70.880204,42.553479],[-70.880231,42.553302],[-70.880573,42.55334],[-70.880562,42.553491],[-70.880438,42.553487]]]}},{"type":"Feature","properties":{"addr":"16 BROADWAY","units":8,"stories":2.0,"mbta":true,"lot_sf":27000,"req_lot_sf":6000,"frontage_ft":254.7,"req_side_ft":10,"over_unit_cap":false,"corner":false,"t_area":"meets","t_frontage":"meets","front_ft":28.6,"side_ft":27.5,"rear_ft":57.9,"t_front":"meets","t_side":"meets","t_rear":"meets","n_short":0,"measured":true},"geometry":{"type":"Polygon","coordinates":[[[-70.880004,42.547314],[-70.880171,42.547153],[-70.880112,42.547148],[-70.880124,42.547115],[-70.880414,42.547148],[-70.880579,42.547167],[-70.880576,42.54718],[-70.880749,42.547211],[-70.880793,42.547606],[-70.880466,42.547635],[-70.880004,42.547314]]]}},{"type":"Feature","properties":{"addr":"6 CHAPMAN TERR","units":2,"stories":2.0,"mbta":true,"lot_sf":2435,"req_lot_sf":6000,"frontage_ft":null,"req_side_ft":10,"over_unit_cap":false,"corner":false,"t_area":"short","t_frontage":null,"front_ft":null,"side_ft":null,"rear_ft":null,"t_front":null,"t_side":null,"t_rear":null,"n_short":1,"measured":false},"geometry":{"type":"Polygon","coordinates":[[[-70.880312,42.549939],[-70.8803,42.549967],[-70.880287,42.549964],[-70.880273,42.549961],[-70.880328,42.549838],[-70.88033,42.549838],[-70.880505,42.549875],[-70.880549,42.549885],[-70.880511,42.549986],[-70.880312,42.549939]]]}},{"type":"Feature","properties":{"addr":"5 CHAPMAN TERR","units":1,"stories":1.0,"mbta":true,"lot_sf":3871,"req_lot_sf":6000,"frontage_ft":null,"req_side_ft":10,"over_unit_cap":false,"corner":false,"t_area":"short","t_frontage":null,"front_ft":null,"side_ft":null,"rear_ft":null,"t_front":null,"t_side":null,"t_rear":null,"n_short":1,"measured":false},"geometry":{"type":"Polygon","coordinates":[[[-70.880432,42.550102],[-70.880434,42.550094],[-70.880236,42.550108],[-70.8803,42.549967],[-70.880312,42.549939],[-70.880511,42.549986],[-70.880495,42.550028],[-70.88059,42.550051],[-70.880558,42.55013],[-70.880432,42.550102]]]}},{"type":"Feature","properties":{"addr":"25 POND ST","units":2,"stories":2.5,"mbta":true,"lot_sf":3779,"req_lot_sf":6000,"frontage_ft":41.3,"req_side_ft":10,"over_unit_cap":false,"corner":false,"t_area":"short","t_frontage":"short","front_ft":4.3,"side_ft":3.9,"rear_ft":14.1,"t_front":"short","t_side":"short","t_rear":"short","n_short":5,"measured":true},"geometry":{"type":"Polygon","coordinates":[[[-70.880293,42.550484],[-70.880464,42.550471],[-70.880511,42.550669],[-70.880297,42.550682],[-70.880293,42.550484]]]}},{"type":"Feature","properties":{"addr":"19 MULBERRY ST","units":1,"stories":1.75,"mbta":true,"lot_sf":5999,"req_lot_sf":6000,"frontage_ft":54.7,"req_side_ft":10,"over_unit_cap":false,"corner":false,"t_area":"close","t_frontage":"meets","front_ft":65.7,"side_ft":2.4,"rear_ft":2.6,"t_front":"meets","t_side":"short","t_rear":"short","n_short":2,"measured":true},"geometry":{"type":"Polygon","coordinates":[[[-70.880236,42.551227],[-70.880173,42.551213],[-70.880246,42.55105],[-70.880306,42.551065],[-70.880591,42.551136],[-70.880521,42.551291],[-70.880236,42.551227]]]}},{"type":"Feature","properties":{"addr":"17 BOW ST","units":3,"stories":2.0,"mbta":true,"lot_sf":5778,"req_lot_sf":6000,"frontage_ft":51.3,"req_side_ft":10,"over_unit_cap":false,"corner":false,"t_area":"close","t_frontage":"meets","front_ft":6.4,"side_ft":2.4,"rear_ft":27.2,"t_front":"short","t_side":"short","t_rear":"meets","n_short":2,"measured":true},"geometry":{"type":"Polygon","coordinates":[[[-70.880271,42.548914],[-70.880282,42.548802],[-70.880323,42.548631],[-70.880528,42.54866],[-70.880476,42.548927],[-70.880271,42.548914]]]}},{"type":"Feature","properties":{"addr":"6 GALLOUPE AVE","units":1,"stories":1.75,"mbta":true,"lot_sf":1998,"req_lot_sf":6000,"frontage_ft":32.1,"req_side_ft":10,"over_unit_cap":false,"corner":false,"t_area":"short","t_frontage":"short","front_ft":6.1,"side_ft":0.4,"rear_ft":14.7,"t_front":"short","t_side":"short","t_rear":"short","n_short":5,"measured":true},"geometry":{"type":"Polygon","coordinates":[[[-70.880291,42.55363],[-70.880301,42.553482],[-70.880438,42.553487],[-70.880428,42.553635],[-70.880291,42.55363]]]}},{"type":"Feature","properties":{"addr":"21 MULBERRY ST","units":3,"stories":1.0,"mbta":true,"lot_sf":3875,"req_lot_sf":6000,"frontage_ft":123.6,"req_side_ft":10,"over_unit_cap":false,"corner":false,"t_area":"short","t_frontage":"meets","front_ft":1.3,"side_ft":16.5,"rear_ft":14.9,"t_front":"short","t_side":"meets","t_rear":"short","n_short":3,"measured":true},"geometry":{"type":"Polygon","coordinates":[[[-70.88018,42.551353],[-70.880236,42.551227],[-70.880521,42.551291],[-70.880465,42.551417],[-70.88018,42.551353]]]}},{"type":"Feature","properties":{"addr":"15 RAILROAD AVE","units":2,"stories":2.0,"mbta":true,"lot_sf":4864,"req_lot_sf":6000,"frontage_ft":50.3,"req_side_ft":10,"over_unit_cap":false,"corner":false,"t_area":"short","t_frontage":"meets","front_ft":4.9,"side_ft":5.3,"rear_ft":7.7,"t_front":"short","t_side":"short","t_rear":"short","n_short":4,"measured":true},"geometry":{"type":"Polygon","coordinates":[[[-70.880207,42.546583],[-70.880305,42.546448],[-70.880335,42.546406],[-70.88033,42.546399],[-70.880367,42.546353],[-70.880546,42.546427],[-70.880409,42.546627],[-70.880207,42.546583]]]}},{"type":"Feature","properties":{"addr":"20 BOW ST","units":3,"stories":3.0,"mbta":true,"lot_sf":2948,"req_lot_sf":6000,"frontage_ft":39.6,"req_side_ft":10,"over_unit_cap":false,"corner":false,"t_area":"short","t_frontage":"short","front_ft":3.0,"side_ft":2.6,"rear_ft":22.4,"t_front":"short","t_side":"short","t_rear":"meets","n_short":4,"measured":true},"geometry":{"type":"Polygon","coordinates":[[[-70.880237,42.548511],[-70.880284,42.548337],[-70.880429,42.548356],[-70.88045,42.548359],[-70.880399,42.548537],[-70.880237,42.548511]]]}},{"type":"Feature","properties":{"addr":"15 WEST DANE ST","units":1,"stories":1.75,"mbta":true,"lot_sf":9348,"req_lot_sf":6000,"frontage_ft":84.5,"req_side_ft":10,"over_unit_cap":false,"corner":false,"t_area":"meets","t_frontage":"meets","front_ft":0.6,"side_ft":21.8,"rear_ft":49.9,"t_front":"short","t_side":"meets","t_rear":"meets","n_short":1,"measured":true},"geometry":{"type":"Polygon","coordinates":[[[-70.880362,42.552459],[-70.880176,42.552455],[-70.880135,42.552453],[-70.880141,42.552168],[-70.880473,42.552176],[-70.88047,42.552461],[-70.880362,42.552459]]]}},{"type":"Feature","properties":{"addr":"22 POND ST","units":1,"stories":2.0,"mbta":true,"lot_sf":4528,"req_lot_sf":6000,"frontage_ft":30.5,"req_side_ft":10,"over_unit_cap":false,"corner":false,"t_area":"short","t_frontage":"short","front_ft":15.3,"side_ft":0.9,"rear_ft":7.0,"t_front":"meets","t_side":"short","t_rear":"short","n_short":4,"measured":true},"geometry":{"type":"Polygon","coordinates":[[[-70.880194,42.550111],[-70.880236,42.550108],[-70.880434,42.550094],[-70.880432,42.550102],[-70.880391,42.550234],[-70.88038,42.550356],[-70.88025,42.550368],[-70.880194,42.550111]]]}},{"type":"Feature","properties":{"addr":"18 ROUNDY ST","units":2,"stories":1.75,"mbta":true,"lot_sf":3969,"req_lot_sf":6000,"frontage_ft":42.8,"req_side_ft":10,"over_unit_cap":false,"corner":false,"t_area":"short","t_frontage":"short","front_ft":8.4,"side_ft":7.5,"rear_ft":27.8,"t_front":"short","t_side":"close","t_rear":"meets","n_short":3,"measured":true},"geometry":{"type":"Polygon","coordinates":[[[-70.880198,42.553209],[-70.880213,42.552977],[-70.880383,42.552981],[-70.880375,42.553214],[-70.880198,42.553209]]]}},{"type":"Feature","properties":{"addr":"21 FEDERAL ST","units":2,"stories":2.0,"mbta":true,"lot_sf":5025,"req_lot_sf":6000,"frontage_ft":46.6,"req_side_ft":10,"over_unit_cap":false,"corner":false,"t_area":"short","t_frontage":"short","front_ft":3.5,"side_ft":0.0,"rear_ft":47.8,"t_front":"short","t_side":"short","t_rear":"meets","n_short":4,"measured":true},"geometry":{"type":"Polygon","coordinates":[[[-70.880328,42.549838],[-70.880162,42.549799],[-70.880275,42.549533],[-70.880458,42.549575],[-70.88033,42.549838],[-70.880328,42.549838]]]}},{"type":"Feature","properties":{"addr":"34 ELLIOTT ST","units":1,"stories":1.75,"mbta":true,"lot_sf":4383,"req_lot_sf":6000,"frontage_ft":48.2,"req_side_ft":10,"over_unit_cap":false,"corner":true,"t_area":"short","t_frontage":"close","front_ft":27.6,"side_ft":0.0,"rear_ft":5.6,"t_front":"meets","t_side":"short","t_rear":"short","n_short":3,"measured":true},"geometry":{"type":"Polygon","coordinates":[[[-70.880104,42.553925],[-70.880236,42.55372],[-70.880395,42.553727],[-70.880356,42.553803],[-70.880376,42.553814],[-70.880285,42.553984],[-70.880104,42.553925]]]}},{"type":"Feature","properties":{"addr":"7 MECHANIC ST","units":1,"stories":1.75,"mbta":true,"lot_sf":6318,"req_lot_sf":6000,"frontage_ft":3.8,"req_side_ft":10,"over_unit_cap":false,"corner":false,"t_area":"meets","t_frontage":"short","front_ft":75.6,"side_ft":3.5,"rear_ft":16.5,"t_front":"meets","t_side":"short","t_rear":"short","n_short":3,"measured":true},"geometry":{"type":"Polygon","coordinates":[[[-70.880165,42.552731],[-70.880134,42.552692],[-70.880143,42.552601],[-70.880176,42.552455],[-70.880362,42.552459],[-70.880354,42.552517],[-70.880447,42.552534],[-70.880637,42.552542],[-70.880635,42.552566],[-70.880366,42.552559],[-70.880342,42.552733],[-70.880221,42.552733],[-70.880165,42.552731]]]}},{"type":"Feature","properties":{"addr":"11 VESTRY ST","units":2,"stories":3.0,"mbta":true,"lot_sf":2817,"req_lot_sf":6000,"frontage_ft":43.4,"req_side_ft":10,"over_unit_cap":false,"corner":false,"t_area":"short","t_frontage":"short","front_ft":5.8,"side_ft":0.0,"rear_ft":18.3,"t_front":"short","t_side":"short","t_rear":"close","n_short":4,"measured":true},"geometry":{"type":"Polygon","coordinates":[[[-70.880172,42.546988],[-70.880229,42.546839],[-70.880405,42.546863],[-70.880363,42.547013],[-70.880172,42.546988]]]}},{"type":"Feature","properties":{"addr":"23 MULBERRY ST","units":1,"stories":1.75,"mbta":true,"lot_sf":4606,"req_lot_sf":6000,"frontage_ft":132.3,"req_side_ft":10,"over_unit_cap":false,"corner":false,"t_area":"short","t_frontage":"meets","front_ft":2.6,"side_ft":2.7,"rear_ft":1.0,"t_front":"short","t_side":"short","t_rear":"short","n_short":4,"measured":true},"geometry":{"type":"Polygon","coordinates":[[[-70.880069,42.551596],[-70.880137,42.55145],[-70.880419,42.551518],[-70.880358,42.551668],[-70.880069,42.551596]]]}},{"type":"Feature","properties":{"addr":"19 WALLIS ST","units":4,"stories":2.0,"mbta":true,"lot_sf":6156,"req_lot_sf":6000,"frontage_ft":92.3,"req_side_ft":10,"over_unit_cap":false,"corner":false,"t_area":"meets","t_frontage":"meets","front_ft":0.0,"side_ft":22.0,"rear_ft":10.6,"t_front":"short","t_side":"meets","t_rear":"short","n_short":2,"measured":true},"geometry":{"type":"Polygon","coordinates":[[[-70.880284,42.548337],[-70.880077,42.54831],[-70.880113,42.548145],[-70.88014,42.548147],[-70.880471,42.548176],[-70.880429,42.548356],[-70.880284,42.548337]]]}},{"type":"Feature","properties":{"addr":"8 MILTON ST","units":1,"stories":1.75,"mbta":true,"lot_sf":3423,"req_lot_sf":6000,"frontage_ft":null,"req_side_ft":10,"over_unit_cap":false,"corner":false,"t_area":"short","t_frontage":null,"front_ft":null,"side_ft":null,"rear_ft":null,"t_front":null,"t_side":null,"t_rear":null,"n_short":1,"measured":false},"geometry":{"type":"Polygon","coordinates":[[[-70.880124,42.547115],[-70.880172,42.546988],[-70.880363,42.547013],[-70.88041,42.547019],[-70.8804,42.547066],[-70.880429,42.547069],[-70.880414,42.547148],[-70.880124,42.547115]]]}},{"type":"Feature","properties":{"addr":"5 GALLOUPE AVE","units":1,"stories":1.75,"mbta":true,"lot_sf":1998,"req_lot_sf":6000,"frontage_ft":32.1,"req_side_ft":10,"over_unit_cap":false,"corner":false,"t_area":"short","t_frontage":"short","front_ft":3.0,"side_ft":0.3,"rear_ft":7.0,"t_front":"short","t_side":"short","t_rear":"short","n_short":5,"measured":true},"geometry":{"type":"Polygon","coordinates":[[[-70.880154,42.553625],[-70.880163,42.553477],[-70.880204,42.553479],[-70.880301,42.553482],[-70.880291,42.55363],[-70.880154,42.553625]]]}},{"type":"Feature","properties":{"addr":"9 ARTHUR ST","units":2,"stories":2.0,"mbta":true,"lot_sf":3101,"req_lot_sf":6000,"frontage_ft":104.2,"req_side_ft":10,"over_unit_cap":false,"corner":false,"t_area":"short","t_frontage":"meets","front_ft":1.9,"side_ft":0.0,"rear_ft":4.6,"t_front":"short","t_side":"short","t_rear":"short","n_short":4,"measured":true},"geometry":{"type":"Polygon","coordinates":[[[-70.880246,42.55105],[-70.880091,42.551009],[-70.880155,42.550879],[-70.880362,42.550927],[-70.880306,42.551065],[-70.880246,42.55105]]]}},{"type":"Feature","properties":{"addr":"23 POND ST","units":2,"stories":1.75,"mbta":true,"lot_sf":5487,"req_lot_sf":6000,"frontage_ft":49.0,"req_side_ft":10,"over_unit_cap":false,"corner":true,"t_area":"short","t_frontage":"close","front_ft":42.4,"side_ft":9.4,"rear_ft":3.8,"t_front":"meets","t_side":"close","t_rear":"short","n_short":2,"measured":true},"geometry":{"type":"Polygon","coordinates":[[[-70.880133,42.550788],[-70.880094,42.5505],[-70.880293,42.550484],[-70.880297,42.550682],[-70.880298,42.550751],[-70.8803,42.550807],[-70.880133,42.550788]]]}},{"type":"Feature","properties":{"addr":"6R CHAPMAN ST","units":5,"stories":2.0,"mbta":true,"lot_sf":7033,"req_lot_sf":6000,"frontage_ft":34.4,"req_side_ft":10,"over_unit_cap":false,"corner":false,"t_area":"meets","t_frontage":"short","front_ft":0.0,"side_ft":0.5,"rear_ft":17.1,"t_front":"short","t_side":"short","t_rear":"close","n_short":3,"measured":true},"geometry":{"type":"Polygon","coordinates":[[[-70.880245,42.549055],[-70.879918,42.548997],[-70.879959,42.548893],[-70.880271,42.548914],[-70.880476,42.548927],[-70.880472,42.548968],[-70.880435,42.549089],[-70.880245,42.549055]]]}},{"type":"Feature","properties":{"addr":"4 CHAPMAN TERR","units":2,"stories":2.0,"mbta":true,"lot_sf":2983,"req_lot_sf":6000,"frontage_ft":58.9,"req_side_ft":10,"over_unit_cap":false,"corner":false,"t_area":"short","t_frontage":"meets","front_ft":3.2,"side_ft":2.3,"rear_ft":12.3,"t_front":"short","t_side":"short","t_rear":"short","n_short":4,"measured":true},"geometry":{"type":"Polygon","coordinates":[[[-70.880047,42.549908],[-70.880108,42.549786],[-70.880162,42.549799],[-70.880328,42.549838],[-70.880273,42.549961],[-70.880047,42.549908]]]}},{"type":"Feature","properties":{"addr":"25 MULBERRY ST","units":1,"stories":1.75,"mbta":true,"lot_sf":5668,"req_lot_sf":6000,"frontage_ft":55.5,"req_side_ft":10,"over_unit_cap":false,"corner":false,"t_area":"short","t_frontage":"meets","front_ft":3.0,"side_ft":1.9,"rear_ft":30.9,"t_front":"short","t_side":"short","t_rear":"meets","n_short":3,"measured":true},"geometry":{"type":"Polygon","coordinates":[[[-70.88002,42.551797],[-70.879979,42.551793],[-70.880069,42.551596],[-70.880358,42.551668],[-70.880294,42.551827],[-70.88002,42.551797]]]}},{"type":"Feature","properties":{"addr":"15 BOW ST","units":5,"stories":2.0,"mbta":true,"lot_sf":4423,"req_lot_sf":6000,"frontage_ft":124.4,"req_side_ft":10,"over_unit_cap":false,"corner":false,"t_area":"short","t_frontage":"meets","front_ft":0.2,"side_ft":17.5,"rear_ft":1.9,"t_front":"short","t_side":"meets","t_rear":"short","n_short":3,"measured":true},"geometry":{"type":"Polygon","coordinates":[[[-70.880012,42.548758],[-70.880077,42.548595],[-70.880323,42.548631],[-70.880282,42.548802],[-70.880012,42.548758]]]}},{"type":"Feature","properties":{"addr":"15 ROUNDY ST","units":3,"stories":2.75,"mbta":true,"lot_sf":3757,"req_lot_sf":6000,"frontage_ft":58.8,"req_side_ft":10,"over_unit_cap":false,"corner":false,"t_area":"short","t_frontage":"meets","front_ft":0.0,"side_ft":0.0,"rear_ft":29.4,"t_front":"short","t_side":"short","t_rear":"meets","n_short":3,"measured":true},"geometry":{"type":"Polygon","coordinates":[[[-70.880163,42.553477],[-70.880026,42.553472],[-70.879984,42.553471],[-70.879995,42.553312],[-70.880231,42.553302],[-70.880204,42.553479],[-70.880163,42.553477]]]}},{"type":"Feature","properties":{"addr":"27 MULBERRY ST","units":2,"stories":3.0,"mbta":true,"lot_sf":5281,"req_lot_sf":6000,"frontage_ft":129.0,"req_side_ft":10,"over_unit_cap":false,"corner":false,"t_area":"short","t_frontage":"meets","front_ft":0.7,"side_ft":6.1,"rear_ft":1.0,"t_front":"short","t_side":"short","t_rear":"short","n_short":4,"measured":true},"geometry":{"type":"Polygon","coordinates":[[[-70.880011,42.552035],[-70.88002,42.551797],[-70.880294,42.551827],[-70.880207,42.552039],[-70.880011,42.552035]]]}},{"type":"Feature","properties":{"addr":"18 BOW ST","units":1,"stories":1.0,"mbta":true,"lot_sf":3579,"req_lot_sf":6000,"frontage_ft":50.8,"req_side_ft":10,"over_unit_cap":false,"corner":false,"t_area":"short","t_frontage":"meets","front_ft":5.8,"side_ft":0.2,"rear_ft":0.0,"t_front":"short","t_side":"short","t_rear":"short","n_short":4,"measured":true},"geometry":{"type":"Polygon","coordinates":[[[-70.880034,42.54848],[-70.880076,42.548318],[-70.880077,42.54831],[-70.880284,42.548337],[-70.880237,42.548511],[-70.880034,42.54848]]]}},{"type":"Feature","properties":{"addr":"3 CHAPMAN TERR","units":1,"stories":1.0,"mbta":true,"lot_sf":2873,"req_lot_sf":6000,"frontage_ft":69.4,"req_side_ft":10,"over_unit_cap":false,"corner":false,"t_area":"short","t_frontage":"meets","front_ft":0.0,"side_ft":5.8,"rear_ft":7.7,"t_front":"short","t_side":"short","t_rear":"short","n_short":4,"measured":true},"geometry":{"type":"Polygon","coordinates":[[[-70.880066,42.549966],[-70.880265,42.550011],[-70.880287,42.549964],[-70.8803,42.549967],[-70.880236,42.550108],[-70.880194,42.550111],[-70.880008,42.550124],[-70.880066,42.549966]]]}},{"type":"Feature","properties":{"addr":"3 ARTHUR ST","units":1,"stories":2.0,"mbta":true,"lot_sf":2811,"req_lot_sf":6000,"frontage_ft":59.7,"req_side_ft":10,"over_unit_cap":false,"corner":false,"t_area":"short","t_frontage":"meets","front_ft":3.2,"side_ft":5.7,"rear_ft":4.5,"t_front":"short","t_side":"short","t_rear":"short","n_short":4,"measured":true},"geometry":{"type":"Polygon","coordinates":[[[-70.880016,42.551178],[-70.880091,42.551009],[-70.880246,42.55105],[-70.880173,42.551213],[-70.880016,42.551178]]]}},{"type":"Feature","properties":{"addr":"20 POND ST","units":2,"stories":2.5,"mbta":true,"lot_sf":4776,"req_lot_sf":6000,"frontage_ft":44.4,"req_side_ft":10,"over_unit_cap":false,"corner":false,"t_area":"short","t_frontage":"short","front_ft":12.3,"side_ft":3.4,"rear_ft":31.0,"t_front":"close","t_side":"short","t_rear":"meets","n_short":3,"measured":true},"geometry":{"type":"Polygon","coordinates":[[[-70.880005,42.550125],[-70.880008,42.550124],[-70.880194,42.550111],[-70.88025,42.550368],[-70.880068,42.550384],[-70.880005,42.550125]]]}},{"type":"Feature","properties":{"addr":"16 ROUNDY ST","units":3,"stories":3.0,"mbta":true,"lot_sf":4145,"req_lot_sf":6000,"frontage_ft":43.5,"req_side_ft":10,"over_unit_cap":false,"corner":false,"t_area":"short","t_frontage":"short","front_ft":10.3,"side_ft":4.8,"rear_ft":16.6,"t_front":"short","t_side":"short","t_rear":"short","n_short":5,"measured":true},"geometry":{"type":"Polygon","coordinates":[[[-70.880018,42.553205],[-70.880032,42.552969],[-70.880213,42.552977],[-70.880198,42.553209],[-70.880018,42.553205]]]}},{"type":"Feature","properties":{"addr":"32 ELLIOTT ST","units":1,"stories":2.0,"mbta":true,"lot_sf":3416,"req_lot_sf":6000,"frontage_ft":45.7,"req_side_ft":10,"over_unit_cap":false,"corner":true,"t_area":"short","t_frontage":"short","front_ft":15.3,"side_ft":5.3,"rear_ft":5.2,"t_front":"meets","t_side":"short","t_rear":"short","n_short":4,"measured":true},"geometry":{"type":"Polygon","coordinates":[[[-70.879949,42.553872],[-70.880047,42.553713],[-70.880236,42.55372],[-70.880104,42.553925],[-70.879949,42.553872]]]}},{"type":"Feature","properties":{"addr":"4 CHAPMAN ST","units":3,"stories":2.75,"mbta":true,"lot_sf":3643,"req_lot_sf":6000,"frontage_ft":46.6,"req_side_ft":10,"over_unit_cap":false,"corner":false,"t_area":"short","t_frontage":"short","front_ft":0.0,"side_ft":1.0,"rear_ft":35.9,"t_front":"short","t_side":"short","t_rear":"meets","n_short":4,"measured":true},"geometry":{"type":"Polygon","coordinates":[[[-70.879959,42.548893],[-70.880012,42.548758],[-70.880282,42.548802],[-70.880271,42.548914],[-70.879959,42.548893]]]}},{"type":"Feature","properties":{"addr":"11 JUDSON ST","units":1,"stories":1.75,"mbta":true,"lot_sf":2938,"req_lot_sf":6000,"frontage_ft":103.5,"req_side_ft":10,"over_unit_cap":false,"corner":false,"t_area":"short","t_frontage":"meets","front_ft":0.0,"side_ft":7.2,"rear_ft":19.9,"t_front":"short","t_side":"close","t_rear":"close","n_short":2,"measured":true},"geometry":{"type":"Polygon","coordinates":[[[-70.879966,42.551304],[-70.880016,42.551178],[-70.880173,42.551213],[-70.880236,42.551227],[-70.88018,42.551353],[-70.879966,42.551304]]]}},{"type":"Feature","properties":{"addr":"4 GALLOUPE AVE","units":1,"stories":1.75,"mbta":true,"lot_sf":1998,"req_lot_sf":6000,"frontage_ft":32.1,"req_side_ft":10,"over_unit_cap":false,"corner":false,"t_area":"short","t_frontage":"short","front_ft":4.5,"side_ft":0.6,"rear_ft":6.2,"t_front":"short","t_side":"short","t_rear":"short","n_short":5,"measured":true},"geometry":{"type":"Polygon","coordinates":[[[-70.880017,42.55362],[-70.880026,42.553472],[-70.880163,42.553477],[-70.880154,42.553625],[-70.880017,42.55362]]]}},{"type":"Feature","properties":{"addr":"19 FEDERAL ST","units":2,"stories":2.5,"mbta":true,"lot_sf":6763,"req_lot_sf":6000,"frontage_ft":60.4,"req_side_ft":10,"over_unit_cap":false,"corner":false,"t_area":"meets","t_frontage":"meets","front_ft":5.9,"side_ft":3.5,"rear_ft":23.6,"t_front":"short","t_side":"short","t_rear":"meets","n_short":2,"measured":true},"geometry":{"type":"Polygon","coordinates":[[[-70.880108,42.549786],[-70.879981,42.549758],[-70.879921,42.549745],[-70.880044,42.549481],[-70.880275,42.549533],[-70.880162,42.549799],[-70.880108,42.549786]]]}},{"type":"Feature","properties":{"addr":"13 WEST DANE ST","units":2,"stories":2.0,"mbta":true,"lot_sf":5168,"req_lot_sf":6000,"frontage_ft":44.2,"req_side_ft":10,"over_unit_cap":false,"corner":false,"t_area":"short","t_frontage":"short","front_ft":3.7,"side_ft":1.6,"rear_ft":51.6,"t_front":"short","t_side":"short","t_rear":"meets","n_short":4,"measured":true},"geometry":{"type":"Polygon","coordinates":[[[-70.879948,42.552449],[-70.879959,42.552163],[-70.880141,42.552168],[-70.880135,42.552453],[-70.879948,42.552449]]]}},{"type":"Feature","properties":{"addr":"14H ROUNDY ST","units":8,"stories":4.0,"mbta":true,"lot_sf":24196,"req_lot_sf":6000,"frontage_ft":48.8,"req_side_ft":15,"over_unit_cap":false,"corner":false,"t_area":"meets","t_frontage":"close","front_ft":100.8,"side_ft":14.9,"rear_ft":3.6,"t_front":"meets","t_side":"close","t_rear":"short","n_short":1,"measured":true},"geometry":{"type":"Polygon","coordinates":[[[-70.879819,42.553198],[-70.879844,42.552965],[-70.879829,42.552964],[-70.879849,42.552749],[-70.879851,42.552733],[-70.879753,42.552731],[-70.879759,42.552444],[-70.879948,42.552449],[-70.880135,42.552453],[-70.880176,42.552455],[-70.880143,42.552601],[-70.880134,42.552692],[-70.880165,42.552731],[-70.880221,42.552733],[-70.880219,42.552759],[-70.880209,42.552853],[-70.880213,42.552977],[-70.880032,42.552969],[-70.880018,42.553205],[-70.879819,42.553198]]]}},{"type":"Feature","properties":{"addr":"21 POND ST","units":1,"stories":2.0,"mbta":true,"lot_sf":5243,"req_lot_sf":6000,"frontage_ft":44.5,"req_side_ft":10,"over_unit_cap":false,"corner":false,"t_area":"short","t_frontage":"short","front_ft":6.5,"side_ft":4.4,"rear_ft":41.7,"t_front":"short","t_side":"short","t_rear":"meets","n_short":4,"measured":true},"geometry":{"type":"Polygon","coordinates":[[[-70.880117,42.550786],[-70.879927,42.550776],[-70.879912,42.550514],[-70.880094,42.5505],[-70.880133,42.550788],[-70.880117,42.550786]]]}},{"type":"Feature","properties":{"addr":"2 CHAPMAN TERR","units":1,"stories":2.0,"mbta":true,"lot_sf":1603,"req_lot_sf":6000,"frontage_ft":27.6,"req_side_ft":10,"over_unit_cap":false,"corner":false,"t_area":"short","t_frontage":"short","front_ft":7.4,"side_ft":3.1,"rear_ft":9.9,"t_front":"short","t_side":"short","t_rear":"short","n_short":5,"measured":true},"geometry":{"type":"Polygon","coordinates":[[[-70.879931,42.549881],[-70.879981,42.549758],[-70.880108,42.549786],[-70.880047,42.549908],[-70.879931,42.549881]]]}},{"type":"Feature","properties":{"addr":"18 FEDERAL ST","units":1,"stories":null,"mbta":true,"lot_sf":10777,"req_lot_sf":6000,"frontage_ft":201.9,"req_side_ft":10,"over_unit_cap":false,"corner":false,"t_area":"meets","t_frontage":"meets","front_ft":null,"side_ft":null,"rear_ft":null,"t_front":null,"t_side":null,"t_rear":null,"n_short":0,"measured":false},"geometry":{"type":"Polygon","coordinates":[[[-70.879797,42.549302],[-70.879918,42.548997],[-70.880245,42.549055],[-70.88012,42.549376],[-70.879797,42.549302]]]}},{"type":"Feature","properties":{"addr":"12 JUDSON ST","units":2,"stories":2.5,"mbta":true,"lot_sf":6503,"req_lot_sf":6000,"frontage_ft":46.0,"req_side_ft":10,"over_unit_cap":false,"corner":false,"t_area":"meets","t_frontage":"short","front_ft":9.2,"side_ft":9.1,"rear_ft":11.2,"t_front":"short","t_side":"close","t_rear":"short","n_short":3,"measured":true},"geometry":{"type":"Polygon","coordinates":[[[-70.87982,42.551785],[-70.879816,42.551762],[-70.879954,42.551416],[-70.880137,42.55145],[-70.880069,42.551596],[-70.879979,42.551793],[-70.87982,42.551785]]]}},{"type":"Feature","properties":{"addr":"12 ARTHUR ST","units":1,"stories":1.75,"mbta":true,"lot_sf":2417,"req_lot_sf":6000,"frontage_ft":93.0,"req_side_ft":10,"over_unit_cap":false,"corner":false,"t_area":"short","t_frontage":"meets","front_ft":1.3,"side_ft":12.7,"rear_ft":10.3,"t_front":"short","t_side":"meets","t_rear":"short","n_short":3,"measured":true},"geometry":{"type":"Polygon","coordinates":[[[-70.879845,42.550879],[-70.879863,42.550773],[-70.879927,42.550776],[-70.880117,42.550786],[-70.880066,42.550885],[-70.879845,42.550879]]]}},{"type":"Feature","properties":{"addr":"3 GALLOUPE AVE","units":1,"stories":1.75,"mbta":true,"lot_sf":1998,"req_lot_sf":6000,"frontage_ft":32.1,"req_side_ft":10,"over_unit_cap":false,"corner":false,"t_area":"short","t_frontage":"short","front_ft":1.8,"side_ft":0.3,"rear_ft":15.0,"t_front":"short","t_side":"short","t_rear":"short","n_short":5,"measured":true},"geometry":{"type":"Polygon","coordinates":[[[-70.87988,42.553615],[-70.879889,42.553467],[-70.879984,42.553471],[-70.880026,42.553472],[-70.880017,42.55362],[-70.87988,42.553615]]]}},{"type":"Feature","properties":{"addr":"24 ELLIOTT ST","units":2,"stories":2.0,"mbta":true,"lot_sf":2140,"req_lot_sf":6000,"frontage_ft":34.7,"req_side_ft":10,"over_unit_cap":false,"corner":true,"t_area":"short","t_frontage":"short","front_ft":5.1,"side_ft":0.0,"rear_ft":0.8,"t_front":"short","t_side":"short","t_rear":"short","n_short":5,"measured":true},"geometry":{"type":"Polygon","coordinates":[[[-70.879816,42.553825],[-70.879901,42.553706],[-70.880047,42.553713],[-70.879949,42.553872],[-70.879816,42.553825]]]}},{"type":"Feature","properties":{"addr":"1 CHAPMAN TERR","units":1,"stories":1.0,"mbta":true,"lot_sf":3026,"req_lot_sf":6000,"frontage_ft":37.5,"req_side_ft":10,"over_unit_cap":false,"corner":false,"t_area":"short","t_frontage":"short","front_ft":4.0,"side_ft":4.6,"rear_ft":11.3,"t_front":"short","t_side":"short","t_rear":"short","n_short":5,"measured":true},"geometry":{"type":"Polygon","coordinates":[[[-70.879858,42.550065],[-70.879915,42.549933],[-70.880066,42.549966],[-70.880008,42.550124],[-70.880005,42.550125],[-70.879826,42.550137],[-70.879858,42.550065]]]}},{"type":"Feature","properties":{"addr":"18 POND ST","units":2,"stories":2.5,"mbta":true,"lot_sf":4620,"req_lot_sf":6000,"frontage_ft":42.6,"req_side_ft":10,"over_unit_cap":false,"corner":false,"t_area":"short","t_frontage":"short","front_ft":12.7,"side_ft":1.7,"rear_ft":33.5,"t_front":"close","t_side":"short","t_rear":"meets","n_short":3,"measured":true},"geometry":{"type":"Polygon","coordinates":[[[-70.879826,42.550137],[-70.880005,42.550125],[-70.880068,42.550384],[-70.879893,42.550399],[-70.879826,42.550137]]]}},{"type":"Feature","properties":{"addr":"13 ROUNDY ST","units":2,"stories":2.0,"mbta":true,"lot_sf":3480,"req_lot_sf":6000,"frontage_ft":55.1,"req_side_ft":10,"over_unit_cap":false,"corner":false,"t_area":"short","t_frontage":"meets","front_ft":0.0,"side_ft":3.5,"rear_ft":13.8,"t_front":"short","t_side":"short","t_rear":"short","n_short":4,"measured":true},"geometry":{"type":"Polygon","coordinates":[[[-70.879889,42.553467],[-70.879762,42.553463],[-70.879772,42.553304],[-70.879995,42.553312],[-70.879984,42.553471],[-70.879889,42.553467]]]}},{"type":"Feature","properties":{"addr":"12 WEST DANE ST","units":3,"stories":3.0,"mbta":true,"lot_sf":5500,"req_lot_sf":6000,"frontage_ft":55.4,"req_side_ft":10,"over_unit_cap":false,"corner":false,"t_area":"short","t_frontage":"meets","front_ft":4.0,"side_ft":9.4,"rear_ft":53.8,"t_front":"short","t_side":"close","t_rear":"meets","n_short":2,"measured":true},"geometry":{"type":"Polygon","coordinates":[[[-70.879793,42.551783],[-70.87982,42.551785],[-70.879979,42.551793],[-70.88002,42.551797],[-70.880011,42.552035],[-70.879787,42.552041],[-70.879793,42.551783]]]}},{"type":"Feature","properties":{"addr":"6 MILTON ST","units":2,"stories":3.0,"mbta":true,"lot_sf":7276,"req_lot_sf":6000,"frontage_ft":75.3,"req_side_ft":10,"over_unit_cap":false,"corner":false,"t_area":"meets","t_frontage":"meets","front_ft":7.1,"side_ft":1.4,"rear_ft":2.1,"t_front":"short","t_side":"short","t_rear":"short","n_short":3,"measured":true},"geometry":{"type":"Polygon","coordinates":[[[-70.879741,42.547212],[-70.879818,42.547056],[-70.879846,42.546998],[-70.880124,42.547115],[-70.880112,42.547148],[-70.880171,42.547153],[-70.880004,42.547314],[-70.879741,42.547212]]]}},{"type":"Feature","properties":{"addr":"6 ARTHUR ST","units":2,"stories":1.5,"mbta":true,"lot_sf":3778,"req_lot_sf":6000,"frontage_ft":128.2,"req_side_ft":10,"over_unit_cap":false,"corner":false,"t_area":"short","t_frontage":"meets","front_ft":1.2,"side_ft":2.2,"rear_ft":11.8,"t_front":"short","t_side":"short","t_rear":"short","n_short":4,"measured":true},"geometry":{"type":"Polygon","coordinates":[[[-70.879792,42.551046],[-70.879782,42.551043],[-70.879782,42.550996],[-70.879715,42.550995],[-70.879716,42.550921],[-70.879782,42.550917],[-70.880044,42.550926],[-70.879968,42.551088],[-70.879792,42.551046]]]}},{"type":"Feature","properties":{"addr":"4 ARTHUR ST","units":1,"stories":2.0,"mbta":true,"lot_sf":1597,"req_lot_sf":6000,"frontage_ft":29.6,"req_side_ft":10,"over_unit_cap":false,"corner":false,"t_area":"short","t_frontage":"short","front_ft":6.6,"side_ft":0.0,"rear_ft":8.3,"t_front":"short","t_side":"short","t_rear":"short","n_short":5,"measured":true},"geometry":{"type":"Polygon","coordinates":[[[-70.879778,42.551143],[-70.879792,42.551046],[-70.879968,42.551088],[-70.879927,42.551178],[-70.879778,42.551143]]]}},{"type":"Feature","properties":{"addr":"19 POND ST","units":2,"stories":2.0,"mbta":true,"lot_sf":3750,"req_lot_sf":6000,"frontage_ft":37.3,"req_side_ft":10,"over_unit_cap":false,"corner":false,"t_area":"short","t_frontage":"short","front_ft":2.9,"side_ft":0.0,"rear_ft":39.2,"t_front":"short","t_side":"short","t_rear":"meets","n_short":4,"measured":true},"geometry":{"type":"Polygon","coordinates":[[[-70.879863,42.550773],[-70.87978,42.550769],[-70.879756,42.550526],[-70.879912,42.550514],[-70.879927,42.550776],[-70.879863,42.550773]]]}},{"type":"Feature","properties":{"addr":"2 GALLOUPE AVE","units":1,"stories":1.75,"mbta":true,"lot_sf":1998,"req_lot_sf":6000,"frontage_ft":32.1,"req_side_ft":10,"over_unit_cap":false,"corner":false,"t_area":"short","t_frontage":"short","front_ft":2.0,"side_ft":0.0,"rear_ft":15.8,"t_front":"short","t_side":"short","t_rear":"short","n_short":5,"measured":true},"geometry":{"type":"Polygon","coordinates":[[[-70.879742,42.553611],[-70.879752,42.553463],[-70.879762,42.553463],[-70.879889,42.553467],[-70.87988,42.553615],[-70.879742,42.553611]]]}},{"type":"Feature","properties":{"addr":"14 CHAPMAN ST","units":3,"stories":3.0,"mbta":true,"lot_sf":8143,"req_lot_sf":6000,"frontage_ft":180.5,"req_side_ft":10,"over_unit_cap":false,"corner":false,"t_area":"meets","t_frontage":"meets","front_ft":0.0,"side_ft":37.7,"rear_ft":27.9,"t_front":"short","t_side":"meets","t_rear":"meets","n_short":1,"measured":true},"geometry":{"type":"Polygon","coordinates":[[[-70.879649,42.549684],[-70.879748,42.549414],[-70.880044,42.549481],[-70.879921,42.549745],[-70.879649,42.549684]]]}},{"type":"Feature","properties":{"addr":"10 JUDSON ST","units":6,"stories":2.5,"mbta":true,"lot_sf":4738,"req_lot_sf":6000,"frontage_ft":45.1,"req_side_ft":10,"over_unit_cap":false,"corner":false,"t_area":"short","t_frontage":"short","front_ft":0.0,"side_ft":3.1,"rear_ft":12.9,"t_front":"short","t_side":"short","t_rear":"short","n_short":5,"measured":true},"geometry":{"type":"Polygon","coordinates":[[[-70.879802,42.551667],[-70.879705,42.551659],[-70.879737,42.551534],[-70.879776,42.551377],[-70.879954,42.551416],[-70.879816,42.551762],[-70.879802,42.551667]]]}},{"type":"Feature","properties":{"addr":"22 ELLIOTT ST","units":1,"stories":1.75,"mbta":true,"lot_sf":1859,"req_lot_sf":6000,"frontage_ft":123.6,"req_side_ft":10,"over_unit_cap":false,"corner":false,"t_area":"short","t_frontage":"meets","front_ft":1.7,"side_ft":8.5,"rear_ft":9.1,"t_front":"short","t_side":"close","t_rear":"short","n_short":3,"measured":true},"geometry":{"type":"Polygon","coordinates":[[[-70.87966,42.55377],[-70.879703,42.553698],[-70.879901,42.553706],[-70.879816,42.553825],[-70.87966,42.55377]]]}},{"type":"Feature","properties":{"addr":"16 POND ST","units":2,"stories":2.0,"mbta":true,"lot_sf":3628,"req_lot_sf":6000,"frontage_ft":46.2,"req_side_ft":10,"over_unit_cap":false,"corner":false,"t_area":"short","t_frontage":"short","front_ft":16.4,"side_ft":3.4,"rear_ft":8.1,"t_front":"meets","t_side":"short","t_rear":"short","n_short":4,"measured":true},"geometry":{"type":"Polygon","coordinates":[[[-70.87972,42.550189],[-70.879826,42.550137],[-70.879893,42.550399],[-70.879705,42.550416],[-70.87972,42.550189]]]}},{"type":"Feature","properties":{"addr":"16-18 CHAPMAN ST","units":3,"stories":2.5,"mbta":true,"lot_sf":4302,"req_lot_sf":6000,"frontage_ft":133.2,"req_side_ft":10,"over_unit_cap":false,"corner":false,"t_area":"short","t_frontage":"meets","front_ft":0.0,"side_ft":8.0,"rear_ft":8.7,"t_front":"short","t_side":"close","t_rear":"short","n_short":3,"measured":true},"geometry":{"type":"Polygon","coordinates":[[[-70.879605,42.549806],[-70.879649,42.549684],[-70.879921,42.549745],[-70.879981,42.549758],[-70.879931,42.549881],[-70.879605,42.549806]]]}},{"type":"Feature","properties":{"addr":"1 ARTHUR ST CT","units":3,"stories":3.0,"mbta":true,"lot_sf":1890,"req_lot_sf":6000,"frontage_ft":10.7,"req_side_ft":10,"over_unit_cap":false,"corner":false,"t_area":"short","t_frontage":"short","front_ft":0.7,"side_ft":0.2,"rear_ft":2.8,"t_front":"short","t_side":"short","t_rear":"short","n_short":5,"measured":true},"geometry":{"type":"Polygon","coordinates":[[[-70.879787,42.550877],[-70.87968,42.550875],[-70.879674,42.550763],[-70.87978,42.550769],[-70.879863,42.550773],[-70.879845,42.550879],[-70.879787,42.550877]]]}},{"type":"Feature","properties":{"addr":"7 JUDSON ST","units":3,"stories":2.5,"mbta":true,"lot_sf":6049,"req_lot_sf":6000,"frontage_ft":130.8,"req_side_ft":10,"over_unit_cap":false,"corner":false,"t_area":"meets","t_frontage":"meets","front_ft":0.0,"side_ft":11.3,"rear_ft":8.0,"t_front":"short","t_side":"meets","t_rear":"short","n_short":2,"measured":true},"geometry":{"type":"Polygon","coordinates":[[[-70.879539,42.551193],[-70.87954,42.551058],[-70.879598,42.551058],[-70.879677,42.551026],[-70.87968,42.550994],[-70.879715,42.550995],[-70.879782,42.550996],[-70.879782,42.551043],[-70.879792,42.551046],[-70.879778,42.551143],[-70.879927,42.551178],[-70.87988,42.551278],[-70.879539,42.551193]]]}},{"type":"Feature","properties":{"addr":"20-22 CHAPMAN ST","units":2,"stories":2.5,"mbta":true,"lot_sf":4765,"req_lot_sf":6000,"frontage_ft":140.1,"req_side_ft":10,"over_unit_cap":false,"corner":false,"t_area":"short","t_frontage":"meets","front_ft":6.3,"side_ft":10.0,"rear_ft":5.9,"t_front":"short","t_side":"meets","t_rear":"short","n_short":3,"measured":true},"geometry":{"type":"Polygon","coordinates":[[[-70.879522,42.54999],[-70.879581,42.549857],[-70.879915,42.549933],[-70.879858,42.550065],[-70.879522,42.54999]]]}},{"type":"Feature","properties":{"addr":"17 POND ST","units":1,"stories":1.75,"mbta":true,"lot_sf":5223,"req_lot_sf":6000,"frontage_ft":58.9,"req_side_ft":10,"over_unit_cap":false,"corner":false,"t_area":"short","t_frontage":"meets","front_ft":5.9,"side_ft":1.8,"rear_ft":42.3,"t_front":"short","t_side":"short","t_rear":"meets","n_short":3,"measured":true},"geometry":{"type":"Polygon","coordinates":[[[-70.879674,42.550763],[-70.879549,42.550757],[-70.879521,42.550546],[-70.879545,42.550543],[-70.879756,42.550526],[-70.87978,42.550769],[-70.879674,42.550763]]]}},{"type":"Feature","properties":{"addr":"24 CHAPMAN ST","units":2,"stories":2.75,"mbta":true,"lot_sf":4870,"req_lot_sf":6000,"frontage_ft":50.4,"req_side_ft":10,"over_unit_cap":false,"corner":false,"t_area":"short","t_frontage":"meets","front_ft":0.4,"side_ft":9.6,"rear_ft":16.5,"t_front":"short","t_side":"close","t_rear":"short","n_short":3,"measured":true},"geometry":{"type":"Polygon","coordinates":[[[-70.879458,42.550134],[-70.879522,42.54999],[-70.879858,42.550065],[-70.879826,42.550137],[-70.87972,42.550189],[-70.879458,42.550134]]]}},{"type":"Feature","properties":{"addr":"14 POND ST","units":5,"stories":2.0,"mbta":true,"lot_sf":8364,"req_lot_sf":6000,"frontage_ft":192.3,"req_side_ft":10,"over_unit_cap":false,"corner":false,"t_area":"meets","t_frontage":"meets","front_ft":9.3,"side_ft":33.1,"rear_ft":12.2,"t_front":"short","t_side":"meets","t_rear":"short","n_short":2,"measured":true},"geometry":{"type":"Polygon","coordinates":[[[-70.879453,42.550438],[-70.87945,42.550438],[-70.879446,42.550438],[-70.879443,42.550438],[-70.87944,42.550437],[-70.879436,42.550437],[-70.879433,42.550436],[-70.87943,42.550436],[-70.879427,42.550435],[-70.879424,42.550434],[-70.87942,42.550433],[-70.879417,42.550432],[-70.879414,42.550431],[-70.879411,42.55043],[-70.879408,42.550429],[-70.879405,42.550427],[-70.879403,42.550426],[-70.8794,42.550425],[-70.879397,42.550423],[-70.879395,42.550422],[-70.879392,42.55042],[-70.87939,42.550418],[-70.879387,42.550416],[-70.879385,42.550415],[-70.879383,42.550413],[-70.879381,42.550411],[-70.879378,42.550409],[-70.879377,42.550407],[-70.879375,42.550405],[-70.879373,42.550402],[-70.879371,42.5504],[-70.87937,42.550398],[-70.879368,42.550396],[-70.879367,42.550394],[-70.879366,42.550391],[-70.879365,42.550389],[-70.879364,42.550386],[-70.879363,42.550384],[-70.879362,42.550382],[-70.879362,42.550379],[-70.879361,42.550377],[-70.879361,42.550374],[-70.87936,42.550372],[-70.87936,42.550369],[-70.87936,42.550367],[-70.87936,42.550364],[-70.87936,42.550362],[-70.879361,42.550359],[-70.879361,42.550357],[-70.879362,42.550354],[-70.879362,42.550352],[-70.879363,42.550349],[-70.879364,42.550347],[-70.879365,42.550345],[-70.879458,42.550134],[-70.87972,42.550189],[-70.879705,42.550416],[-70.879482,42.550436],[-70.879477,42.550437],[-70.879473,42.550437],[-70.87947,42.550438],[-70.879467,42.550438],[-70.879463,42.550438],[-70.87946,42.550438],[-70.879457,42.550438],[-70.879453,42.550438]]]}},{"type":"Feature","properties":{"addr":"36 DUNHAM RD","units":31,"stories":1.0,"mbta":false,"lot_sf":138869,"req_lot_sf":93000,"frontage_ft":null,"req_side_ft":10,"over_unit_cap":false,"corner":false,"t_area":"meets","t_frontage":null,"front_ft":null,"side_ft":null,"rear_ft":null,"t_front":null,"t_side":null,"t_rear":null,"n_short":0,"measured":false},"geometry":{"type":"Polygon","coordinates":[[[-70.873497,42.576129],[-70.873563,42.576125],[-70.87363,42.576123],[-70.873697,42.576123],[-70.873764,42.576124],[-70.874763,42.576216],[-70.874806,42.57622],[-70.874828,42.576222],[-70.874854,42.576225],[-70.874878,42.57623],[-70.874896,42.576233],[-70.874918,42.576238],[-70.874935,42.576241],[-70.874952,42.576245],[-70.874967,42.576249],[-70.874983,42.576254],[-70.874998,42.576258],[-70.875016,42.576264],[-70.875037,42.576271],[-70.875057,42.576278],[-70.875076,42.576285],[-70.875097,42.576293],[-70.875118,42.576303],[-70.875138,42.576311],[-70.875155,42.57632],[-70.875172,42.576329],[-70.875187,42.576337],[-70.875205,42.576347],[-70.875223,42.576357],[-70.875239,42.576368],[-70.875251,42.576376],[-70.875264,42.576384],[-70.875275,42.576392],[-70.875289,42.576402],[-70.875304,42.576414],[-70.875319,42.576426],[-70.875336,42.576441],[-70.87535,42.576453],[-70.87536,42.576463],[-70.87537,42.576473],[-70.875379,42.576482],[-70.875392,42.576496],[-70.875403,42.576509],[-70.875413,42.576522],[-70.875421,42.576532],[-70.875431,42.576545],[-70.87545,42.576572],[-70.875457,42.576584],[-70.874645,42.576971],[-70.873772,42.577348],[-70.873497,42.576129]]]}},{"type":"Feature","properties":{"addr":"38 DUNHAM RD","units":31,"stories":1.0,"mbta":false,"lot_sf":73332,"req_lot_sf":93000,"frontage_ft":null,"req_side_ft":10,"over_unit_cap":false,"corner":false,"t_area":"short","t_frontage":null,"front_ft":null,"side_ft":null,"rear_ft":null,"t_front":null,"t_side":null,"t_rear":null,"n_short":1,"measured":false},"geometry":{"type":"Polygon","coordinates":[[[-70.872628,42.576346],[-70.872728,42.576302],[-70.872831,42.576264],[-70.872937,42.576229],[-70.873045,42.5762],[-70.873156,42.576175],[-70.873268,42.576155],[-70.873382,42.576139],[-70.873497,42.576129],[-70.873772,42.577348],[-70.873563,42.577451],[-70.872628,42.576346]]]}}],"updated":"2026-09-28","summary":{"lots":414,"measured":394,"mbta":412,"over_unit_cap":6,"rules":{"area":{"median":4317.0,"meets":82,"close":19,"short":313},"frontage":{"median":49.0,"meets":194,"close":25,"short":183},"front":{"median":4.2,"meets":39,"close":19,"short":336},"side":{"median":3.7,"meets":71,"close":45,"short":278},"rear":{"median":16.6,"meets":173,"close":18,"short":203}},"meets_all_within_tolerance":11}}